alert_adolescent_needs_focus_delayed;The following Children need an Education Focus:\n$LIST$;;;;;;;;;;;Ã‘Ã«Ã¥Ã¤Ã³Ã¾Ã¹Ã¨Ã¥ Ã¤Ã¥Ã²Ã¨ Ã­Ã³Ã¦Ã¤Ã Ã¾Ã²Ã±Ã¿ Ã¢ Ã¢Ã»Ã¡Ã®Ã°Ã¥ Ã®Ã¡Ã°Ã Ã§Ã®Ã¢Ã Ã­Ã¨Ã¿:\n$LIST$;;x
alert_adolescent_needs_focus_instant;Â§Y$NUM$ Children Lack an Education FocusÂ§!;;;;;;;;;;;Â§Y$NUM$ Ã¤Ã¥Ã²Ã¥Ã© Ã­Ã³Ã¦Ã¤Ã Ã¾Ã²Ã±Ã¿ Ã¢ Ã¢Ã»Ã¡Ã®Ã°Ã¥ Ã®Ã¡Ã°Ã Ã§Ã®Ã¢Ã Ã­Ã¨Ã¿Â§!;;x
alert_adolescent_needs_focus_name;Children lack an Edcuation Focus;;;;;;;;;;;Ã„Ã¥Ã²Ã¿Ã¬ Ã­Ã³Ã¦Ã­Ã® Ã®Ã¡Ã°Ã Ã§Ã®Ã¢Ã Ã­Ã¨Ã¥;;x
alert_adult_sons_notitle_delayed;The following adult sons do not hold any land:\n$LIST$;;;;;;;;;;;Ã‘Ã«Ã¥Ã¤Ã³Ã¾Ã¹Ã¨Ã¥ Ã¢Ã§Ã°Ã®Ã±Ã«Ã»Ã¥ Ã±Ã»Ã­Ã®Ã¢Ã¼Ã¿ Ã­Ã¥ Ã¨Ã¬Ã¥Ã¾Ã² Ã§Ã¥Ã¬Ã¥Ã«Ã¼Ã­Ã»Ãµ Ã²Ã¨Ã²Ã³Ã«Ã®Ã¢:\n$LIST$;;x
alert_adult_sons_notitle_instant;Â§YUnlanded SonsÂ§!;;;;;;;;;;;Â§YÃÃ¥Ã§Ã§Ã¥Ã¬Ã¥Ã«Ã¼Ã­Ã»Ã¥ Ã±Ã»Ã­Ã®Ã¢Ã¼Ã¿Â§!;;x
alert_adult_sons_notitle_name;Unlanded sons;;;;;;;;;;;ÃÃ¥Ã§Ã§Ã¥Ã¬Ã¥Ã«Ã¼Ã­Ã»Ã¥ Ã±Ã»Ã­Ã®Ã¢Ã¼Ã¿;;x
alert_adventurer_threat_delayed;The following adventurers are targeting me:\n$LIST$;;;;;;;;;;;Ã€Ã¢Ã Ã­Ã²Ã¾Ã°Ã¨Ã±Ã²Ã», Ã¢Ã»Ã±Ã²Ã³Ã¯Ã Ã¾Ã¹Ã¨Ã¥ Ã¯Ã°Ã®Ã²Ã¨Ã¢ Ã¬Ã¥Ã­Ã¿:\n$LIST$;;x
alert_adventurer_threat_instant;Â§YAdventurer ThreatsÂ§!;;;;;;;;;;;Â§YÃ“Ã£Ã°Ã®Ã§Ã» Ã Ã¢Ã Ã­Ã²Ã¾Ã°Ã¨Ã±Ã²Ã®Ã¢Â§!;;x
alert_adventurer_threat_name;Adventurers Targeting me;;;;;;;;;;;Ã€Ã¢Ã Ã­Ã²Ã¾Ã°Ã¨Ã±Ã²Ã» Ã£Ã®Ã²Ã®Ã¢Ã¿Ã² Ã¢Ã®Ã©Ã±ÃªÃ ;;x
alert_allies_not_called_in_delayed;We can ask the following allies to support us:\n$LIST$;;;;;;;;;;;ÃŒÃ» Ã¬Ã®Ã¦Ã¥Ã¬ Ã¯Ã®Ã¯Ã°Ã®Ã±Ã¨Ã²Ã¼ Ã±Ã«Ã¥Ã¤Ã³Ã¾Ã¹Ã¨Ãµ Ã±Ã®Ã¾Ã§Ã­Ã¨ÃªÃ®Ã¢ Ã¯Ã®Ã¤Ã¤Ã¥Ã°Ã¦Ã Ã²Ã¼ Ã­Ã Ã± :\n$LIST$;;x
alert_allies_not_called_in_instant;Â§YWe can Call in AlliesÂ§!;;;;;;;;;;;Â§YÃŒÃ» Ã¬Ã®Ã¦Ã¥Ã¬ Ã¯Ã°Ã¨Ã§Ã¢Ã Ã²Ã¼ Ã±Ã®Ã¾Ã§Ã­Ã¨ÃªÃ®Ã¢Â§!;;x
alert_allies_not_called_in_name;We can call in allies;;;;;;;;;;;ÃŒÃ» Ã¬Ã®Ã¦Ã¥Ã¬ Ã¯Ã°Ã¨Ã§Ã¢Ã Ã²Ã¼ Ã±Ã®Ã¾Ã§Ã­Ã¨ÃªÃ®Ã¢;;x
alert_at_peace_prestige_loss_delayed;As a Â§Y$RELIGION$ PaganÂ§!, you lose Â§R$PRESTIGE$Â§! Prestige every month for being at peace and doing no raiding.;;;;;;;;;;;ÃÃ®Ã±ÃªÃ®Ã«Ã¼ÃªÃ³ Â§Y$RELIGION$[__]Â§! Ã¿Ã¢Ã«Ã¿Ã¥Ã²Ã±Ã¿ Â§YÃ¿Ã§Ã»Ã·Ã¥Ã±Ã²Ã¢Ã®Ã¬Â§!, Ã‚Ã» Ã²Ã¥Ã°Ã¿Ã¥Ã²Ã¥ Â§R$PRESTIGE$Â§! Ã¯Ã°Ã¥Ã±Ã²Ã¨Ã¦Ã  ÃªÃ Ã¦Ã¤Ã»Ã© Ã¬Ã¥Ã±Ã¿Ã¶, Ã¯Ã®ÃªÃ  Ã­Ã ÃµÃ®Ã¤Ã¨Ã²Ã¥Ã±Ã¼ Ã¢ Ã±Ã®Ã±Ã²Ã®Ã¿Ã­Ã¨Ã¨ Ã¬Ã¨Ã°Ã  Ã¨ Ã­Ã¥ Ã±Ã®Ã¢Ã¥Ã°Ã¸Ã Ã¥Ã²Ã¥ Ã­Ã Ã¡Ã¥Ã£Ã¨.;;x
alert_at_peace_prestige_loss_instant;Â§YYou have been at peace for too long!Â§!;;;;;;;;;;;Â§YÃ‚Ã» Ã¡Ã»Ã«Ã¨ Ã¢ Ã¬Ã¨Ã°Ã¥ Ã±Ã«Ã¨Ã¸ÃªÃ®Ã¬ Ã¤Ã®Ã«Ã£Ã®!Â§!;;x
alert_at_peace_prestige_loss_name;Long Peace;;;;;;;;;;;Ã„Ã®Ã«Ã£Ã¨Ã© Ã¬Ã¨Ã°;;x
alert_available_decision_delayed;The following important Decisions are available:\n$LIST$;;;;;;;;;;;Ã„Ã®Ã±Ã²Ã³Ã¯Ã­Ã» Ã±Ã«Ã¥Ã¤Ã³Ã¾Ã¹Ã¨Ã¥ Ã¢Ã Ã¦Ã­Ã»Ã¥ Ã°Ã¥Ã¸Ã¥Ã­Ã¨Ã¿:\n$LIST$;;x
alert_available_decision_instant;Â§YNew Important Decisions are AvailableÂ§!;;;;;;;;;;;Â§YÃ„Ã®Ã±Ã²Ã³Ã¯Ã­Ã» Ã­Ã®Ã¢Ã»Ã¥ Ã°Ã¥Ã¸Ã¥Ã­Ã¨Ã¿Â§!;;x
alert_available_decision_name;Important Decisions;;;;;;;;;;;Ã‚Ã Ã¦Ã­Ã»Ã¥ Ã°Ã¥Ã¸Ã¥Ã­Ã¨Ã¿;;x
alert_available_minor_title_delayed;The following Special Minor Titles can be granted:\n$LIST$;;;;;;;;;;;ÃŒÃ®Ã£Ã³Ã² Ã¡Ã»Ã²Ã¼ Ã¤Ã Ã°Ã®Ã¢Ã Ã­Ã» Ã±Ã«Ã¥Ã¤Ã³Ã¾Ã¹Ã¨Ã¥ Ã±Ã¯Ã¥Ã¶Ã¨Ã Ã«Ã¼Ã­Ã»Ã¥ Ã²Ã¨Ã²Ã³Ã«Ã»:\n$LIST$;;x
alert_available_minor_title_instant;Â§YSpecial Minor Titles GrantableÂ§!;;;;;;;;;;;Â§YÃ„Ã®Ã±Ã²Ã³Ã¯Ã­Ã» Ã±Ã¯Ã¥Ã¶Ã¨Ã Ã«Ã¼Ã­Ã»Ã¥ Ã²Ã¨Ã²Ã³Ã«Ã»Â§!;;x
alert_available_minor_title_name;Available Minor Title;;;;;;;;;;;Ã„Ã®Ã±Ã²Ã³Ã¯Ã¥Ã­ Ã¯Ã®Ã·Â¸Ã²Ã­Ã»Ã© Ã²Ã¨Ã²Ã³Ã«;;x
alert_available_plot_delayed;The following Plots have become available:\n$LIST$;;;;;;;;;;;Ã„Ã®Ã±Ã²Ã³Ã¯Ã­Ã» Ã±Ã«Ã¥Ã¤Ã³Ã¾Ã¹Ã¨Ã¥ Ã§Ã Ã£Ã®Ã¢Ã®Ã°Ã»:\n$LIST$;;x
alert_available_plot_instant;Â§YNew Plots are AvailableÂ§!;;;;;;;;;;;Â§YÃ„Ã®Ã±Ã²Ã³Ã¯Ã­Ã» Ã­Ã®Ã¢Ã»Ã¥ Ã§Ã Ã£Ã®Ã¢Ã®Ã°Ã»Â§!;;x
alert_available_plot_name;New plots available;;;;;;;;;;;Ã„Ã®Ã±Ã²Ã³Ã¯Ã­Ã» Ã­Ã®Ã¢Ã»Ã¥ Ã§Ã Ã£Ã®Ã¢Ã®Ã°Ã»;;x
alert_available_settlement_decision_delayed;The following Special Holding Actions are available:\n$LIST$;;;;;;;;;;;Ã„Ã®Ã±Ã²Ã³Ã¯Ã­Ã» Ã±Ã«Ã¥Ã¤Ã³Ã¾Ã¹Ã¨Ã¥ Ã®Ã±Ã®Ã¡Ã»Ã¥ Ã¤Ã¥Ã©Ã±Ã²Ã¢Ã¨Ã¿ Ã± Ã¯Ã®Ã±Ã¥Ã«Ã¥Ã­Ã¨Ã¿Ã¬Ã¨:\n$LIST$;;x
alert_available_settlement_decision_instant;Â§YSpecial Holding Actions PossibleÂ§!;;;;;;;;;;;Â§YÃÃ±Ã®Ã¡Ã»Ã¥ Ã¤Ã¥Ã©Ã±Ã²Ã¢Ã¨Ã¿ Ã± Ã¯Ã®Ã±Ã¥Ã«Ã¥Ã­Ã¨Ã¿Ã¬Ã¨Â§!;;x
alert_available_settlement_decision_name;Special Holding Actions Possible;;;;;;;;;;;Ã„Ã®Ã±Ã²Ã³Ã¯Ã­Ã» Ã®Ã±Ã®Ã¡Ã»Ã¥ Ã¤Ã¥Ã©Ã±Ã²Ã¢Ã¨Ã¿ Ã± Ã¯Ã®Ã±Ã¥Ã«Ã¥Ã­Ã¨Ã¿Ã¬Ã¨;;x
alert_available_targetted_decision_delayed;The following Special Character Actions are available:\n$LIST$;;;;;;;;;;;Ã„Ã®Ã±Ã²Ã³Ã¯Ã­Ã» Ã±Ã«Ã¥Ã¤Ã³Ã¾Ã¹Ã¨Ã¥ Ã®Ã±Ã®Ã¡Ã»Ã¥ Ã¤Ã¥Ã©Ã±Ã²Ã¢Ã¨Ã¿ Ã± Ã«Ã¾Ã¤Ã¼Ã¬Ã¨:\n$LIST$;;x
alert_available_targetted_decision_instant;Â§YSpecial Character Actions PossibleÂ§!;;;;;;;;;;;Â§YÃÃ±Ã®Ã¡Ã»Ã¥ Ã¤Ã¥Ã©Ã±Ã²Ã¢Ã¨Ã¿ Ã± Ã«Ã¾Ã¤Ã¼Ã¬Ã¨Â§!;;x
alert_available_targetted_decision_name;Special Character Actions Possible;;;;;;;;;;;Ã„Ã®Ã±Ã²Ã³Ã¯Ã­Ã» Ã®Ã±Ã®Ã¡Ã»Ã¥ Ã¤Ã¥Ã©Ã±Ã²Ã¢Ã¨Ã¿ Ã± Ã«Ã¾Ã¤Ã¼Ã¬Ã¨;;x
alert_available_title_decision_delayed;The following Special Title Actions are available:\n$LIST$;;;;;;;;;;;Ã„Ã®Ã±Ã²Ã³Ã¯Ã­Ã» Ã±Ã«Ã¥Ã¤Ã³Ã¾Ã¹Ã¨Ã¥ Ã®Ã±Ã®Ã¡Ã»Ã¥ Ã¤Ã¥Ã©Ã±Ã²Ã¢Ã¨Ã¿ Ã± Ã²Ã¨Ã²Ã³Ã«Ã Ã¬Ã¨:\n$LIST$;;x
alert_available_title_decision_instant;Â§YSpecial Title Actions PossibleÂ§!;;;;;;;;;;;Â§YÃÃ±Ã®Ã¡Ã»Ã¥ Ã¤Ã¥Ã©Ã±Ã²Ã¢Ã¨Ã¿ Ã± Ã²Ã¨Ã²Ã³Ã«Ã Ã¬Ã¨Â§!;;x
alert_available_title_decision_name;Special Title Actions Possible;;;;;;;;;;;Ã„Ã®Ã±Ã²Ã³Ã¯Ã­Ã» Ã®Ã±Ã®Ã¡Ã»Ã¥ Ã¤Ã¥Ã©Ã±Ã²Ã¢Ã¨Ã¿ Ã± Ã²Ã¨Ã²Ã³Ã«Ã Ã¬Ã¨;;x
alert_beneficiary_needed_delayed;As a participant in the ongoing Crusade, a beneficiary should be selected so that when the inevitable victory occurs, our dynasty may share in the spoils.;;;;;;;;;;;ÃŠÃ Ãª Ã³Ã·Ã Ã±Ã²Ã­Ã¨Ãª Ã¯Ã°Ã®Ã¤Ã®Ã«Ã¦Ã Ã¾Ã¹Ã¥Ã£Ã®Ã±Ã¿ ÃŠÃ°Ã¥Ã±Ã²Ã®Ã¢Ã®Ã£Ã® Ã¯Ã®ÃµÃ®Ã¤Ã , Ã‚Ã» Ã¤Ã®Ã«Ã¦Ã­Ã» Ã¢Ã»Ã¡Ã°Ã Ã²Ã¼ Ã¡Ã¥Ã­Ã¥Ã´Ã¨Ã¶Ã¨Ã Ã°Ã , Ã·Ã²Ã®Ã¡Ã» Ã¢ Ã±Ã«Ã³Ã·Ã Ã¥ Ã¯Ã®Ã¡Ã¥Ã¤Ã» Ã‚Ã Ã¸Ã  Ã¤Ã¨Ã­Ã Ã±Ã²Ã¨Ã¿ Ã¬Ã®Ã£Ã«Ã  Ã¯Ã®Ã«Ã³Ã·Ã¨Ã²Ã¼ Ã·Ã Ã±Ã²Ã¼ Ã¤Ã®Ã¡Ã»Ã·Ã¨.;;x
alert_beneficiary_needed_instant;Â§YCrusade Beneficiary not SelectedÂ§!;;;;;;;;;;;Â§YÃÃ¥Ã­Ã¥Ã´Ã¨Ã¶Ã¨Ã Ã° ÃªÃ°Ã¥Ã±Ã²Ã®Ã¢Ã®Ã£Ã® Ã¯Ã®ÃµÃ®Ã¤Ã  Ã­Ã¥ Ã¢Ã»Ã¡Ã°Ã Ã­Â§!;;x
alert_betrothed_should_marry_delayed;The following betrothed characters can get married:\n$LIST$;;;;;;;;;;;ÃÃ®Ã¬Ã®Ã«Ã¢Ã«Ã¥Ã­Ã­Ã»Ã¥ Ã¬Ã®Ã£Ã³Ã² Ã¯Ã®Ã¦Ã¥Ã­Ã¨Ã²Ã¼Ã±Ã¿:\n$LIST$;;x
alert_betrothed_should_marry_instant;Â§YBetrothed can MarryÂ§!;;;;;;;;;;;Â§YÃÃ®Ã¬Ã®Ã«Ã¢Ã«Ã¥Ã­Ã­Ã»Ã¥ Ã¬Ã®Ã£Ã³Ã² Ã¯Ã®Ã¦Ã¥Ã­Ã¨Ã²Ã¼Ã±Ã¿Â§!;;x
alert_betrothed_should_marry_name;Betrothed can marry;;;;;;;;;;;ÃÃ®Ã¬Ã®Ã«Ã¢Ã«Ã¥Ã­Ã­Ã»Ã¥ Ã¬Ã®Ã£Ã³Ã² Ã¯Ã®Ã¦Ã¥Ã­Ã¨Ã²Ã¼Ã±Ã¿;;x
alert_build_province_improvement_delayed;$LIST$;;;;;;;;;;;$LIST$;;x
alert_build_province_improvement_instant;Â§YYou can build county improvements!Â§!;;;;;;;;;;;Â§YÃ‚Ã» Ã¬Ã®Ã¦Ã¥Ã²Ã¥ Ã­Ã Ã·Ã Ã²Ã¼ Ã±Ã²Ã°Ã®Ã¨Ã²Ã¥Ã«Ã¼Ã±Ã²Ã¢Ã® Ã¢ Ã®ÃªÃ°Ã³Ã£Ã Ãµ:Â§!;;x
alert_build_province_improvement_name;Can build county improvements;;;;;;;;;;;Ã‚Ã» Ã¬Ã®Ã¦Ã¥Ã²Ã¥ Ã­Ã Ã·Ã Ã²Ã¼ Ã±Ã²Ã°Ã®Ã¨Ã²Ã¥Ã«Ã¼Ã±Ã²Ã¢Ã® Ã¢ Ã®ÃªÃ°Ã³Ã£Ã¥;;x
alert_can_call_vassals_to_arms_delayed;The following vassals can join our war against our former liege:\n$LIST$;;;;;;;;;;;Ã‘Ã«Ã¥Ã¤Ã³Ã¾Ã¹Ã¨Ã¥ Ã¢Ã Ã±Ã±Ã Ã«Ã» Ã¬Ã®Ã£Ã³Ã² Ã¯Ã°Ã¨Ã±Ã®Ã¥Ã¤Ã¨Ã­Ã¨Ã²Ã¼Ã±Ã¿ Ãª Ã¢Ã®Ã©Ã­Ã¥ Ã¯Ã°Ã®Ã²Ã¨Ã¢ Ã­Ã Ã¸Ã¥Ã£Ã® Ã¡Ã»Ã¢Ã¸Ã¥Ã£Ã® Ã±Ã¾Ã§Ã¥Ã°Ã¥Ã­Ã :\n$LIST$;;x
alert_can_call_vassals_to_arms_instant;Â§YWe can call in vassals of our former liegeÂ§!;;;;;;;;;;;Â§YÃŒÃ» Ã¬Ã®Ã¦Ã¥Ã¬ Ã¯Ã°Ã¨Ã§Ã¢Ã Ã²Ã¼ Ã¢Ã Ã±Ã±Ã Ã«Ã®Ã¢ Ã­Ã Ã¸Ã¥Ã£Ã® Ã¡Ã»Ã¢Ã¸Ã¥Ã£Ã® Ã±Ã¾Ã§Ã¥Ã°Ã¥Ã­Ã Â§!;;x
alert_can_call_vassals_to_arms_name;Can call vassals of former liege;;;;;;;;;;;ÃŒÃ®Ã¦Ã­Ã® Ã¯Ã°Ã¨Ã§Ã¢Ã Ã²Ã¼ Ã¢Ã Ã±Ã±Ã Ã«Ã®Ã¢ Ã¡Ã»Ã¢Ã¸Ã¥Ã£Ã® Ã±Ã¾Ã§Ã¥Ã°Ã¥Ã­Ã ;;x
alert_can_imprison_delayed;You can imprison subjects without incurring tyranny. Note that an empowered council might still object.\n$LIST$;;;;;;;;;;;Ã‚Ã» Ã¬Ã®Ã¦Ã¥Ã²Ã¥ Ã¡Ã°Ã®Ã±Ã¨Ã²Ã¼ Ã½Ã²Ã¨Ãµ Ã«Ã¾Ã¤Ã¥Ã© Ã¢ Ã²Ã¥Ã¬Ã­Ã¨Ã¶Ã³, Ã­Ã¥ Ã¯Ã°Ã®Ã±Ã«Ã»Ã¢ Ã²Ã¨Ã°Ã Ã­Ã®Ã¬, Ã­Ã® Ã³Ã·Ã²Ã¨Ã²Ã¥, Ã·Ã²Ã® Â§YÃ±Ã®Ã¢Ã¥Ã²Â§! Ã¬Ã®Ã¦Ã¥Ã² Ã‚Ã Ã¬ Ã¢Ã®Ã§Ã°Ã Ã§Ã¨Ã²Ã¼.\n$LIST$;;x
alert_can_imprison_instant;Â§YRighteous ImprisonmentÂ§!;;;;;;;;;;;Â§YÃ‘Ã¯Ã°Ã Ã¢Ã¥Ã¤Ã«Ã¨Ã¢Ã®Ã¥ Ã­Ã ÃªÃ Ã§Ã Ã­Ã¨Ã¥Â§!;;x
alert_can_imprison_name;Righteous imprisonment;;;;;;;;;;;Ã‘Ã¯Ã°Ã Ã¢Ã¥Ã¤Ã«Ã¨Ã¢Ã®Ã¥ Ã­Ã ÃªÃ Ã§Ã Ã­Ã¨Ã¥;;x
alert_can_press_weak_claims_delayed;The following Weak Claims can be pressed:\n$LIST$;;;;;;;;;;;Ã‘Ã«Ã¥Ã¤Ã³Ã¾Ã¹Ã¨Ã¥ Ã±Ã«Ã Ã¡Ã»Ã¥ Ã¯Ã°Ã¥Ã²Ã¥Ã­Ã§Ã¨Ã¨ Ã¬Ã®Ã£Ã³Ã² Ã¡Ã»Ã²Ã¼ Ã°Ã¥Ã Ã«Ã¨Ã§Ã®Ã¢Ã Ã­Ã»:\n$LIST$;;x
alert_can_press_weak_claims_instant;Â§Y$NUM$ Weak Claim(s) can be pressedÂ§!;;;;;;;;;;;Â§Y$NUM$ Ã±Ã«Ã Ã¡Ã»Ãµ Ã¯Ã°Ã¥Ã²Ã¥Ã­Ã§Ã¨Ã© Ã¬Ã®Ã£Ã³Ã² Ã¡Ã»Ã²Ã¼ Ã°Ã¥Ã Ã«Ã¨Ã§Ã®Ã¢Ã Ã­Ã»Â§!;;x
alert_can_press_weak_claims_name;Can press weak claim;;;;;;;;;;;ÃˆÃ¬Ã¥Ã¥Ã² Ã±Ã«Ã Ã¡Ã»Ã¥ Ã¯Ã°Ã¥Ã²Ã¥Ã­Ã§Ã¨Ã¨;;x
alert_can_reform_religion_delayed;The Â§Y$RELIGION$Â§! faith can be reformed into an organized religion;;;;;;;;;;;Â§Y$RELIGION$[__]Â§! Ã¬Ã®Ã¦Ã¥Ã² Ã±Ã²Ã Ã²Ã¼ Ã®Ã°Ã£Ã Ã­Ã¨Ã§Ã®Ã¢Ã Ã­Ã­Ã®Ã© Ã°Ã¥Ã«Ã¨Ã£Ã¨Ã¥Ã©;;x
alert_can_reform_religion_instant;Â§YReligion can be ReformedÂ§!;;;;;;;;;;;Â§YÃÃ¥Ã«Ã¨Ã£Ã¨Ã¾ Ã¬Ã®Ã¦Ã­Ã® Ã°Ã¥Ã´Ã®Ã°Ã¬Ã¨Ã°Ã®Ã¢Ã Ã²Ã¼Â§!;;x
alert_can_reform_religion_name;Â§YReligion can be ReformedÂ§!;;;;;;;;;;;Â§YÃÃ¥Ã«Ã¨Ã£Ã¨Ã¾ Ã¬Ã®Ã¦Ã­Ã® Ã°Ã¥Ã´Ã®Ã°Ã¬Ã¨Ã°Ã®Ã¢Ã Ã²Ã¼Â§!;;x
alert_can_tech_delayed;You have enough Technology Points in a Technology Group to invest in any of its advances;;;;;;;;;;;Ã“ Ã‚Ã Ã± Ã¤Ã®Ã±Ã²Ã Ã²Ã®Ã·Ã­Ã®Ã¥ ÃªÃ®Ã«Ã¨Ã·Ã¥Ã±Ã²Ã¢Ã® Ã¡Ã Ã«Ã«Ã®Ã¢ Ã²Ã¥ÃµÃ­Ã®Ã«Ã®Ã£Ã¨Ã·Ã¥Ã±ÃªÃ®Ã© Ã£Ã°Ã³Ã¯Ã¯Ã», Ã·Ã²Ã®Ã¡Ã» Ã¨Ã­Ã¢Ã¥Ã±Ã²Ã¨Ã°Ã®Ã¢Ã Ã²Ã¼ Ã¢ Ã«Ã¾Ã¡Ã®Ã¥ Ã¨Ã±Ã±Ã«Ã¥Ã¤Ã®Ã¢Ã Ã­Ã¨Ã¥;;x
alert_can_tech_instant;Â§YYou should Invest in a Technological AdvanceÂ§!;;;;;;;;;;;Â§YÃ‚Ã» Ã¤Ã®Ã«Ã¦Ã­Ã» Ã¨Ã­Ã¢Ã¥Ã±Ã²Ã¨Ã°Ã®Ã¢Ã Ã²Ã¼ Ã¢ Ã²Ã¥ÃµÃ­Ã®Ã«Ã®Ã£Ã¨Ã·Ã¥Ã±ÃªÃ¨Ã© Ã¯Ã°Ã®Ã£Ã°Ã¥Ã±Ã±Â§!;;x
alert_can_tech_name;You can invest in technology;;;;;;;;;;;Ã‚Ã» Ã¬Ã®Ã¦Ã¥Ã²Ã¥ Ã¨Ã­Ã¢Ã¥Ã±Ã²Ã¨Ã°Ã®Ã¢Ã Ã²Ã¼ Ã¢ Ã²Ã¥ÃµÃ­Ã®Ã«Ã®Ã£Ã¨Ã¨;;x
alert_casus_belli_will_expire_delayed;$LIST$.;;;;;;;;;;;$LIST$.;;x
alert_casus_belli_will_expire_instant;Â§YTemporary Casus belli against:Â§!;;;;;;;;;;;Â§YÃˆÃ±Ã²Ã¥ÃªÃ Ã¥Ã² Ã±Ã°Ã®Ãª Ã¯Ã®Ã¢Ã®Ã¤Ã  Ã¤Ã«Ã¿ Ã¢Ã®Ã©Ã­Ã»:Â§!;;x
alert_casus_belli_will_expire_name;Temporary Casus belli;;;;;;;;;;;ÃˆÃ±Ã²Ã¥ÃªÃ Ã¥Ã² Ã±Ã°Ã®Ãª Ã¯Ã®Ã¢Ã®Ã¤Ã  Ã¤Ã«Ã¿ Ã¢Ã®Ã©Ã­Ã»;;x
alert_child_needs_focus_delayed;The following Children need a Childhood Focus:\n$LIST$;;;;;;;;;;;Ã‘Ã«Ã¥Ã¤Ã³Ã¾Ã¹Ã¨Ã¥ Ã¤Ã¥Ã²Ã¨ Ã­Ã³Ã¦Ã¤Ã Ã¾Ã²Ã±Ã¿ Ã¢ Ã¢Ã»Ã¡Ã®Ã°Ã¥ Ã²Ã¨Ã¯Ã  Ã¢Ã®Ã±Ã¯Ã¨Ã²Ã Ã­Ã¨Ã¿:\n$LIST$;;x
alert_child_needs_focus_instant;Â§Y$NUM$ Children Lack a Childhood FocusÂ§!;;;;;;;;;;;Â§Y$NUM$ Ã¤Ã¥Ã²Ã¥Ã© Ã­Ã³Ã¦Ã¤Ã Ã¾Ã²Ã±Ã¿ Ã¢ Ã¢Ã»Ã¡Ã®Ã°Ã¥ Ã²Ã¨Ã¯Ã  Ã¢Ã®Ã±Ã¯Ã¨Ã²Ã Ã­Ã¨Ã¿Â§!;;x
alert_child_needs_focus_name;Children lack a Childhood Focus;;;;;;;;;;;Ã„Ã¥Ã²Ã¿Ã¬ Ã­Ã³Ã¦Ã­Ã® Ã¢Ã®Ã±Ã¯Ã¨Ã²Ã Ã­Ã¨Ã¥;;x
alert_close_gates_delayed;When an epidemic is threatening your court, you can shut the gates. Characters in seclusion will have a hard time communicating with the outside world but should avoid infection from outside sources.;;;;;;;;;;;ÃŠÃ®Ã£Ã¤Ã  Ã½Ã¯Ã¨Ã¤Ã¥Ã¬Ã¨Ã¿ Ã³Ã£Ã°Ã®Ã¦Ã Ã¥Ã² Ã‚Ã Ã¸Ã¥Ã¬Ã³ Ã¤Ã¢Ã®Ã°Ã³, Ã‚Ã» Ã¬Ã®Ã¦Ã¥Ã²Ã¥ Ã§Ã ÃªÃ°Ã»Ã²Ã¼ Ã¢Ã®Ã°Ã®Ã²Ã . Ã‚Ã»Ã­Ã³Ã¦Ã¤Ã¥Ã­Ã­Ã»Ã¥ Ã­Ã ÃµÃ®Ã¤Ã¨Ã²Ã¼Ã±Ã¿ Ã¢ Ã¨Ã§Ã®Ã«Ã¿Ã¶Ã¨Ã¨, Ã¯Ã°Ã¨Ã¤Ã¢Ã®Ã°Ã­Ã»Ã¥ Ã¡Ã³Ã¤Ã³Ã² Ã¨Ã±Ã¯Ã»Ã²Ã»Ã¢Ã Ã²Ã¼ Ã²Ã°Ã³Ã¤Ã­Ã®Ã±Ã²Ã¨ Ã¢Ã® Ã¢Ã§Ã Ã¨Ã¬Ã®Ã¤Ã¥Ã©Ã±Ã²Ã¢Ã¨Ã¨ Ã± Ã¢Ã­Ã¥Ã¸Ã­Ã¨Ã¬ Ã¬Ã¨Ã°Ã®Ã¬, Ã­Ã® Ã¡Ã³Ã¤Ã³Ã² Ã£Ã®Ã°Ã Ã§Ã¤Ã® Ã«Ã³Ã·Ã¸Ã¥ Ã§Ã Ã¹Ã¨Ã¹Ã¥Ã­Ã» Ã®Ã² Ã¨Ã­Ã´Ã¥ÃªÃ¶Ã¨Ã¨.;;x
alert_close_gates_instant;Â§YYou can Shut the GatesÂ§!;;;;;;;;;;;Â§YÃ‚Ã» Ã¬Ã®Ã¦Ã¥Ã²Ã¥ Ã§Ã ÃªÃ°Ã»Ã²Ã¼ Ã¢Ã®Ã°Ã®Ã²Ã Â§!;;x
alert_close_gates_name;Close the Gates;;;;;;;;;;;Ã‡Ã ÃªÃ°Ã»Ã²Ã¼ Ã¢Ã®Ã°Ã®Ã²Ã ;;x
alert_coronation_needed_delayed;A [Root.Religion.GetName] ruler who has not been officially crowned by a notable member of the Church will never be fully accepted by [Root.GetHerHis] vassals as legitimate.\nThe more years an adult [Root.Religion.GetName] [Root.GetTitle] wastes before being anointed, the more likely [Root.GetHerHis] vassals will be to doubt the validity of [Root.GetHerHis] divine right to rule.;;;;;;;;;;;ÃÃ°Ã Ã¢Ã¨Ã²Ã¥Ã«Ã¼-[Root.GetReligionAdherent_M], ÃªÃ®Ã²Ã®Ã°Ã»Ã© Ã­Ã¥ Ã¡Ã»Ã« Ã®Ã´Ã¨Ã¶Ã¨Ã Ã«Ã¼Ã­Ã® ÃªÃ®Ã°Ã®Ã­Ã®Ã¢Ã Ã­ Ã³Ã¢Ã Ã¦Ã Ã¥Ã¬Ã»Ã¬ Ã¯Ã°Ã¥Ã¤Ã±Ã²Ã Ã¢Ã¨Ã²Ã¥Ã«Ã¥Ã¬ Ã¤Ã³ÃµÃ®Ã¢Ã¥Ã­Ã±Ã²Ã¢Ã , Ã­Ã¨ÃªÃ®Ã£Ã¤Ã  Ã­Ã¥ Ã¡Ã³Ã¤Ã¥Ã² Ã¯Ã°Ã¨Ã§Ã­Ã Ã­ Ã±Ã¢Ã®Ã¨Ã¬Ã¨ Ã¢Ã Ã±Ã±Ã Ã«Ã Ã¬Ã¨ ÃªÃ Ãª Ã§Ã ÃªÃ®Ã­Ã­Ã»Ã©.\nÃ—Ã¥Ã¬ Ã¤Ã®Ã«Ã¼Ã¸Ã¥ Ã­Ã®Ã¢Ã»Ã© Ã±Ã®Ã¢Ã¥Ã°Ã¸Ã¥Ã­Ã­Ã®Ã«Ã¥Ã²Ã­Ã¨Ã© [Root.GetRelAdj]Ã±ÃªÃ¨Ã© Ã¬Ã®Ã­Ã Ã°Ãµ Ã¡Ã³Ã¤Ã¥Ã² Ã¡Ã¥Ã§ ÃªÃ®Ã°Ã®Ã­Ã», Ã²Ã¥Ã¬ Ã¢Ã¥Ã°Ã®Ã¿Ã²Ã­Ã¥Ã¥, Ã·Ã²Ã® Ã¢Ã Ã±Ã±Ã Ã«Ã» Ã®Ã±Ã¯Ã®Ã°Ã¿Ã² Ã¥Ã£Ã® Ã¯Ã°Ã Ã¢Ã® Ã­Ã  Ã²Ã°Ã®Ã­.;;x
alert_coronation_needed_instant;Â§YRuler UncrownedÂ§!;;;;;;;;;;;Â§YÃÃ°Ã Ã¢Ã¨Ã²Ã¥Ã«Ã¼ Ã­Ã¥ÃªÃ®Ã°Ã®Ã­Ã®Ã¢Ã Ã­Â§!;;x
alert_council_discontent_delayed;Your Council has been Discontent for $DISCONTENT_DURATION|Y$ month(s), and will be until Â§Y$DISCONTENT_END_DATE$Â§!. This means that if Councilors were prohibited by law from forming and joining factions, they may now do so. This could potentially destabilize the realm.;;;;;;;;;;;Ã‚Ã Ã¸ Ã±Ã®Ã¢Ã¥Ã² Ã­Ã¥Ã¤Ã®Ã¢Ã®Ã«Ã¥Ã­ Ã³Ã¦Ã¥ $DISCONTENT_DURATION|Y$ Ã¬Ã¥Ã±Ã¿Ã¶Ã¥Ã¢ Ã¨ Ã¡Ã³Ã¤Ã¥Ã² Ã­Ã¥Ã¤Ã®Ã¢Ã®Ã«Ã¥Ã­ Ã¤Ã® Â§Y$DISCONTENT_END_DATE$Â§!. ÃÃ²Ã® Ã®Ã§Ã­Ã Ã·Ã Ã¥Ã², Ã·Ã²Ã® Ã¢ Ã²Ã®Ã¬ Ã±Ã«Ã³Ã·Ã Ã¥, Ã¥Ã±Ã«Ã¨ Ã±Ã®Ã¢Ã¥Ã²Ã­Ã¨ÃªÃ Ã¬ Ã§Ã Ã¯Ã°Ã¥Ã¹Ã¥Ã­Ã® Ã§Ã ÃªÃ®Ã­Ã®Ã¬ Ã´Ã®Ã°Ã¬Ã¨Ã°Ã®Ã¢Ã Ã²Ã¼ Ã­Ã®Ã¢Ã»Ã¥ Ã´Ã°Ã ÃªÃ¶Ã¨Ã¨ Ã¨ Ã¢Ã±Ã²Ã³Ã¯Ã Ã²Ã¼ Ã¢ Ã±Ã³Ã¹Ã¥Ã±Ã²Ã¢Ã³Ã¾Ã¹Ã¨Ã¥, Ã²Ã¥Ã¯Ã¥Ã°Ã¼ Ã®Ã­Ã¨ Ã¬Ã®Ã£Ã³Ã² Ã½Ã²Ã® Ã¤Ã¥Ã«Ã Ã²Ã¼, Ã¯Ã®Ã¤Ã°Ã»Ã¢Ã Ã¿ Ã²Ã¥Ã¬ Ã±Ã Ã¬Ã»Ã¬ Ã‚Ã Ã¸Ã³ Ã¢Ã«Ã Ã±Ã²Ã¼ Ã¨ Ã¶Ã¥Ã«Ã®Ã±Ã²Ã­Ã®Ã±Ã²Ã¼ Ã£Ã®Ã±Ã³Ã¤Ã Ã°Ã±Ã²Ã¢Ã .;;x
alert_council_discontent_instant;Â§YCouncil is DiscontentÂ§!;;;;;;;;;;;Â§YÃ‘Ã®Ã¢Ã¥Ã² Ã­Ã¥Ã¤Ã®Ã¢Ã®Ã«Ã¥Ã­Â§!;;x
alert_council_discontent_name;Council Discontent;;;;;;;;;;;Ã‚Ã Ã¸ Ã±Ã®Ã¢Ã¥Ã² Ã­Ã¥Ã¤Ã®Ã¢Ã®Ã«Ã¥Ã­;;x
alert_councillor_no_job_delayed;The following councilors are currently not on a job:\n$LIST$\nÂ§GClick to go to Court ViewÂ§!;;;;;;;;;;;Ã‘Ã«Ã¥Ã¤Ã³Ã¾Ã¹Ã¨Ã¥ Ã±Ã®Ã¢Ã¥Ã²Ã­Ã¨ÃªÃ¨ Ã­Ã  Ã¤Ã Ã­Ã­Ã»Ã© Ã¬Ã®Ã¬Ã¥Ã­Ã² Ã­Ã¥ Ã§Ã Ã­Ã¿Ã²Ã»:\n$LIST$\nÂ§GÃŠÃ«Ã¨ÃªÃ­Ã¨Ã²Ã¥, Ã·Ã²Ã®Ã¡Ã» Ã¯Ã¥Ã°Ã¥Ã©Ã²Ã¨ Ãª Ã½ÃªÃ°Ã Ã­Ã³ Ã¤Ã¢Ã®Ã°Ã Â§!;;x
alert_councillor_no_job_instant;Â§YIdle Council MembersÂ§!;;;;;;;;;;;Â§YÃ‘Ã¢Ã®Ã¡Ã®Ã¤Ã­Ã»Ã¥ Ã±Ã®Ã¢Ã¥Ã²Ã­Ã¨ÃªÃ¨Â§!;;x
alert_country_at_war_name;Country at war;;;;;;;;;;;Ã‚Ã®Ã©Ã­Ã ;;x
alert_court_not_filled_delayed;The following spots need to be filled:\n$LIST$\nÂ§GClick to go to Court ViewÂ§!;;;;;;;;;;;Ã‘Ã«Ã¥Ã¤Ã³Ã¾Ã¹Ã¨Ã¥ Ã¤Ã®Ã«Ã¦Ã­Ã®Ã±Ã²Ã¨ Ã­Ã¥ Ã§Ã Ã­Ã¿Ã²Ã»:\n$LIST$\nÂ§GÃ­Ã Ã¦Ã¬Ã¨Ã²Ã¥, Ã·Ã²Ã®Ã¡Ã» Ã¯Ã¥Ã°Ã¥Ã©Ã²Ã¨ Ã¢ Ã¬Ã¥Ã­Ã¾ Ã¤Ã¢Ã®Ã°Ã :Â§!;;x
alert_court_not_filled_instant;Â§YOpen Council PositionsÂ§!;;;;;;;;;;;Â§YÃ‘Ã¢Ã®Ã¡Ã®Ã¤Ã­Ã»Ã¥ Ã¤Ã®Ã«Ã¦Ã­Ã®Ã±Ã²Ã¨ Ã¯Ã°Ã¨ Ã¤Ã¢Ã®Ã°Ã¥Â§!;;x
alert_court_not_filled_name;Open council positions;;;;;;;;;;;Ã‘Ã¢Ã®Ã¡Ã®Ã¤Ã­Ã»Ã¥ Ã¤Ã®Ã«Ã¦Ã­Ã®Ã±Ã²Ã¨ Ã¯Ã°Ã¨ Ã¤Ã¢Ã®Ã°Ã¥;;x
alert_decadence_delayed;You have decadent relatives. You should ask them to straighten up or in other ways take care of them.;;;;;;;;;;;Ã‘Ã°Ã¥Ã¤Ã¨ Ã‚Ã Ã¸Ã¨Ãµ Ã°Ã®Ã¤Ã±Ã²Ã¢Ã¥Ã­Ã­Ã¨ÃªÃ®Ã¢ Ã¥Ã±Ã²Ã¼ Ã¤Ã¥ÃªÃ Ã¤Ã¥Ã­Ã²Ã». Ã‚Ã®Ã§Ã¬Ã®Ã¦Ã­Ã®, Ã­Ã¥Ã¯Ã«Ã®ÃµÃ® Ã¡Ã» ÃªÃ Ãª-Ã²Ã® Ã¯Ã®Ã¢Ã«Ã¨Ã¿Ã²Ã¼ Ã­Ã  Ã­Ã¨Ãµ Ã¨ Ã±Ã¤Ã¥Ã«Ã Ã²Ã¼ Ã«Ã³Ã·Ã¸Ã¥.;;x
alert_decadence_instant;Â§YDecadent RelativesÂ§!;;;;;;;;;;;Â§YÃÃ®Ã¤Ã±Ã²Ã¢Ã¥Ã­Ã­Ã¨ÃªÃ¨-Ã¤Ã¥ÃªÃ Ã¤Ã¥Ã­Ã²Ã»Â§!;;x
alert_deficits_delayed;Your coffers are empty and you owe your subjects money. The morale of your armies will suffer, and the longer this goes on, the more corruption and criminals will plague your counties.;;;;;;;;;;;Ã‚Ã Ã¸Ã  ÃªÃ Ã§Ã­Ã  Ã¯Ã³Ã±Ã²Ã , Ã¨ Ã‚Ã» Ã¤Ã®Ã«Ã¦Ã­Ã» Ã¤Ã¥Ã­Ã¼Ã£Ã¨ Ã±Ã¢Ã®Ã¨Ã¬ Ã¯Ã®Ã¤Ã¤Ã Ã­Ã­Ã»Ã¬. ÃÃ®Ã¥Ã¢Ã®Ã© Ã¤Ã³Ãµ Ã Ã°Ã¬Ã¨Ã¨ Ã¯Ã Ã¤Ã Ã¥Ã², Ã¨ Ã·Ã¥Ã¬ Ã¤Ã®Ã«Ã¼Ã¸Ã¥ Ã½Ã²Ã® Ã¡Ã³Ã¤Ã¥Ã² Ã¯Ã°Ã®Ã¤Ã®Ã«Ã¦Ã Ã²Ã¼Ã±Ã¿, Ã²Ã¥Ã¬ Ã¡Ã®Ã«Ã¼Ã¸Ã¥ ÃªÃ®Ã°Ã°Ã³Ã¯Ã¶Ã¨Ã¿ Ã¨ Ã¯Ã°Ã¥Ã±Ã²Ã³Ã¯Ã­Ã®Ã±Ã²Ã¼ Ã¡Ã³Ã¤Ã³Ã² Ã¯Ã®Ã°Ã Ã¦Ã Ã²Ã¼ Ã‚Ã Ã¸Ã¨ Ã§Ã¥Ã¬Ã«Ã¨.;;x
alert_deficits_instant;Â§YBudget DeficitÂ§!;;;;;;;;;;;Â§YÃ„Ã¥Ã´Ã¨Ã¶Ã¨Ã² Ã¡Ã¾Ã¤Ã¦Ã¥Ã²Ã Â§!;;x
alert_deficits_name;Deficits;;;;;;;;;;;Ã„Ã¥Ã´Ã¨Ã¶Ã¨Ã²;;x
alert_dejure_claim_delayed;The following de jure ducal claims can be pressed: $LIST$;;;;;;;;;;;Ã‘Ã«Ã¥Ã¤Ã³Ã¾Ã¹Ã¨Ã¥ Ã¯Ã°Ã¥Ã²Ã¥Ã­Ã§Ã¨Ã¨ Ã¬Ã®Ã¦Ã­Ã® Ã°Ã¥Ã Ã«Ã¨Ã§Ã®Ã¢Ã Ã²Ã¼: $LIST$;;x
alert_dejure_claim_instant;Â§YYou can Press de jure Ducal ClaimsÂ§!;;;;;;;;;;;Â§YÃ‚Ã» Ã¬Ã®Ã¦Ã¥Ã²Ã¥ Ã°Ã¥Ã Ã«Ã¨Ã§Ã®Ã¢Ã Ã²Ã¼ Ã¯Ã°Ã¥Ã²Ã¥Ã­Ã§Ã¨Ã¨ Ã‚Ã Ã¸Ã¨Ãµ Ã¯Ã°Ã¿Ã¬Ã»Ãµ Ã¢Ã Ã±Ã±Ã Ã«Ã®Ã¢ Ã­Ã  Ã·Ã³Ã¦Ã¨Ã¥ Ã²Ã¨Ã²Ã³Ã«Ã»Â§!;;x
alert_dejure_claim_name;Can press de jure claim;;;;;;;;;;;ÃŒÃ®Ã¦Ã¥Ã² Ã§Ã Ã¿Ã¢Ã¨Ã²Ã¼ Ã¤Ã¥-Ã¾Ã°Ã¥ Ã¯Ã°Ã¥Ã²Ã¥Ã­Ã§Ã¨Ã¨;;x
alert_demesne_too_big_delayed;Your demesne has Â§Y$NUM$Â§!/Â§Y$MAX$Â§! holdings, causing inefficient taxation, troop recruitment and resentment among your vassals.;;;;;;;;;;;Ã‚Ã Ã¸ Ã¤Ã®Ã¬Ã¥Ã­ Ã¨Ã¬Ã¥Ã¥Ã² Â§Y$NUM$Â§!/Â§Y$MAX$Â§! Ã¢Ã«Ã Ã¤Ã¥Ã­Ã¨Ã©, Ã¢ Ã°Ã¥Ã§Ã³Ã«Ã¼Ã²Ã Ã²Ã¥ Ã·Ã¥Ã£Ã® Ã±Ã­Ã¨Ã¦Ã Ã¥Ã²Ã±Ã¿ Ã½Ã´Ã´Ã¥ÃªÃ²Ã¨Ã¢Ã­Ã®Ã±Ã²Ã¼ Ã­Ã Ã«Ã®Ã£Ã®Ã®Ã¡Ã«Ã®Ã¦Ã¥Ã­Ã¨Ã¿, Ã¢Ã¥Ã°Ã¡Ã®Ã¢ÃªÃ¨ Ã¢Ã®Ã©Ã±Ãª Ã¨ Ã°Ã Ã±Ã²Â¸Ã² Ã­Ã¥Ã¤Ã®Ã¢Ã®Ã«Ã¼Ã±Ã²Ã¢Ã® Ã±Ã°Ã¥Ã¤Ã¨ Ã‚Ã Ã¸Ã¨Ãµ Ã¢Ã Ã±Ã±Ã Ã«Ã®Ã¢.;;x
alert_demesne_too_big_instant;Â§YDemesne too BigÂ§!;;;;;;;;;;;Â§YÃˆÃ§Ã¡Ã»Ã²Ã®Ãª Ã«Ã¨Ã·Ã­Ã»Ãµ Ã¢Ã«Ã Ã¤Ã¥Ã­Ã¨Ã©Â§!;;x
alert_demesne_too_big_name;Demesne too big;;;;;;;;;;;Ã‘Ã«Ã¨Ã¸ÃªÃ®Ã¬ Ã¬Ã­Ã®Ã£Ã® Ã«Ã¨Ã·Ã­Ã»Ãµ Ã¢Ã«Ã Ã¤Ã¥Ã­Ã¨Ã©;;x
alert_enemy_invasion_planned_delayed;Enemy rulers are preparing invasions against us:\n$LIST$;;;;;;;;;;;Ã‚Ã°Ã Ã¦Ã¥Ã±ÃªÃ¨Ã¥ Ã¯Ã°Ã Ã¢Ã¨Ã²Ã¥Ã«Ã¨ Ã¯Ã«Ã Ã­Ã¨Ã°Ã³Ã¾Ã² Ã¢Ã²Ã®Ã°Ã¦Ã¥Ã­Ã¨Ã¥ Ãª Ã­Ã Ã¬:\n$LIST$;;x
alert_enemy_invasion_planned_instant;Â§YEnemy Planning to InvadeÂ§!;;;;;;;;;;;Â§YÃ‚Ã°Ã Ã£ Ã¯Ã«Ã Ã­Ã¨Ã°Ã³Ã¥Ã² Ã‚Ã²Ã®Ã°Ã¦Ã¥Ã­Ã¨Ã¥Â§!;;x
alert_has_favor_delayed;The following Characters owe you a Favor:\n$LIST$\n\nFavors can be used for the following:\n$ACTIONS$;;;;;;;;;;;Ã‘Ã«Ã¥Ã¤Ã³Ã¾Ã¹Ã¨Ã¥ Ã«Ã¾Ã¤Ã¨ Ã¯Ã¥Ã°Ã¥Ã¤ Ã‚Ã Ã¬Ã¨ Ã¢ Ã¤Ã®Ã«Ã£Ã³:\n$LIST$\nÃ‚Ã®Ã§Ã¬Ã®Ã¦Ã­Ã» Ã±Ã«Ã¥Ã¤Ã³Ã¾Ã¹Ã¨Ã¥ Ã¤Ã¥Ã©Ã±Ã²Ã¢Ã¨Ã¿:\n$ACTIONS$;;x
alert_has_favor_instant;Â§Y$NUM$ Characters owe you a FavorÂ§!;;;;;;;;;;;Â§Y$NUM$ Ã·Ã¥Ã«Ã®Ã¢Ã¥Ãª Ã¯Ã¥Ã°Ã¥Ã¤ Ã‚Ã Ã¬Ã¨ Ã¢ Ã¤Ã®Ã«Ã£Ã³Â§!;;x
alert_has_favor_name;Characters owe you Favors;;;;;;;;;;;Ã‚Ã Ã¬ Ã¤Ã®Ã«Ã¦Ã­Ã»;;x
alert_heir_should_marry_delayed;$HEIR$ should get married\nÂ§GClick to go to Character ViewÂ§!;;;;;;;;;;;$HEIR$ Ã¤Ã® Ã±Ã¨Ãµ Ã¯Ã®Ã° Ã­Ã¥ Ã¢ Ã¡Ã°Ã ÃªÃ¥\nÂ§GÃÃ Ã¦Ã¬Ã¨Ã²Ã¥, Ã·Ã²Ã®Ã¡Ã» Ã¯Ã¥Ã°Ã¥Ã©Ã²Ã¨ Ã­Ã  Ã½ÃªÃ°Ã Ã­ Ã¯Ã¥Ã°Ã±Ã®Ã­Ã Ã¦Ã Â§!;;x
alert_heir_should_marry_instant;Â§YUnmarried HeirÂ§!;;;;;;;;;;;Â§YÃÃ Ã±Ã«Ã¥Ã¤Ã­Ã¨Ãª Ã­Ã¥ Ã¢ Ã¡Ã°Ã ÃªÃ¥Â§!;;x
alert_heir_should_marry_name;Heir unmarried;;;;;;;;;;;ÃÃ Ã±Ã«Ã¥Ã¤Ã­Ã¨Ãª Ã­Ã¥ Ã¢ Ã¡Ã°Ã ÃªÃ¥;;x
alert_high_infamy_delayed;Effects of Â§YThreatÂ§!:\n\n- With over $COALITION_INFAMY_LIMIT|%Y0$ Â§YThreatÂ§! other realms can form Â§YDefensive PactsÂ§! to protect themselves from you. Each religious group has their own separate Â§YDefensive PactÂ§! and will only defend members belonging to that same Â§YDefensive PactÂ§!.\n\n- With over $OTHER_COALITION_JOIN_INFAMY|%Y0$ Â§YThreatÂ§! all Â§YDefensive PactsÂ§! of other religious groups band together if you attack one of them.\n\n- With over $EVERY_COALITION_EXCEPT_HEADS_JOIN_INFAMY|%Y0$ Â§YThreatÂ§! all Â§YDefensive PactsÂ§! including that of your own religious group will band together if you attack one of them.\n\n- With over $EVERY_COALITION_JOIN_INFAMY|%Y0$ Â§YThreatÂ§! you are considered threatening enough that even your own religious head and holy orders from your religious group will defend other Â§YDefensive PactsÂ§! from you.\n\n- As your Â§YThreatÂ§! increases, larger and more distant realms are allowed to join the Â§YDefensive PactsÂ§! opposing you.\n\n- As your Â§YThreatÂ§! decreases, larger or more distant realms are forced to leave the Â§YDefensive PactsÂ§! opposing you.\n\n--------------\nÂ§YThreatÂ§! will decline slowly over time but you can manually lower it by granting independence to land not part of your De Jure realm.;;;;;;;;;;;ÃÃ´Ã´Ã¥ÃªÃ²Ã» Â§YÃ“Ã£Ã°Ã®Ã§Ã»Â§!:\n\n- ÃŠÃ®Ã£Ã¤Ã  Ã³Ã°Ã®Ã¢Ã¥Ã­Ã¼ Â§YÃ³Ã£Ã°Ã®Ã§Ã»Â§! Ã¯Ã°Ã¥Ã¢Ã»Ã¸Ã Ã¥Ã² $COALITION_INFAMY_LIMIT|%Y0$, Ã¤Ã°Ã³Ã£Ã¨Ã¥ Ã£Ã®Ã±Ã³Ã¤Ã Ã°Ã±Ã²Ã¢Ã  Ã¬Ã®Ã£Ã³Ã² Ã´Ã®Ã°Ã¬Ã¨Ã°Ã®Ã¢Ã Ã²Ã¼ Â§YÃ®Ã¡Ã®Ã°Ã®Ã­Ã¨Ã²Ã¥Ã«Ã¼Ã­Ã»Ã¥ Ã±Ã®Ã¾Ã§Ã»Â§!, Ã·Ã²Ã®Ã¡Ã» Ã§Ã Ã¹Ã¨Ã²Ã¨Ã²Ã¼Ã±Ã¿ Ã®Ã² Ã‚Ã Ã±. ÃŠÃ Ã¦Ã¤Ã»Ã© Ã±Ã®Ã¾Ã§ Ã´Ã®Ã°Ã¬Ã¨Ã°Ã³Ã¥Ã²Ã±Ã¿ Ã¢ Ã¯Ã°Ã¥Ã¤Ã¥Ã«Ã Ãµ Ã®Ã¤Ã­Ã®Ã© Ã°Ã¥Ã«Ã¨Ã£Ã¨Ã®Ã§Ã­Ã®Ã© Ã£Ã°Ã³Ã¯Ã¯Ã».\n\n- ÃŠÃ®Ã£Ã¤Ã  Ã³Ã°Ã®Ã¢Ã¥Ã­Ã¼ Â§YÃ³Ã£Ã°Ã®Ã§Ã»Â§! Ã¯Ã°Ã¥Ã¢Ã»Ã¸Ã Ã¥Ã² $OTHER_COALITION_JOIN_INFAMY|%Y0$, Â§YÃ®Ã¡Ã®Ã°Ã®Ã­Ã¨Ã²Ã¥Ã«Ã¼Ã­Ã»Ã¥ Ã±Ã®Ã¾Ã§Ã»Â§! Ã¤Ã°Ã³Ã£Ã¨Ãµ Ã°Ã¥Ã«Ã¨Ã£Ã¨Ã®Ã§Ã­Ã»Ãµ Ã£Ã°Ã³Ã¯Ã¯ Ã®Ã¡ÃºÃ¥Ã¤Ã¨Ã­Ã¿Ã¾Ã²Ã±Ã¿ Ã¯Ã°Ã®Ã²Ã¨Ã¢ Ã‚Ã Ã±, ÃªÃ®Ã£Ã¤Ã  Ã‚Ã» Ã¨Ãµ Ã Ã²Ã ÃªÃ³Ã¥Ã²Ã¥.\n\n- ÃŠÃ®Ã£Ã¤Ã  Ã³Ã°Ã®Ã¢Ã¥Ã­Ã¼ Â§YÃ³Ã£Ã°Ã®Ã§Ã»Â§! Ã¯Ã°Ã¥Ã¢Ã»Ã¸Ã Ã¥Ã² $EVERY_COALITION_EXCEPT_HEADS_JOIN_INFAMY|%Y0$, Â§YÃ®Ã¡Ã®Ã°Ã®Ã­Ã¨Ã²Ã¥Ã«Ã¼Ã­Ã»Ã¥ Ã±Ã®Ã¾Ã§Ã»Â§! Ã¢Ã±Ã¥Ãµ Ã°Ã¥Ã«Ã¨Ã£Ã¨Ã®Ã§Ã­Ã»Ãµ Ã£Ã°Ã³Ã¯Ã¯, Ã¢ÃªÃ«Ã¾Ã·Ã Ã¿ Ã‚Ã Ã¸Ã³, Ã±Ã²Ã Ã­Ã®Ã¢Ã¿Ã²Ã±Ã¿ Ã¥Ã¤Ã¨Ã­Ã» Ã¢ Ã±Ã«Ã³Ã·Ã Ã¥ Ã‚Ã Ã¸Ã¥Ã© Ã Ã£Ã°Ã¥Ã±Ã±Ã¨Ã¨.\n\n- Ã…Ã±Ã«Ã¨ Ã¦Ã¥ Ã³Ã°Ã®Ã¢Ã¥Ã­Ã¼ Â§YÃ³Ã£Ã°Ã®Ã§Ã»Â§! Ã¯Ã°Ã¥Ã¢Ã»Ã±Ã¨Ã² $EVERY_COALITION_JOIN_INFAMY|%Y0$, Ã‚Ã» Ã¡Ã³Ã¤Ã¥Ã²Ã¥ Ã±Ã²Ã®Ã«Ã¼ Ã®Ã¯Ã Ã±Ã­Ã», Ã·Ã²Ã® Ã¤Ã Ã¦Ã¥ Ã£Ã«Ã Ã¢Ã  Ã‚Ã Ã¸Ã¥Ã© Ã°Ã¥Ã«Ã¨Ã£Ã¨Ã¨ Ã±Ã²Ã Ã­Ã¥Ã² Ã¯Ã°Ã¨Ã§Ã»Ã¢Ã Ã²Ã¼ Ã¤Ã³ÃµÃ®Ã¢Ã­Ã»Ã¥ Ã®Ã°Ã¤Ã¥Ã­Ã» Ã‚Ã Ã¸Ã¥Ã© Ã°Ã¥Ã«Ã¨Ã£Ã¨Ã®Ã§Ã­Ã®Ã© Ã£Ã°Ã³Ã¯Ã¯Ã» Ã¯Ã®Ã¤Ã¤Ã¥Ã°Ã¦Ã Ã²Ã¼ Â§YÃ®Ã¡Ã®Ã°Ã®Ã­Ã¨Ã²Ã¥Ã«Ã¼Ã­Ã»Ã¥ Ã±Ã®Ã¾Ã§Ã»Â§! Ã¯Ã°Ã®Ã²Ã¨Ã¢ Ã‚Ã Ã±.\n\n- ÃÃ® Ã¬Ã¥Ã°Ã¥ Ã°Ã®Ã±Ã²Ã  Ã‚Ã Ã¸Ã¥Ã£Ã® Ã³Ã°Ã®Ã¢Ã­Ã¿ Â§YÃ³Ã£Ã°Ã®Ã§Ã»Â§! Ã¢Ã±Â¸ Ã¡Ã®Ã«Ã¥Ã¥ ÃªÃ°Ã³Ã¯Ã­Ã»Ã¥ Ã¨ Ã®Ã²Ã¤Ã Ã«Â¸Ã­Ã­Ã»Ã¥ Ã£Ã®Ã±Ã³Ã¤Ã Ã°Ã±Ã²Ã¢Ã  Ã¡Ã³Ã¤Ã³Ã² Ã¯Ã°Ã¨Ã±Ã®Ã¥Ã¤Ã¨Ã­Ã¿Ã²Ã¼Ã±Ã¿ Ãª Â§YÃ®Ã¡Ã®Ã°Ã®Ã­Ã¨Ã²Ã¥Ã«Ã¼Ã­Ã»Ã¬ Ã±Ã®Ã¾Ã§Ã Ã¬Â§!, Ã·Ã²Ã®Ã¡Ã» Ã¯Ã°Ã®Ã²Ã¨Ã¢Ã®Ã±Ã²Ã®Ã¿Ã²Ã¼ Ã‚Ã Ã¬.\n\n- Ã€ ÃªÃ®Ã£Ã¤Ã  Ã‚Ã Ã¸ Ã³Ã°Ã®Ã¢Ã¥Ã­Ã¼ Â§YÃ³Ã£Ã°Ã®Ã§Ã»Â§! Ã±Ã­Ã¨Ã§Ã¨Ã²Ã±Ã¿, ÃªÃ°Ã³Ã¯Ã­Ã»Ã¥ Ã¨ Ã®Ã²Ã¤Ã Ã«Â¸Ã­Ã­Ã»Ã¥ Ã£Ã®Ã±Ã³Ã¤Ã Ã°Ã±Ã²Ã¢Ã  Ã¡Ã³Ã¤Ã³Ã² Ã¢Ã»Ã­Ã³Ã¦Ã¤Ã¥Ã­Ã» Ã¯Ã®ÃªÃ¨Ã­Ã³Ã²Ã¼ Â§YÃ®Ã¡Ã®Ã°Ã®Ã­Ã¨Ã²Ã¥Ã«Ã¼Ã­Ã»Ã¥ Ã±Ã®Ã¾Ã§Ã»Â§!.\n\n--------------\n Ã‘ Ã²Ã¥Ã·Ã¥Ã­Ã¨Ã¥Ã¬ Ã¢Ã°Ã¥Ã¬Ã¥Ã­Ã¨ Ã‚Ã Ã¸ Ã³Ã°Ã®Ã¢Ã¥Ã­Ã¼ Â§YÃ³Ã£Ã°Ã®Ã§Ã»Â§! Ã¯Ã®Ã±Ã²Ã¥Ã¯Ã¥Ã­Ã­Ã® Ã³Ã¡Ã»Ã¢Ã Ã¥Ã², Ã­Ã® Ã‚Ã» Ã²Ã ÃªÃ¦Ã¥ Ã¬Ã®Ã¦Ã¥Ã²Ã¥ Ã±Ã­Ã¨Ã§Ã¨Ã²Ã¼ Ã¥Ã£Ã®, Ã¤Ã Ã°Ã³Ã¿ Ã­Ã¥Ã§Ã Ã¢Ã¨Ã±Ã¨Ã¬Ã®Ã±Ã²Ã¼ Ã§Ã¥Ã¬Ã«Ã¿Ã¬, ÃªÃ®Ã²Ã®Ã°Ã»Ã¥ Ã¤Ã¥-Ã¾Ã°Ã¥ Ã­Ã¥ Ã¯Ã°Ã¨Ã­Ã Ã¤Ã«Ã¥Ã¦Ã Ã² Ã‚Ã Ã¸Ã¥Ã¬Ã³ Ã£Ã®Ã±Ã³Ã¤Ã Ã°Ã±Ã²Ã¢Ã³.;;x
alert_high_infamy_instant;Â§YYou are Threatening!Â§!;;;;;;;;;;;Â§YÃ‚Ã» - Ã³Ã£Ã°Ã®Ã§Ã  Ã¬Ã¨Ã°Ã®Ã¯Ã®Ã°Ã¿Ã¤ÃªÃ³!Â§!;;x
alert_high_infamy_name;Threatening;;;;;;;;;;;Ã“Ã£Ã°Ã®Ã§Ã ;;x
alert_incoming_crusade_delayed;A Crusade is targeting our religion. We should consider how to best defend against it.;;;;;;;;;;;ÃŠÃ°Ã¥Ã±Ã²Ã®Ã¢Ã»Ã© Ã¯Ã®ÃµÃ®Ã¤ Ã³Ã£Ã°Ã®Ã¦Ã Ã¥Ã² Ã­Ã Ã¸Ã¥Ã© Ã°Ã¥Ã«Ã¨Ã£Ã¨Ã¨. ÃŒÃ» Ã¤Ã®Ã«Ã¦Ã­Ã» Ã¯Ã®Ã¤Ã³Ã¬Ã Ã²Ã¼, ÃªÃ Ãª Ã«Ã³Ã·Ã¸Ã¥ Ã¢Ã±Ã¥Ã£Ã® Ã§Ã Ã¹Ã¨Ã²Ã¨Ã²Ã¼Ã±Ã¿ Ã®Ã² Ã­Ã¥Ã£Ã®.;;x
alert_incoming_crusade_instant;Â§YCrusade Against Our ReligionÂ§!;;;;;;;;;;;Â§YÃŠÃ°Ã¥Ã±Ã²Ã®Ã¢Ã»Ã© Ã¯Ã®ÃµÃ®Ã¤ Ã¯Ã°Ã®Ã²Ã¨Ã¢ Ã­Ã Ã¸Ã¥Ã© Ã¢Ã¥Ã°Ã»Â§!;;x
alert_inefficent_land_management_delayed;You have too many holdings in your personal demesne. As a nomad you can only have one holding without penalties. However you might want to keep the land yourself so you can pillage it...$LIST$;;;;;;;;;;;Ã“ Ã‚Ã Ã± Ã±Ã«Ã¨Ã¸ÃªÃ®Ã¬ Ã¬Ã­Ã®Ã£Ã® Ã«Ã¨Ã·Ã­Ã»Ãµ Ã¢Ã«Ã Ã¤Ã¥Ã­Ã¨Ã©. ÃŠÃ Ãª ÃªÃ®Ã·Ã¥Ã¢Ã­Ã¨Ãª, Ã‚Ã» Ã¬Ã®Ã¦Ã¥Ã²Ã¥ Ã¢Ã«Ã Ã¤Ã¥Ã²Ã¼ Ã«Ã¨Ã¸Ã¼ Ã®Ã¤Ã­Ã¨Ã¬ Ã¯Ã®Ã±Ã¥Ã«Ã¥Ã­Ã¨Ã¥Ã¬ Ã¡Ã¥Ã§ Ã¸Ã²Ã°Ã Ã´Ã®Ã¢. ÃÃ¤Ã­Ã ÃªÃ®, Ã­Ã¥ Ã§Ã Ã¡Ã»Ã¢Ã Ã©Ã²Ã¥, Ã·Ã²Ã® Ã¬Ã®Ã¦Ã­Ã® Ã°Ã Ã§Ã°Ã³Ã¸Ã Ã²Ã¼ Ã¯Ã®Ã±Ã¥Ã«Ã¥Ã­Ã¨Ã¿, Ã®Ã¯Ã³Ã±Ã²Ã®Ã¸Ã Ã¿ Ã¨ Ã£Ã°Ã Ã¡Ã¿ Ã¨Ãµ, Ã¥Ã±Ã«Ã¨ Ã‚Ã» Ã­Ã¥ ÃµÃ®Ã²Ã¨Ã²Ã¥ Ã¤Ã¥Ã«Ã¨Ã²Ã¼Ã±Ã¿ Ã¨Ã¬Ã¨ Ã± ÃªÃ¥Ã¬-Ã«Ã¨Ã¡Ã®...$LIST$;;x
alert_inefficent_land_management_instant;Â§YInefficient Land ManagementÂ§!;;;;;;;;;;;Â§YÃÃ¥Ã½Ã´Ã´Ã¥ÃªÃ²Ã¨Ã¢Ã­Ã®Ã¥ Ã°Ã Ã±Ã¯Ã°Ã¥Ã¤Ã¥Ã«Ã¥Ã­Ã¨Ã¥ Ã§Ã¥Ã¬Ã¥Ã«Ã¼Â§!;;x
alert_inefficent_land_management_name;Inefficient Land Management;;;;;;;;;;;ÃÃ Ã±Ã¯Ã°Ã¥Ã¤Ã¥Ã«Ã¥Ã­Ã¨Ã¥ Ã§Ã¥Ã¬Ã¥Ã«Ã¼ Ã­Ã¥Ã½Ã´Ã´Ã¥ÃªÃ²Ã¨Ã¢Ã­Ã®;;x
alert_liege_council_discontent_delayed;Your Liege's Council has been Discontent for $DISCONTENT_DURATION$ month(s), and will be until Â§Y$DISCONTENT_END_DATE$Â§!. This means that if Councilors were prohibited by law from forming and joining Factions, they may now do so. This could potentially destabilize the realm.;;;;;;;;;;;Ã‘Ã®Ã¢Ã¥Ã² Ã‚Ã Ã¸Ã¥Ã£Ã® Ã±Ã¾Ã§Ã¥Ã°Ã¥Ã­Ã  Ã­Ã¥Ã¤Ã®Ã¢Ã®Ã«Ã¥Ã­ Ã³Ã¦Ã¥ $DISCONTENT_DURATION$ Ã¬Ã¥Ã±Ã¿Ã¶Ã¥Ã¢ Ã¨ Ã¡Ã³Ã¤Ã¥Ã² Ã­Ã¥Ã¤Ã®Ã¢Ã®Ã«Ã¥Ã­ Ã¤Ã® Â§Y$DISCONTENT_END_DATE$Â§!. ÃÃ²Ã® Ã®Ã§Ã­Ã Ã·Ã Ã¥Ã², Ã·Ã²Ã® Ã¢ Ã²Ã®Ã¬ Ã±Ã«Ã³Ã·Ã Ã¥, Ã¥Ã±Ã«Ã¨ Ã±Ã®Ã¢Ã¥Ã²Ã­Ã¨ÃªÃ Ã¬ Ã§Ã Ã¯Ã°Ã¥Ã¹Ã¥Ã­Ã® Ã§Ã ÃªÃ®Ã­Ã®Ã¬ Ã´Ã®Ã°Ã¬Ã¨Ã°Ã®Ã¢Ã Ã²Ã¼ Ã­Ã®Ã¢Ã»Ã¥ Ã´Ã°Ã ÃªÃ¶Ã¨Ã¨ Ã¨ Ã¢Ã±Ã²Ã³Ã¯Ã Ã²Ã¼ Ã¢ Ã±Ã³Ã¹Ã¥Ã±Ã²Ã¢Ã³Ã¾Ã¹Ã¨Ã¥, Ã²Ã¥Ã¯Ã¥Ã°Ã¼ Ã®Ã­Ã¨ Ã¬Ã®Ã£Ã³Ã² Ã½Ã²Ã® Ã¤Ã¥Ã«Ã Ã²Ã¼, Ã¯Ã®Ã¤Ã°Ã»Ã¢Ã Ã¿ Ã²Ã¥Ã¬ Ã±Ã Ã¬Ã»Ã¬ Ã¶Ã¥Ã«Ã®Ã±Ã²Ã­Ã®Ã±Ã²Ã¼ Ã£Ã®Ã±Ã³Ã¤Ã Ã°Ã±Ã²Ã¢Ã .;;x
alert_liege_council_discontent_instant;Â§YYour Liege's Council is DiscontentÂ§!;;;;;;;;;;;Â§YÃ‘Ã®Ã¢Ã¥Ã² Ã‚Ã Ã¸Ã¥Ã£Ã® Ã±Ã¾Ã§Ã¥Ã°Ã¥Ã­Ã  Ã­Ã¥Ã¤Ã®Ã¢Ã®Ã«Ã¥Ã­Â§!;;x
alert_liege_council_discontent_name;Liege Council Discontent;;;;;;;;;;;Ã‘Ã®Ã¢Ã¥Ã² Ã±Ã¾Ã§Ã¥Ã°Ã¥Ã­Ã  Ã­Ã¥Ã¤Ã®Ã¢Ã®Ã«Ã¥Ã­;;x
alert_lose_title_on_succ_delayed;The following titles will be lost on succession:\n$LIST$;;;;;;;;;;;Ã‘Ã«Ã¥Ã¤Ã³Ã¾Ã¹Ã¨Ã¥ Ã§Ã¥Ã¬Ã«Ã¨(Ã²Ã¨Ã²Ã³Ã«Ã») Ã¡Ã³Ã¤Ã³Ã² Ã¯Ã®Ã²Ã¥Ã°Ã¿Ã­Ã» Ã¯Ã°Ã¨ Ã­Ã Ã±Ã«Ã¥Ã¤Ã®Ã¢Ã Ã­Ã¨Ã¨:\n$LIST$;;x
alert_lose_title_on_succ_instant;Â§YTitle Loss on SuccessionÂ§!;;;;;;;;;;;Â§YÃ’Ã¨Ã²Ã³Ã« Ã¡Ã³Ã¤Ã¥Ã² Ã¯Ã®Ã²Ã¥Ã°Ã¿Ã­ Ã¯Ã°Ã¨ Ã­Ã Ã±Ã«Ã¥Ã¤Ã®Ã¢Ã Ã­Ã¨Ã¨Â§!;;x
alert_lose_title_on_succ_name;Title loss on succession;;;;;;;;;;;Ã’Ã¨Ã²Ã³Ã« Ã¡Ã³Ã¤Ã¥Ã² Ã¯Ã®Ã²Ã¥Ã°Ã¿Ã­ Ã¯Ã°Ã¨ Ã­Ã Ã±Ã«Ã¥Ã¤Ã®Ã¢Ã Ã­Ã¨Ã¨;;x
alert_my_peace_being_enforced_delayed;Your Council has declared that peace shall rule the realm! \nYour vassals are unable to wage war on each other for another $MONTHS|Y$ months!;;;;;;;;;;;Ã‚Ã Ã¸ Ã±Ã®Ã¢Ã¥Ã² Ã®Ã¡ÃºÃ¿Ã¢Ã¨Ã«, Ã·Ã²Ã® Ã¢Ã­Ã³Ã²Ã°Ã¨ Ã±Ã²Ã°Ã Ã­Ã» Ã®Ã²Ã­Ã»Ã­Ã¥ Ã¤Ã¥Ã©Ã±Ã²Ã¢Ã³Ã¥Ã² Ã¯Ã°Ã¨Ã­Ã³Ã¤Ã¨Ã²Ã¥Ã«Ã¼Ã­Ã»Ã© Ã¬Ã¨Ã°!\nÃ‚Ã Ã¸Ã¨ Ã¢Ã Ã±Ã±Ã Ã«Ã» Ã­Ã¥ Ã±Ã¬Ã®Ã£Ã³Ã² Ã®Ã¡ÃºÃ¿Ã¢Ã«Ã¿Ã²Ã¼ Ã¤Ã°Ã³Ã£ Ã¤Ã°Ã³Ã£Ã³ Ã¢Ã®Ã©Ã­Ã» Ã¢ Ã²Ã¥Ã·Ã¥Ã­Ã¨Ã¥ Ã±Ã«Ã¥Ã¤Ã³Ã¾Ã¹Ã¨Ãµ $MONTHS|Y$ Ã¬Ã¥Ã±Ã¿Ã¶Ã¥Ã¢!;;x
alert_my_peace_being_enforced_delayed_days;Your Council has declared that peace shall rule the realm! \nYour vassals are unable to wage war on each other for another $DAYS|Y$ days!;;;;;;;;;;;Ã‚Ã Ã¸ Ã±Ã®Ã¢Ã¥Ã² Ã®Ã¡ÃºÃ¿Ã¢Ã¨Ã«, Ã·Ã²Ã® Ã¢Ã­Ã³Ã²Ã°Ã¨ Ã±Ã²Ã°Ã Ã­Ã» Ã®Ã²Ã­Ã»Ã­Ã¥ Ã¤Ã¥Ã©Ã±Ã²Ã¢Ã³Ã¥Ã² Ã¯Ã°Ã¨Ã­Ã³Ã¤Ã¨Ã²Ã¥Ã«Ã¼Ã­Ã»Ã© Ã¬Ã¨Ã°!\nÃ‚Ã Ã¸Ã¨ Ã¢Ã Ã±Ã±Ã Ã«Ã» Ã­Ã¥ Ã±Ã¬Ã®Ã£Ã³Ã² Ã®Ã¡ÃºÃ¿Ã¢Ã«Ã¿Ã²Ã¼ Ã¤Ã°Ã³Ã£ Ã¤Ã°Ã³Ã£Ã³ Ã¢Ã®Ã©Ã­Ã» Ã¢ Ã²Ã¥Ã·Ã¥Ã­Ã¨Ã¥ Ã±Ã«Ã¥Ã¤Ã³Ã¾Ã¹Ã¨Ãµ $DAYS|Y$ Ã¤Ã­Ã¥Ã©!;;x
alert_my_peace_being_enforced_instant;Â§YRealm Peace Enforced!Â§!;;;;;;;;;;;Â§YÃŒÃ¨Ã° Ã¢Ã­Ã³Ã²Ã°Ã¨ Ã±Ã²Ã°Ã Ã­Ã» Ã¢Ã±Ã²Ã³Ã¯Ã¨Ã« Ã¢ Ã±Ã¨Ã«Ã³!Â§!;;x
alert_my_peace_soon_enforced_delayed;Your Council has declared that peace shall rule the realm! \nAll internal wars waged between your vassals will end with a Â§YWhite PeaceÂ§! in $MONTHS|Y$ months!;;;;;;;;;;;Ã‚Ã Ã¸ Ã±Ã®Ã¢Ã¥Ã² Ã®Ã¡ÃºÃ¿Ã¢Ã¨Ã«, Ã·Ã²Ã® Ã¢Ã­Ã³Ã²Ã°Ã¨ Ã±Ã²Ã°Ã Ã­Ã» Ã¡Ã³Ã¤Ã¥Ã² Ã¤Ã¥Ã©Ã±Ã²Ã¢Ã®Ã¢Ã Ã²Ã¼ Ã¯Ã°Ã¨Ã­Ã³Ã¤Ã¨Ã²Ã¥Ã«Ã¼Ã­Ã»Ã© Ã¬Ã¨Ã°!\nÃ‚Ã±Ã¥ Ã¢Ã®Ã©Ã­Ã», ÃªÃ®Ã²Ã®Ã°Ã»Ã¥ Ã¢Ã Ã±Ã±Ã Ã«Ã» Ã¢Ã¥Ã¤Ã³Ã² Ã¬Ã¥Ã¦Ã¤Ã³ Ã±Ã®Ã¡Ã®Ã© Ã§Ã Ã¢Ã¥Ã°Ã¸Ã Ã²Ã±Ã¿ Â§YÃ¡Ã¥Ã«Ã»Ã¬ Ã¬Ã¨Ã°Ã®Ã¬Â§! Ã·Ã¥Ã°Ã¥Ã§ $MONTHS|Y$ Ã¬Ã¥Ã±Ã¿Ã¶Ã¥Ã¢!;;x
alert_my_peace_soon_enforced_delayed_days;Your Council has declared that peace shall rule the realm! \nAll internal wars waged between your vassals will end with a Â§YWhite PeaceÂ§! in $DAYS|Y$ days!;;;;;;;;;;;Ã‚Ã Ã¸ Ã±Ã®Ã¢Ã¥Ã² Ã®Ã¡ÃºÃ¿Ã¢Ã¨Ã«, Ã·Ã²Ã® Ã¢Ã­Ã³Ã²Ã°Ã¨ Ã±Ã²Ã°Ã Ã­Ã» Ã¡Ã³Ã¤Ã¥Ã² Ã¤Ã¥Ã©Ã±Ã²Ã¢Ã®Ã¢Ã Ã²Ã¼ Ã¯Ã°Ã¨Ã­Ã³Ã¤Ã¨Ã²Ã¥Ã«Ã¼Ã­Ã»Ã© Ã¬Ã¨Ã°!\nÃ‚Ã±Ã¥ Ã¢Ã®Ã©Ã­Ã», ÃªÃ®Ã²Ã®Ã°Ã»Ã¥ Ã¢Ã Ã±Ã±Ã Ã«Ã» Ã¢Ã¥Ã¤Ã³Ã² Ã¬Ã¥Ã¦Ã¤Ã³ Ã±Ã®Ã¡Ã®Ã© Ã§Ã Ã¢Ã¥Ã°Ã¸Ã Ã²Ã±Ã¿ Â§YÃ¡Ã¥Ã«Ã»Ã¬ Ã¬Ã¨Ã°Ã®Ã¬Â§! Ã·Ã¥Ã°Ã¥Ã§ $DAYS|Y$ Ã¤Ã­Ã¥Ã©!;;x
alert_my_peace_soon_enforced_instant;Â§YYou are enforcing Realm Peace!Â§!;;;;;;;;;;;Â§YÃ‚Ã» Ã³Ã²Ã¢Ã¥Ã°Ã¤Ã¨Ã«Ã¨ Ã¬Ã¨Ã° Ã¢Ã­Ã³Ã²Ã°Ã¨ Ã±Ã²Ã°Ã Ã­Ã»!Â§!;;x
alert_my_peace_soon_enforced_name;My Realm will soon be at Peace;;;;;;;;;;;ÃŒÃ®Â¸ Ã¯Ã°Ã¨Ã­Ã³Ã¦Ã¤Ã¥Ã­Ã¨Ã¥ Ãª Ã¬Ã¨Ã°Ã³ Ã±ÃªÃ®Ã°Ã® Ã­Ã Ã±Ã²Ã³Ã¯Ã¨Ã²;;x
alert_no_ambition_delayed;You should pick an Ambition;;;;;;;;;;;Ã‚Ã» Ã¤Ã®Ã«Ã¦Ã­Ã» Ã¢Ã»Ã¡Ã°Ã Ã²Ã¼ Ã€Ã¬Ã¡Ã¨Ã¶Ã¨Ã¨;;x
alert_no_ambition_instant;Â§YPick an AmbitionÂ§!;;;;;;;;;;;Â§YÃ‚Ã»Ã¡Ã¥Ã°Ã¨Ã²Ã¥ Ã–Ã¥Ã«Ã¼Â§!;;x
alert_no_ambition_name;Pick an ambition;;;;;;;;;;;Ã‚Ã»Ã¡Ã¥Ã°Ã¨Ã²Ã¥ Ã Ã¬Ã¡Ã¨Ã¶Ã¨Ã¾;;x
alert_no_focus_delayed;You should pick a Focus for your character;;;;;;;;;;;Ã‚Ã Ã¬ Ã±Ã«Ã¥Ã¤Ã³Ã¥Ã² Ã¢Ã»Ã¡Ã°Ã Ã²Ã¼ Ã±Ã¢Ã®Ã© Ã¦Ã¨Ã§Ã­Ã¥Ã­Ã­Ã»Ã© Ã¯Ã³Ã²Ã¼;;x
alert_no_focus_instant;Â§YPick a Character FocusÂ§!;;;;;;;;;;;Â§YÃ‚Ã»Ã¡Ã¥Ã°Ã¨Ã²Ã¥ Ã¯Ã³Ã²Ã¼Â§!;;x
alert_no_focus_name;Pick a Focus;;;;;;;;;;;Ã†Ã¨Ã§Ã­Ã¥Ã­Ã­Ã»Ã© ÃÃ³Ã²Ã¼;;x
alert_noheir_delayed;If your ruler dies now the game will end!;;;;;;;;;;;Ã…Ã±Ã«Ã¨ Ã‚Ã Ã¸ Ã¯Ã°Ã Ã¢Ã¨Ã²Ã¥Ã«Ã¼ Ã³Ã¬Ã°Â¸Ã², Ã¨Ã£Ã°Ã  Ã¡Ã³Ã¤Ã¥Ã² Ã®ÃªÃ®Ã­Ã·Ã¥Ã­Ã !;;x
alert_noheir_instant;Â§YNo heir of your dynasty!Â§!;;;;;;;;;;;Â§YÃÃ¥Ã² Ã­Ã Ã±Ã«Ã¥Ã¤Ã­Ã¨ÃªÃ !Â§!;;x
alert_noheir_name;No heir;;;;;;;;;;;ÃÃ¥Ã² Ã­Ã Ã±Ã«Ã¥Ã¤Ã­Ã¨ÃªÃ ;;x
alert_nomad_agitation_delayed;Unless we construct a Â§YCastleÂ§! or Â§YCityÂ§! in the following Counties, they will revert to Nomad control on Succession:\n$LIST$;;;;;;;;;;;Ã…Ã±Ã«Ã¨ Ã¬Ã» Ã­Ã¥ Ã¯Ã®Ã±Ã²Ã°Ã®Ã¨Ã¬ Â§YÃªÃ°Ã¥Ã¯Ã®Ã±Ã²Ã¼Â§! Ã¨Ã«Ã¨ Â§YÃ£Ã®Ã°Ã®Ã¤Â§! Ã¢ Ã±Ã«Ã¥Ã¤Ã³Ã¾Ã¹Ã¨Ãµ Ã®ÃªÃ°Ã³Ã£Ã Ãµ, Ã®Ã­Ã¨ Ã¯Ã¥Ã°Ã¥Ã©Ã¤Ã³Ã² Ã¢ Ã°Ã³ÃªÃ¨ ÃªÃ®Ã·Ã¥Ã¢Ã­Ã¨ÃªÃ®Ã¢:\n$LIST$;;x
alert_nomad_agitation_delayed_tribal;Unless we have at least Â§Y$NUM$Â§! Buildings in the Tribal Holdings of the following Counties, they will revert to Nomad control on Succession:\n$LIST$;;;;;;;;;;;Ã„Ã® Ã²Ã¥Ãµ Ã¯Ã®Ã°, Ã¯Ã®ÃªÃ  Ã¬Ã» Ã­Ã¥ Ã¯Ã®Ã±Ã²Ã°Ã®Ã¨Ã¬ Ã¯Ã® Ã¬Ã¥Ã­Ã¼Ã¸Ã¥Ã© Ã¬Ã¥Ã°Ã¥ Â§Y$NUM$Â§! Ã§Ã¤Ã Ã­Ã¨Ã¿ Ã¢ Ã±Â¸Ã«Ã Ãµ (Ã¯Ã«Ã¥Ã¬Ã¥Ã­Ã­Ã»Ãµ Ã¯Ã®Ã±Ã¥Ã«Ã¥Ã­Ã¨Ã¿Ãµ) Ã±Ã«Ã¥Ã¤Ã³Ã¾Ã¹Ã¨Ãµ Ã®ÃªÃ°Ã³Ã£Ã®Ã¢, Ã®Ã­Ã¨ Ã¡Ã³Ã¤Ã³Ã² Ã¯Ã®Ã¤ Ã¢Ã«Ã¨Ã¿Ã­Ã¨Ã¥Ã¬ ÃªÃ®Ã·Ã¥Ã¢Ã­Ã¨ÃªÃ®Ã¢:\n$LIST$;;x
alert_nomad_agitation_instant;Â§YNomad AgitationÂ§!;;;;;;;;;;;Â§YÃÃ¥Ã±Ã¯Ã®ÃªÃ®Ã©Ã­Ã»Ã¥ ÃªÃ®Ã·Ã¥Ã¢Ã­Ã¨ÃªÃ¨Â§!;;x
alert_nomad_agitation_name;Nomad Agitation;;;;;;;;;;;ÃÃ¥Ã±Ã¯Ã®ÃªÃ®Ã©Ã­Ã»Ã¥ ÃªÃ®Ã·Ã¥Ã¢Ã­Ã¨ÃªÃ¨;;x
alert_non_playable_heir_delayed;Your heir, $HEIR$, currently follows a religion you are not allowed to play. Upon succession they will convert to the religion of your previous character.;;;;;;;;;;;$HEIR$ Ã¨Ã±Ã¯Ã®Ã¢Ã¥Ã¤Ã³Ã¥Ã² Ã°Ã¥Ã«Ã¨Ã£Ã¨Ã¾, Ã§Ã  ÃªÃ®Ã²Ã®Ã°Ã³Ã¾ Ã‚Ã Ã¬ Ã­Ã¥Ã«Ã¼Ã§Ã¿ Ã¨Ã£Ã°Ã Ã²Ã¼, Ã¯Ã®Ã½Ã²Ã®Ã¬Ã³ Ã¯Ã°Ã¨ Ã­Ã Ã±Ã«Ã¥Ã¤Ã®Ã¢Ã Ã­Ã¨Ã¨, Ã¡Ã³Ã¤Ã¥Ã² Ã¢Ã»Ã¡Ã°Ã Ã­Ã  Ã²Ã  Ã°Ã¥Ã«Ã¨Ã£Ã¨Ã¿, ÃªÃ®Ã²Ã®Ã°Ã³Ã¾ Ã‚Ã» Ã¨Ã±Ã¯Ã®Ã¢Ã¥Ã¤Ã³Ã¥Ã²Ã¥ Ã±Ã¥Ã©Ã·Ã Ã±.;;x
alert_non_playable_heir_instant;Â§YHeir Religion Change on SuccessionÂ§!;;;;;;;;;;;Â§YÃÃ¥Ã«Ã¨Ã£Ã¨Ã¿ Ã¯Ã°Ã¥Ã¥Ã¬Ã­Ã¨ÃªÃ  Ã¨Ã§Ã¬Ã¥Ã­Ã¨Ã²Ã±Ã¿ Ã¯Ã°Ã¨ Ã­Ã Ã±Ã«Ã¥Ã¤Ã®Ã¢Ã Ã­Ã¨Ã¨Â§!;;x
alert_northern_crusade_active_delayed;There is currently an ongoing war between the Teutons and the pagans;;;;;;;;;;;Ã‚ Ã­Ã Ã±Ã²Ã®Ã¿Ã¹Ã¨Ã© Ã¬Ã®Ã¬Ã¥Ã­Ã² Ã¨Ã¤Â¸Ã² Ã¢Ã®Ã©Ã­Ã  Ã¬Ã¥Ã¦Ã¤Ã³ Ã²Ã¥Ã¢Ã²Ã®Ã­Ã¶Ã Ã¬Ã¨ Ã¨ Ã¿Ã§Ã»Ã·Ã­Ã¨ÃªÃ Ã¬Ã¨;;x
alert_northern_crusade_active_instant;Northern Crusade;;;;;;;;;;;Ã‘Ã¥Ã¢Ã¥Ã°Ã­Ã»Ã© ÃªÃ°Ã¥Ã±Ã²Ã®Ã¢Ã»Ã© Ã¯Ã®ÃµÃ®Ã¤;;x
alert_northern_crusade_help_delayed;You can ask the Teutons to target a pagan ruler for their northern campaigns;;;;;;;;;;;Ã‚Ã» Ã¬Ã®Ã¦Ã¥Ã²Ã¥ Ã¯Ã®Ã¯Ã°Ã®Ã±Ã¨Ã²Ã¼ Ã’Ã¥Ã¢Ã²Ã®Ã­Ã±ÃªÃ¨Ã© Ã®Ã°Ã¤Ã¥Ã­ Ã­Ã Ã¯Ã Ã±Ã²Ã¼ Ã­Ã  Ã¿Ã§Ã»Ã·Ã¥Ã±ÃªÃ®Ã£Ã® Ã¯Ã°Ã Ã¢Ã¨Ã²Ã¥Ã«Ã¿;;x
alert_northern_crusade_help_instant;Northern Crusade Target;;;;;;;;;;;Ã–Ã¥Ã«Ã¼ Ã‘Ã¥Ã¢Ã¥Ã°Ã­Ã®Ã£Ã® ÃªÃ°Ã¥Ã±Ã²Ã®Ã¢Ã®Ã£Ã® Ã¯Ã®ÃµÃ®Ã¤Ã ;;x
alert_open_gates_delayed;When you feel safe you can reopen your gates and welcome the outside world once again.;;;;;;;;;;;ÃŠÃ®Ã£Ã¤Ã  Ã¯Ã®Ã·Ã³Ã¢Ã±Ã²Ã¢Ã³Ã¥Ã²Ã¥, Ã·Ã²Ã® Ã®Ã¯Ã Ã±Ã­Ã®Ã±Ã²Ã¼ Ã¬Ã¨Ã­Ã®Ã¢Ã Ã«Ã , Ã‚Ã» Ã¬Ã®Ã¦Ã¥Ã²Ã¥ Ã±Ã­Ã®Ã¢Ã  Ã®Ã²ÃªÃ°Ã»Ã²Ã¼ Ã¢Ã®Ã°Ã®Ã²Ã  Ã¨ Ã¤Ã®Ã±Ã²Ã³Ã¯ Ãª Ã¢Ã­Ã¥Ã¸Ã­Ã¥Ã¬Ã³ Ã¬Ã¨Ã°Ã³.;;x
alert_open_gates_instant;Â§YYou can Open the GatesÂ§!;;;;;;;;;;;Â§YÃ‚Ã» Ã¬Ã®Ã¦Ã¥Ã²Ã¥ Ã®Ã²ÃªÃ°Ã»Ã²Ã¼ Ã¢Ã®Ã°Ã®Ã²Ã Â§!;;x
alert_open_gates_name;Open the Gates;;;;;;;;;;;ÃÃ²ÃªÃ°Ã»Ã²Ã¼ Ã¢Ã®Ã°Ã®Ã²Ã ;;x
alert_over_clan_limit_delayed;You have Â§R$NUM$Â§!/Â§Y$MAX$Â§! Clans, giving you a Clan Sentiment penalty towards all Clan vassals.;;;;;;;;;;;Ã‚Ã» Ã¨Ã¬Ã¥Ã¥Ã²Ã¥ Â§R$NUM$Â§!/Â§Y$MAX$Â§! ÃªÃ«Ã Ã­Ã®Ã¢, Ã·Ã²Ã® Ã¤Ã Â¸Ã² Ã¸Ã²Ã°Ã Ã´ Ãª Â§YÃ­Ã Ã±Ã²Ã°Ã®Ã¥Ã­Ã¨Ã¾Â§! Ã¢Ã Ã±Ã±Ã Ã«Ã¼Ã­Ã»Ãµ ÃªÃ«Ã Ã­Ã®Ã¢.;;x
alert_over_clan_limit_instant;Â§YOver Clan LimitÂ§!;;;;;;;;;;;Â§YÃÃ°Ã¥Ã¢Ã»Ã¸Ã¥Ã­Ã¨Ã¥ ÃªÃ«Ã Ã­Ã®Ã¢Ã®Ã£Ã® Ã«Ã¨Ã¬Ã¨Ã²Ã Â§!;;x
alert_over_clan_limit_name;Over Clan Limit;;;;;;;;;;;ÃŠÃ«Ã Ã­Ã®Ã¢Ã»Ã© Ã«Ã¨Ã¬Ã¨Ã² Ã¯Ã°Ã¥Ã¢Ã»Ã¸Ã¥Ã­;;x
alert_over_vassal_limit_delayed;You have Â§R$NUM$Â§!/Â§Y$MAX$Â§! vassals, giving you less taxes and levies from your vassals. You risk losing vassals if your character dies.;;;;;;;;;;;Ã“ Ã‚Ã Ã± Â§R$NUM$Â§!/Â§Y$MAX$Â§! Ã¢Ã Ã±Ã±Ã Ã«Ã®Ã¢, Ã¯Ã®Ã½Ã²Ã®Ã¬Ã³ Ã·Ã Ã±Ã²Ã¼ Ã­Ã Ã«Ã®Ã£Ã®Ã¢ Ã¨ Ã®Ã¯Ã®Ã«Ã·Ã¥Ã­Ã¨Ã¿ Ã­Ã¥ Ã¯Ã®Ã±Ã²Ã³Ã¯Ã Ã¥Ã² Ã®Ã² Ã­Ã¨Ãµ. Ã‚Ã» Ã°Ã¨Ã±ÃªÃ³Ã¥Ã²Ã¥ Ã¯Ã®Ã²Ã¥Ã°Ã¿Ã²Ã¼ Ã·Ã Ã±Ã²Ã¼ Ã¢Ã Ã±Ã±Ã Ã«Ã®Ã¢ Ã¯Ã°Ã¨ Ã­Ã Ã±Ã«Ã¥Ã¤Ã®Ã¢Ã Ã­Ã¨Ã¨.;;x
alert_over_vassal_limit_instant;Â§YOver Vassal LimitÂ§!;;;;;;;;;;;Â§YÃÃ°Ã¥Ã¢Ã»Ã¸Ã¥Ã­Ã¨Ã¥ Ã¢Ã Ã±Ã±Ã Ã«Ã¼Ã­Ã®Ã£Ã® Ã«Ã¨Ã¬Ã¨Ã²Ã Â§!;;x
alert_over_vassal_limit_name;Over Vassal Limit;;;;;;;;;;;ÃÃ°Ã¥Ã¢Ã»Ã¸Ã¥Ã­Ã¨Ã¥ Ã¢Ã Ã±Ã±Ã Ã«Ã¼Ã­Ã®Ã£Ã® Ã«Ã¨Ã¬Ã¨Ã²Ã ;;x
alert_owns_wrong_settlement_type_delayed;Depending on your circumstances, you might want to 'Â§YCreate New VassalÂ§!' in the Holding menu, or give the title away.\n\nThe following Holdings are of the wrong type:\n$LIST$;;;;;;;;;;;Ã‚ Ã§Ã Ã¢Ã¨Ã±Ã¨Ã¬Ã®Ã±Ã²Ã¨ Ã®Ã² Ã®Ã¡Ã±Ã²Ã®Ã¿Ã²Ã¥Ã«Ã¼Ã±Ã²Ã¢, Ã‚Ã» Ã¬Ã®Ã¦Ã¥Ã²Ã¥ Ã«Ã¨Ã¡Ã® Â§YÃ±Ã®Ã§Ã¤Ã Ã²Ã¼ Ã­Ã®Ã¢Ã®Ã£Ã® Ã¢Ã Ã±Ã±Ã Ã«Ã Â§! Ã¢ Ã¬Ã¥Ã­Ã¾ Ã¯Ã®Ã±Ã¥Ã«Ã¥Ã­Ã¨Ã¿, Ã«Ã¨Ã¡Ã® Ã®Ã²Ã¤Ã Ã²Ã¼ Ã²Ã¨Ã²Ã³Ã« ÃªÃ®Ã¬Ã³-Ã²Ã® Ã¤Ã°Ã³Ã£Ã®Ã¬Ã³.\n\nÃ‘Ã«Ã¥Ã¤Ã³Ã¾Ã¹Ã¨Ã¥ Ã¯Ã®Ã±Ã¥Ã«Ã¥Ã­Ã¨Ã¿ Ã­Ã¥Ã¯Ã®Ã¤ÃµÃ®Ã¤Ã¿Ã¹Ã¥Ã£Ã® Ã¤Ã«Ã¿ Ã‚Ã Ã± Ã²Ã¨Ã¯Ã :\n$LIST$;;x
alert_owns_wrong_settlement_type_instant;Â§YWrong type of Holding in DemesneÂ§!;;;;;;;;;;;Â§YÃÃ¥Ã¢Ã¥Ã°Ã­Ã»Ã© Ã²Ã¨Ã¯ Ã¢Ã«Ã Ã¤Ã¥Ã­Ã¨Ã¿ Ã¢ Ã¢Ã®Ã²Ã·Ã¨Ã­Ã¥!;;x
alert_owns_wrong_settlement_type_name;Wrong type of holding in demesne;;;;;;;;;;;ÃÃ¥Ã¢Ã¥Ã°Ã­Ã»Ã© Ã²Ã¨Ã¯ Ã¢Ã«Ã Ã¤Ã¥Ã­Ã¨Ã¿ Ã¢ Ã¢Ã®Ã²Ã·Ã¨Ã­Ã¥;;x
alert_peace_being_enforced_delayed;The Council of $LIEGE|Y$ has declared that peace shall reign in all the realm! \nVassals of $LIEGE|Y$ are unable to wage war on each other for another $MONTHS|Y$ months!;;;;;;;;;;;$LIEGE|Y$ Ã³Ã¢Ã¥Ã¤Ã®Ã¬Ã«Ã¿Ã¥Ã² Ã® Ã°Ã¥Ã¸Ã¥Ã­Ã¨Ã¨ Ã±Ã®Ã¢Ã¥Ã²Ã : Ã®Ã²Ã­Ã»Ã­Ã¥ Ã¢Ã­Ã³Ã²Ã°Ã¨ Ã±Ã²Ã°Ã Ã­Ã» Ã¤Ã¥Ã©Ã±Ã²Ã¢Ã³Ã¥Ã² Ã§Ã ÃªÃ®Ã­ Ã® Ã¯Ã°Ã¨Ã­Ã³Ã¤Ã¨Ã²Ã¥Ã«Ã¼Ã­Ã®Ã¬ Ã¬Ã¨Ã°Ã¥!\nÃÃ²Ã® Ã§Ã­Ã Ã·Ã¨Ã², Ã·Ã²Ã® Ã¢Ã Ã±Ã±Ã Ã«Ã» Ã­Ã¥ Ã±Ã¬Ã®Ã£Ã³Ã² Ã®Ã¡ÃºÃ¿Ã¢Ã«Ã¿Ã²Ã¼ Ã¤Ã°Ã³Ã£ Ã¤Ã°Ã³Ã£Ã³ Ã¢Ã®Ã©Ã­Ã» Ã¢ Ã²Ã¥Ã·Ã¥Ã­Ã¨Ã¥ Ã±Ã«Ã¥Ã¤Ã³Ã¾Ã¹Ã¨Ãµ $MONTHS|Y$ Ã¬Ã¥Ã±Ã¿Ã¶Ã¥Ã¢!;;x
alert_peace_being_enforced_delayed_days;The Council of $LIEGE|Y$ has declared that peace shall rein in all the realm! \nVassals of $LIEGE|Y$ are unable to wage war on each other for another $DAYS|Y$ days!;;;;;;;;;;;$LIEGE|Y$ Ã³Ã¢Ã¥Ã¤Ã®Ã¬Ã«Ã¿Ã¥Ã² Ã® Ã°Ã¥Ã¸Ã¥Ã­Ã¨Ã¨ Ã±Ã®Ã¢Ã¥Ã²Ã : Ã®Ã²Ã­Ã»Ã­Ã¥ Ã¢Ã­Ã³Ã²Ã°Ã¨ Ã±Ã²Ã°Ã Ã­Ã» Ã¤Ã¥Ã©Ã±Ã²Ã¢Ã³Ã¥Ã² Ã§Ã ÃªÃ®Ã­ Ã® Ã¯Ã°Ã¨Ã­Ã³Ã¤Ã¨Ã²Ã¥Ã«Ã¼Ã­Ã®Ã¬ Ã¬Ã¨Ã°Ã¥!\nÃÃ²Ã® Ã§Ã­Ã Ã·Ã¨Ã², Ã·Ã²Ã® Ã¢Ã Ã±Ã±Ã Ã«Ã» Ã­Ã¥ Ã±Ã¬Ã®Ã£Ã³Ã² Ã®Ã¡ÃºÃ¿Ã¢Ã«Ã¿Ã²Ã¼ Ã¤Ã°Ã³Ã£ Ã¤Ã°Ã³Ã£Ã³ Ã¢Ã®Ã©Ã­Ã» Ã¢ Ã²Ã¥Ã·Ã¥Ã­Ã¨Ã¥ Ã±Ã«Ã¥Ã¤Ã³Ã¾Ã¹Ã¨Ãµ $DAYS|Y$ Ã¤Ã­Ã¥Ã©!;;x
alert_peace_being_enforced_instant;Â§YLiege has Enforced Realm Peace!Â§!;;;;;;;;;;;Â§YÃÃ°Ã¨Ã­Ã³Ã¤Ã¨Ã²Ã¥Ã«Ã¼Ã­Ã»Ã© Ã¬Ã¨Ã° Ã¢Ã­Ã³Ã²Ã°Ã¨ Ã±Ã²Ã°Ã Ã­Ã» Ã¢Ã±Ã²Ã³Ã¯Ã¨Ã« Ã¢ Ã±Ã¨Ã«Ã³!Â§!;;x
alert_peace_being_enforced_name;Realm Peace Enforced;;;;;;;;;;;ÃŒÃ¨Ã° Ã¢Ã­Ã³Ã²Ã°Ã¨ Ã±Ã²Ã°Ã Ã­Ã» Ã¢Ã±Ã²Ã³Ã¯Ã¨Ã« Ã¢ Ã±Ã¨Ã«Ã³;;x
alert_peace_soon_enforced_delayed;The Council of $LIEGE|Y$ has declared that peace shall reign in all the realm! \nAll internal wars waged between vassals of $LIEGE|Y$ will end with a Â§YWhite PeaceÂ§! in $MONTHS|Y$ months!\n\nIf you are on the Council you can call in a Â§YFavorÂ§! from $LIEGE|Y$ to prevent the Â§YRealm PeaceÂ§! from being enforced.;;;;;;;;;;;$LIEGE|Y$ Ã³Ã¢Ã¥Ã¤Ã®Ã¬Ã«Ã¿Ã¥Ã² Ã® Ã°Ã¥Ã¸Ã¥Ã­Ã¨Ã¨ Ã±Ã®Ã¢Ã¥Ã²Ã : Ã§Ã ÃªÃ®Ã­ Ã® Ã¯Ã°Ã¨Ã­Ã³Ã¤Ã¨Ã²Ã¥Ã«Ã¼Ã­Ã®Ã¬ Ã¬Ã¨Ã°Ã¥ Ã¢Ã­Ã³Ã²Ã°Ã¨ Ã±Ã²Ã°Ã Ã­Ã» Ã±ÃªÃ®Ã°Ã® Ã¢Ã±Ã²Ã³Ã¯Ã¨Ã² Ã¢ Ã±Ã¨Ã«Ã³!\nÃ‚Ã±Ã¥ Ã¢Ã®Ã©Ã­Ã», ÃªÃ®Ã²Ã®Ã°Ã»Ã¥ Ã¢Ã Ã±Ã±Ã Ã«Ã» Ã¢Ã¥Ã¤Ã³Ã² Ã¬Ã¥Ã¦Ã¤Ã³ Ã±Ã®Ã¡Ã®Ã© Ã§Ã Ã¢Ã¥Ã°Ã¸Ã Ã²Ã±Ã¿ Â§YÃ¡Ã¥Ã«Ã»Ã¬ Ã¬Ã¨Ã°Ã®Ã¬Â§! Ã·Ã¥Ã°Ã¥Ã§ $MONTHS|Y$ Ã¬Ã¥Ã±Ã¿Ã¶Ã¥Ã¢!\nÃ…Ã±Ã«Ã¨ Ã‚Ã» Ã±Ã®Ã±Ã²Ã®Ã¨Ã²Ã¥ Ã¢ Ã±Ã®Ã¢Ã¥Ã²Ã¥, Ã‚Ã» Ã¬Ã®Ã¦Ã¥Ã²Ã¥ Ã¯Ã®Ã¯Ã°Ã®Ã±Ã¨Ã²Ã¼ Ã®Ã¡ Â§YÃ®Ã¤Ã®Ã«Ã¦Ã¥Ã­Ã¨Ã¨Â§! Ã³ Ã±Ã¢Ã®Ã¥Ã£Ã® Ã±Ã¾Ã§Ã¥Ã°Ã¥Ã­Ã , Ã·Ã²Ã®Ã¡Ã» Ã¯Ã®Ã«Ã®Ã¦Ã¥Ã­Ã¨Ã¥ Ã® Â§YÃ¬Ã¨Ã°Ã¥ Ã¢Ã­Ã³Ã²Ã°Ã¨ Ã±Ã²Ã°Ã Ã­Ã»Â§! Ã¡Ã»Ã«Ã® Ã®Ã²Ã¬Ã¥Ã­Ã¥Ã­Ã®.;;x
alert_peace_soon_enforced_delayed_days;The Council of $LIEGE|Y$ has declared that peace shall rein in all the realm! \nAll internal wars waged between vassals of $LIEGE|Y$ will end with a Â§YWhite PeaceÂ§! in $DAYS|Y$ days!\n\nIf you are on the Council you can call in a Â§YFavorÂ§! from $LIEGE|Y$ to prevent the Â§YRealm PeaceÂ§! from being enforced.;;;;;;;;;;;$LIEGE|Y$ Ã³Ã¢Ã¥Ã¤Ã®Ã¬Ã«Ã¿Ã¥Ã² Ã® Ã°Ã¥Ã¸Ã¥Ã­Ã¨Ã¨ Ã±Ã®Ã¢Ã¥Ã²Ã : Ã§Ã ÃªÃ®Ã­ Ã® Ã¯Ã°Ã¨Ã­Ã³Ã¤Ã¨Ã²Ã¥Ã«Ã¼Ã­Ã®Ã¬ Ã¬Ã¨Ã°Ã¥ Ã¢Ã­Ã³Ã²Ã°Ã¨ Ã±Ã²Ã°Ã Ã­Ã» Ã±ÃªÃ®Ã°Ã® Ã¢Ã±Ã²Ã³Ã¯Ã¨Ã² Ã¢ Ã±Ã¨Ã«Ã³!\nÃ‚Ã±Ã¥ Ã¢Ã®Ã©Ã­Ã», ÃªÃ®Ã²Ã®Ã°Ã»Ã¥ Ã¢Ã Ã±Ã±Ã Ã«Ã» Ã¢Ã¥Ã¤Ã³Ã² Ã¬Ã¥Ã¦Ã¤Ã³ Ã±Ã®Ã¡Ã®Ã© Ã§Ã Ã¢Ã¥Ã°Ã¸Ã Ã²Ã±Ã¿ Â§YÃ¡Ã¥Ã«Ã»Ã¬ Ã¬Ã¨Ã°Ã®Ã¬Â§! Ã·Ã¥Ã°Ã¥Ã§ $DAYS|Y$ Ã¤Ã­Ã¥Ã©!\nÃ…Ã±Ã«Ã¨ Ã‚Ã» Ã±Ã®Ã±Ã²Ã®Ã¨Ã²Ã¥ Ã¢ Ã±Ã®Ã¢Ã¥Ã²Ã¥, Ã‚Ã» Ã¬Ã®Ã¦Ã¥Ã²Ã¥ Ã¯Ã®Ã¯Ã°Ã®Ã±Ã¨Ã²Ã¼ Ã®Ã¡ Â§YÃ®Ã¤Ã®Ã«Ã¦Ã¥Ã­Ã¨Ã¨Â§! Ã³ Ã±Ã¢Ã®Ã¥Ã£Ã® Ã±Ã¾Ã§Ã¥Ã°Ã¥Ã­Ã , Ã·Ã²Ã®Ã¡Ã» Ã¯Ã®Ã«Ã®Ã¦Ã¥Ã­Ã¨Ã¥ Ã® Â§YÃ¬Ã¨Ã°Ã¥ Ã¢Ã­Ã³Ã²Ã°Ã¨ Ã±Ã²Ã°Ã Ã­Ã»Â§! Ã¡Ã»Ã«Ã® Ã®Ã²Ã¬Ã¥Ã­Ã¥Ã­Ã®.;;x
alert_peace_soon_enforced_instant;Â§YLiege enforcing Realm Peace!Â§!;;;;;;;;;;;Â§YÃÃ°Ã¨Ã­Ã³Ã¦Ã¤Ã¥Ã­Ã¨Ã¥ Ãª Ã¬Ã¨Ã°Ã³ Ã¢Ã­Ã³Ã²Ã°Ã¨ Ã±Ã²Ã°Ã Ã­Ã»!Â§!;;x
alert_peace_soon_enforced_name;Realm Peace Imminent;;;;;;;;;;;ÃŒÃ¨Ã° Ã¢Ã­Ã³Ã²Ã°Ã¨ Ã±Ã²Ã°Ã Ã­Ã» Ã±ÃªÃ®Ã°Ã® Ã­Ã Ã±Ã²Ã³Ã¯Ã¨Ã²;;x
alert_planning_invasion_delayed;We are preparing to invade Â§Y$TARGET$Â§! before Â§Y$DATE$Â§!;;;;;;;;;;;ÃŒÃ» Ã£Ã®Ã²Ã®Ã¢Ã¨Ã¬Ã±Ã¿ Ãª Ã¢Ã²Ã®Ã°Ã¦Ã¥Ã­Ã¨Ã¾ Ã¢ Ã§Ã¥Ã¬Ã«Ã¨, ÃªÃ®Ã²Ã®Ã°Ã»Ã¬Ã¨ Ã¯Ã°Ã Ã¢Ã¨Ã² Â§Y$TARGET$Â§! (Ã±Ã°Ã®ÃªÃ¨: Â§Y$DATE$Â§!);;x
alert_planning_invasion_instant;Â§YPreparing to InvadeÂ§!;;;;;;;;;;;Â§YÃ£Ã®Ã²Ã®Ã¢Ã¨Ã² Ã¢Ã²Ã®Ã°Ã¦Ã¥Ã­Ã¨Ã¥Â§!;;x
alert_powerful_factions_delayed;There are powerful dissident Factions in your realm:\n$LIST$;;;;;;;;;;;Ã‚ Ã‚Ã Ã¸Ã¥Ã© Ã±Ã²Ã°Ã Ã­Ã¥ Ã±Ã³Ã¹Ã¥Ã±Ã²Ã¢Ã³Ã¥Ã² Ã®Ã¯Ã Ã±Ã­Ã Ã¿ Ã´Ã°Ã ÃªÃ¶Ã¨Ã¿:\n$LIST$;;x
alert_powerful_factions_instant;Â§YDangerous FactionsÂ§!;;;;;;;;;;;Â§YÃÃ¯Ã Ã±Ã­Ã Ã¿ Ã´Ã°Ã ÃªÃ¶Ã¨Ã¿Â§!;;x
alert_powerful_factions_name;Dangerous Factions;;;;;;;;;;;ÃÃ¯Ã Ã±Ã­Ã»Ã¥ Ã´Ã°Ã ÃªÃ¶Ã¨Ã¨;;x
alert_reconquista_active_delayed;There is currently an ongoing Reconquest war at the Iberian Peninsula;;;;;;;;;;;Ã‚ Ã­Ã Ã±Ã²Ã®Ã¿Ã¹Ã¨Ã© Ã¬Ã®Ã¬Ã¥Ã­Ã² Ã¨Ã¤Â¸Ã² Ã§Ã Ã¢Ã®Ã¥Ã¢Ã Ã­Ã¨Ã¥ ÃÃ¨Ã°Ã¥Ã­Ã¥Ã©Ã±ÃªÃ®Ã£Ã® Ã¯Ã®Ã«Ã³Ã®Ã±Ã²Ã°Ã®Ã¢Ã ;;x
alert_reconquista_active_instant;Reconquest;;;;;;;;;;;ÃÃ¥ÃªÃ®Ã­ÃªÃ¨Ã±Ã²Ã ;;x
alert_reconquista_timer_delayed;You have until [Root.reconquista_preparation_left.GetExpiryDate] to declare a Reconquest War;;;;;;;;;;;Ã“ Ã‚Ã Ã± Ã¥Ã±Ã²Ã¼ Ã¢Ã°Ã¥Ã¬Ã¿ Ã¤Ã® [Root.reconquista_preparation_left.GetExpiryDate], Ã·Ã²Ã®Ã¡Ã» Ã­Ã Ã·Ã Ã²Ã¼ ÃÃ¥ÃªÃ®Ã­ÃªÃ¨Ã±Ã²Ã³;;x
alert_reconquista_timer_instant;Planning a Reconquest;;;;;;;;;;;ÃÃ®Ã¤Ã£Ã®Ã²Ã®Ã¢ÃªÃ  ÃÃ¥ÃªÃ®Ã­ÃªÃ¨Ã±Ã²Ã»;;x
alert_revoltrisk_in_provinces_delayed;The following counties run a risk of having a revolt:\n$LIST$;;;;;;;;;;;Ã‚ Ã±Ã«Ã¥Ã¤Ã³Ã¾Ã¹Ã¨Ãµ Ã®ÃªÃ°Ã³Ã£Ã Ãµ Ã¢Ã®Ã§Ã¬Ã®Ã¦Ã­Ã» Ã¢Ã®Ã±Ã±Ã²Ã Ã­Ã¨Ã¿:\n$LIST$;;x
alert_revoltrisk_in_provinces_instant;Â§YRevolts PossibleÂ§!;;;;;;;;;;;Â§YÃ‚Ã®Ã§Ã¬Ã®Ã¦Ã­Ã» Ã¢Ã®Ã±Ã±Ã²Ã Ã­Ã¨Ã¿!Â§!;;x
alert_revoltrisk_in_provinces_name;Revolts possible;;;;;;;;;;;Ã‚Ã®Ã§Ã¬Ã®Ã¦Ã­Ã» Ã¢Ã®Ã±Ã±Ã²Ã Ã­Ã¨Ã¿;;x
alert_ruler_should_marry_delayed;You should get married\nÂ§GClick to go to Character ViewÂ§!;;;;;;;;;;;Ã‚Ã Ã¬ Ã±Ã«Ã¥Ã¤Ã³Ã¥Ã² Ã¢Ã±Ã²Ã³Ã¯Ã¨Ã²Ã¼ Ã¢ Ã¡Ã°Ã Ãª\nÂ§GÃÃ Ã¦Ã¬Ã¨Ã²Ã¥, Ã·Ã²Ã®Ã¡Ã» Ã¯Ã¥Ã°Ã¥Ã©Ã²Ã¨ Ã­Ã  Ã½ÃªÃ°Ã Ã­ Ã¯Ã¥Ã°Ã±Ã®Ã­Ã Ã¦Ã Â§!;;x
alert_ruler_should_marry_instant;Â§YRuler UnmarriedÂ§!;;;;;;;;;;;Â§YÃÃ°Ã Ã¢Ã¨Ã²Ã¥Ã«Ã¼ Ã­Ã¥ Ã¢ Ã¡Ã°Ã ÃªÃ¥Â§!;;x
alert_ruler_should_marry_name;Ruler unmarried;;;;;;;;;;;ÃÃ°Ã Ã¢Ã¨Ã²Ã¥Ã«Ã¼ Ã­Ã¥ Ã¢ Ã¡Ã°Ã ÃªÃ¥;;x
alert_should_appoint_guardian_delayed;The following children need a guardian:\n$LIST$;;;;;;;;;;;Ã‘Ã«Ã¥Ã¤Ã³Ã¾Ã¹Ã¨Ã¬ Ã¤Ã¥Ã²Ã¿Ã¬ Ã­Ã³Ã¦Ã¥Ã­ Ã­Ã Ã±Ã²Ã Ã¢Ã­Ã¨Ãª:\n$LIST$;;x
alert_should_appoint_guardian_instant;Â§Y$NUM$ Children Lack a GuardianÂ§!;;;;;;;;;;;Â§Y$NUM$ Ã¤Ã¥Ã²Ã¥Ã© Ã¡Ã¥Ã§ Ã­Ã Ã±Ã²Ã Ã¢Ã­Ã¨ÃªÃ Â§!;;x
alert_should_appoint_guardian_name;Children lack guardian;;;;;;;;;;;ÃÃ¥Ã¡Â¸Ã­Ã®Ãª Ã¡Ã¥Ã§ Ã­Ã Ã±Ã²Ã Ã¢Ã­Ã¨ÃªÃ ;;x
alert_should_nominate_heir_delayed;You should nominate successors for these titles:\n$LIST$;;;;;;;;;;;Ã‚Ã» Ã¤Ã®Ã«Ã¦Ã­Ã» Ã­Ã Ã§Ã­Ã Ã·Ã¨Ã²Ã¼ Ã­Ã Ã±Ã«Ã¥Ã¤Ã­Ã¨ÃªÃ®Ã¢ Ã±Ã«Ã¥Ã¤Ã³Ã¾Ã¹Ã¨Ãµ Ã§Ã¥Ã¬Ã¥Ã«Ã¼Ã­Ã»Ãµ Ã²Ã¨Ã²Ã³Ã«Ã®Ã¢:\n$LIST$;;x
alert_should_nominate_heir_instant;Â§YSuccessor NominationÂ§!;;;;;;;;;;;Â§YÃÃ Ã§Ã­Ã Ã·Ã¨Ã²Ã¼ Ã­Ã Ã±Ã«Ã¥Ã¤Ã­Ã¨ÃªÃ Â§!;;x
alert_should_nominate_heir_name;Succession nomination;;;;;;;;;;;ÃÃ Ã§Ã­Ã Ã·Ã¨Ã²Ã¼ Ã­Ã Ã±Ã«Ã¥Ã¤Ã­Ã¨ÃªÃ ;;x
alert_society_rank_up_possible_delayed;You have gained enough influence within your society that you can request promotion to the next rank.;;;;;;;;;;;Ã‚Ã» Ã®Ã¡Ã°Ã¥Ã«Ã¨ Ã¤Ã®Ã±Ã²Ã Ã²Ã®Ã·Ã­Ã® Ã¢Ã«Ã¨Ã¿Ã­Ã¨Ã¿ Ã¢ Ã±Ã¢Ã®Â¸Ã¬ Ã®Ã¡Ã¹Ã¥Ã±Ã²Ã¢Ã¥, Ã·Ã²Ã®Ã¡Ã» Ã¯Ã®Ã²Ã°Ã¥Ã¡Ã®Ã¢Ã Ã²Ã¼ Ã¯Ã°Ã®Ã¤Ã¢Ã¨Ã¦Ã¥Ã­Ã¨Ã¿ Ã¯Ã® Ã°Ã Ã­Ã£Ã³.;;x
alert_society_rank_up_possible_instant;Â§YPossible to rank up in societyÂ§!;;;;;;;;;;;Â§YÃŒÃ®Ã¦Ã­Ã® Ã¯Ã®Ã¤Ã­Ã¿Ã²Ã¼ Ã°Ã Ã­Ã£ Ã¢ Ã®Ã¡Ã¹Ã¥Ã±Ã²Ã¢Ã¥Â§!;;x
alert_titles_may_pass_from_realm_delayed;There are vassals with worrisome lines of succession.\nOn death, their titles might pass from your Realm:\n$LIST$;;;;;;;;;;;Ã“ Ã­Ã¥ÃªÃ®Ã²Ã®Ã°Ã»Ãµ Ã¢Ã Ã±Ã±Ã Ã«Ã®Ã¢ Ã­Ã Ã±Ã«Ã¥Ã¤Ã­Ã¨ÃªÃ¨ Ã¨Ã§ Ã¤Ã°Ã³Ã£Ã¨Ãµ Ã£Ã®Ã±Ã³Ã¤Ã Ã°Ã±Ã²Ã¢.\nÃ‚ Ã±Ã«Ã³Ã·Ã Ã¥ Ã±Ã¬Ã¥Ã°Ã²Ã¨, Ã¨Ãµ Ã§Ã¥Ã¬Ã¥Ã«Ã¼Ã­Ã»Ã¥ Ã²Ã¨Ã²Ã³Ã«Ã» Ã¬Ã®Ã£Ã³Ã² Ã¯Ã®ÃªÃ¨Ã­Ã³Ã²Ã¼ Ã‚Ã Ã¸Ã³ Ã±Ã²Ã°Ã Ã­Ã³:\n$LIST$;;x
alert_titles_may_pass_from_realm_instant;Â§YVassal Inheritance WarningÂ§!;;;;;;;;;;;Â§YÃÃ Ã±Ã«Ã¥Ã¤Ã±Ã²Ã¢Ã® Ã¢Ã Ã±Ã±Ã Ã«Ã®Ã¢Â§!;;x
alert_titles_may_pass_from_realm_name;Vassal inheritance warning;;;;;;;;;;;ÃÃ Ã±Ã«Ã¥Ã¤Ã±Ã²Ã¢Ã® Ã¢Ã Ã±Ã±Ã Ã«Ã®Ã¢;;x
alert_too_few_clans_delayed;You hold too much land compared to the other Clans. Hand out Â§Y$NUM$Â§! counties or you might face revolts from the existing Clans as it negatively affects their Â§YClan SentimentÂ§! of you. You can also face a Â§YMinor Clan RisingÂ§! revolt to seize its rightful position among the major Clans...;;;;;;;;;;;Ã“ Ã‚Ã Ã± Ã±Ã«Ã¨Ã¸ÃªÃ®Ã¬ Ã¬Ã­Ã®Ã£Ã® Ã§Ã¥Ã¬Ã¥Ã«Ã¼ Ã¢ Ã±Ã°Ã Ã¢Ã­Ã¥Ã­Ã¨Ã¨ Ã± Ã¤Ã°Ã³Ã£Ã¨Ã¬Ã¨ ÃªÃ«Ã Ã­Ã Ã¬Ã¨. ÃÃ Ã§Ã¤Ã Ã©Ã²Ã¥ Â§Y$NUM$Â§! Ã­Ã Ã¤Ã¥Ã«Ã®Ã¢ (Ã®ÃªÃ°Ã³Ã£Ã®Ã¢), Ã·Ã²Ã®Ã¡Ã» Ã¨Ã§Ã¡Ã¥Ã¦Ã Ã²Ã¼ Ã¢Ã®Ã§Ã¬Ã®Ã¦Ã­Ã®Ã±Ã²Ã¨ ÃªÃ«Ã Ã­Ã®Ã¢Ã»Ãµ Ã¬Ã¿Ã²Ã¥Ã¦Ã¥Ã©, Ã¨Ã§-Ã§Ã  Ã²Ã®Ã£Ã®, Ã·Ã²Ã® Ã¨Ãµ Â§YÃ­Ã Ã±Ã²Ã°Ã®Ã¥Ã­Ã¨Ã¥Â§! Ã¯Ã® Ã®Ã²Ã­Ã®Ã¸Ã¥Ã­Ã¨Ã¾ Ãª Ã‚Ã Ã¸Ã¥Ã¬Ã³ ÃªÃ«Ã Ã­Ã³ Ã±Ã«Ã¨Ã¸ÃªÃ®Ã¬ Ã­Ã¥Ã£Ã Ã²Ã¨Ã¢Ã­Ã®. ÃŠÃ°Ã®Ã¬Ã¥ Ã²Ã®Ã£Ã®, Ã‚Ã» Ã¬Ã®Ã¦Ã¥Ã²Ã¥ Ã±Ã²Ã®Ã«ÃªÃ­Ã³Ã²Ã¼Ã±Ã¿ Ã± Â§YÃ¢Ã®Ã±Ã±Ã²Ã Ã­Ã¨Ã¥Ã¬ Ã¬Ã Ã«Ã®Ã£Ã® ÃªÃ«Ã Ã­Ã Â§!, ÃªÃ®Ã²Ã®Ã°Ã»Ã© Ã§Ã ÃµÃ®Ã·Ã¥Ã² Ã§Ã Ã­Ã¿Ã²Ã¼ Ã¬Ã¥Ã±Ã²Ã® Ã±Ã°Ã¥Ã¤Ã¨ Ã¢Ã¥Ã¤Ã³Ã¸Ã¨Ãµ...;;x
alert_too_few_clans_instant;Â§YClans Want More LandÂ§!;;;;;;;;;;;Â§YÃŠÃ«Ã Ã­Ã Ã¬ Ã­Ã³Ã¦Ã­Ã® Ã¡Ã®Ã«Ã¼Ã¸Ã¥ Ã§Ã¥Ã¬Ã¥Ã«Ã¼Â§!;;x
alert_too_few_clans_name;Clans Want More Land;;;;;;;;;;;ÃŠÃ«Ã Ã­Ã Ã¬ Ã­Ã³Ã¦Ã­Ã® Ã¡Ã®Ã«Ã¼Ã¸Ã¥ Ã§Ã¥Ã¬Ã¥Ã«Ã¼;;x
alert_troops_in_foreign_territory_delayed;In $LIST$.;;;;;;;;;;;Ã‚ Ã±Ã«Ã¥Ã¤Ã³Ã¾Ã¹Ã¨Ãµ Ã®ÃªÃ°Ã³Ã£Ã Ãµ: $LIST$.;;x
alert_troops_in_foreign_territory_instant;Â§YYou have troops in foreign territory.Â§!;;;;;;;;;;;Â§YÃ‚Ã Ã¸Ã¨ Ã¢Ã®Ã©Ã±ÃªÃ  Ã­Ã ÃµÃ®Ã¤Ã¿Ã²Ã±Ã¿ Ã­Ã  Ã·Ã³Ã¦Ã®Ã© Ã²Ã¥Ã°Ã°Ã¨Ã²Ã®Ã°Ã¨Ã¨!Â§!;;x
alert_troops_in_foreign_territory_name;Troops in foreign territory;;;;;;;;;;;Ã‚Ã®Ã©Ã±ÃªÃ  Ã­Ã  Ã·Ã³Ã¦Ã®Ã© Ã²Ã¥Ã°Ã°Ã¨Ã²Ã®Ã°Ã¨Ã¨;;x
alert_truce_expiring_delayed;The Following Truces are Expiring:$LIST$;;;;;;;;;;;Ã‘Ã°Ã®Ãª Ã±Ã«Ã¥Ã¤Ã³Ã¾Ã¹Ã¨Ãµ Ã¬Ã¨Ã°Ã­Ã»Ãµ Ã¤Ã®Ã£Ã®Ã¢Ã®Ã°Ã®Ã¢ Ã¨Ã±Ã²Ã¥ÃªÃ Ã¥Ã²:$LIST$;;x
alert_truce_expiring_instant;Â§YTruces are ExpiringÂ§!;;;;;;;;;;;Â§YÃ‘Ã°Ã®Ãª Ã¯Ã¥Ã°Ã¥Ã¬Ã¨Ã°Ã¨Ã¿ Ã¯Ã®Ã¤ÃµÃ®Ã¤Ã¨Ã² Ãª ÃªÃ®Ã­Ã¶Ã³Â§!;;x
alert_truce_expiring_name;Truces are expiring;;;;;;;;;;;ÃˆÃ±Ã²Ã¥ÃªÃ Ã¥Ã² Ã¯Ã¥Ã°Ã¥Ã¬Ã¨Ã°Ã¨Ã¥;;x
alert_vassal_levies_raised_long_delayed;The following Vassals are upset about their levies:\n$LIST$;;;;;;;;;;;Ã‘Ã«Ã¥Ã¤Ã³Ã¾Ã¹Ã¨Ã¥ Ã¢Ã Ã±Ã±Ã Ã«Ã» Ã°Ã Ã±Ã±Ã²Ã°Ã®Ã¥Ã­Ã» Ã¨Ã±Ã¯Ã®Ã«Ã¼Ã§Ã®Ã¢Ã Ã­Ã¨Ã¥Ã¬ Ã¨Ãµ Ã®Ã¯Ã®Ã«Ã·Ã¥Ã­Ã¶Ã¥Ã¢:\n$LIST$;;x
alert_vassal_levies_raised_long_instant;Â§YVassal Levies Raised too LongÂ§!;;;;;;;;;;;Â§YÃÃ¯Ã®Ã«Ã·Ã¥Ã­Ã¨Ã¥ Ã­Ã Ã¸Ã¨Ãµ Ã¢Ã Ã±Ã±Ã Ã«Ã®Ã¢ Ã±Ã«Ã¨Ã¸ÃªÃ®Ã¬ Ã¤Ã®Ã«Ã£Ã® Ã¢ Ã±Ã²Ã°Ã®Ã¾Â§!;;x
alert_vassal_levies_raised_long_name;Vassal levies raised too long;;;;;;;;;;;ÃÃ¯Ã®Ã«Ã·Ã¥Ã­Ã¨Ã¥ Ã¢Ã Ã±Ã±Ã Ã«Ã®Ã¢ Ã±Ã®Ã¡Ã°Ã Ã­Ã® Ã±Ã«Ã¨Ã¸ÃªÃ®Ã¬ Ã¤Ã®Ã«Ã£Ã®;;x
alert_wonder_construction_paused_delayed;The following great works have paused construction:\n\n$LIST$;;;;;;;;;;;Ã‘Ã²Ã°Ã®Ã¨Ã²Ã¥Ã«Ã¼Ã±Ã²Ã¢Ã® Ã±Ã«Ã¥Ã¤Ã³Ã¾Ã¹Ã¨Ãµ Ã¢Ã¥Ã«Ã¨ÃªÃ¨Ãµ Ã±Ã®Ã®Ã°Ã³Ã¦Ã¥Ã­Ã¨Ã© Ã¯Ã°Ã¨Ã®Ã±Ã²Ã Ã­Ã®Ã¢Ã«Ã¥Ã­Ã®:\n\n$LIST$;;x
alert_wonder_construction_paused_instant;Â§YGreat Work Construction PausedÂ§!;;;;;;;;;;;Â§YÃ‘Ã²Ã°Ã®Ã¨Ã²Ã¥Ã«Ã¼Ã±Ã²Ã¢Ã® Ã¢Ã¥Ã«Ã¨ÃªÃ®Ã£Ã® Ã±Ã®Ã®Ã°Ã³Ã¦Ã¥Ã­Ã¨Ã¿ Ã¯Ã°Ã¨Ã®Ã±Ã²Ã Ã­Ã®Ã¢Ã«Ã¥Ã­Ã®Â§!;;x
alert_wonder_construction_paused_name;Paused great work construction;;;;;;;;;;;Ã‘Ã²Ã°Ã®Ã¨Ã²Ã¥Ã«Ã¼Ã±Ã²Ã¢Ã® Ã¢Ã¥Ã«Ã¨ÃªÃ®Ã£Ã® Ã±Ã®Ã®Ã°Ã³Ã¦Ã¥Ã­Ã¨Ã¿ Ã¯Ã°Ã¨Ã®Ã±Ã²Ã Ã­Ã®Ã¢Ã«Ã¥Ã­Ã®;;x
alert_you_can_create_titles_delayed;The following titles can be created:\n$LIST$;;;;;;;;;;;ÃŒÃ®Ã¦Ã­Ã® Ã±Ã®Ã§Ã¤Ã Ã²Ã¼ Ã±Ã«Ã¥Ã¤Ã³Ã¾Ã¹Ã¨Ã¥ Ã²Ã¨Ã²Ã³Ã«Ã»:\n$LIST$;;x
alert_you_can_create_titles_instant;Â§Y$NUM$ Title(s) can be CreatedÂ§!;;;;;;;;;;;Â§YÃŒÃ®Ã¦Ã­Ã® Ã±Ã®Ã§Ã¤Ã Ã²Ã¼ $NUM$ Ã²Ã¨Ã²Ã³Ã«(Ã®Ã¢)Â§!;;x
alert_you_can_create_titles_name;Can create titles;;;;;;;;;;;ÃŒÃ®Ã¦Ã­Ã® Ã±Ã®Ã§Ã¤Ã Ã²Ã¼ Ã²Ã¨Ã²Ã³Ã«Ã»;;x
alert_you_can_usurp_titles_delayed;The following titles can be usurped:\n$LIST$;;;;;;;;;;;Ã‘Ã«Ã¥Ã¤Ã³Ã¾Ã¹Ã¨Ã¥ Ã²Ã¨Ã²Ã³Ã«Ã» Ã¬Ã®Ã¦Ã­Ã® Ã³Ã§Ã³Ã°Ã¯Ã¨Ã°Ã®Ã¢Ã Ã²Ã¼:\n$LIST$;;x
alert_you_can_usurp_titles_instant;Â§Y$NUM$ Title(s) can be UsurpedÂ§!;;;;;;;;;;;Â§YÃŒÃ®Ã¦Ã­Ã® Ã³Ã§Ã³Ã°Ã¯Ã¨Ã°Ã®Ã¢Ã Ã²Ã¼ $NUM$ Ã²Ã¨Ã²Ã³Ã«(Ã®Ã¢)Â§!;;x
alert_you_can_usurp_titles_name;Can usurp titles;;;;;;;;;;;Ã’Ã¨Ã²Ã³Ã«Ã» Ã¬Ã®Ã¦Ã­Ã® Ã³Ã§Ã³Ã°Ã¯Ã¨Ã°Ã®Ã¢Ã Ã²Ã¼;;x
