BM_100_YEARS_WAR;The Hundred Years War;;;;;;;;;;;Ñòîëåòíÿÿ Âîéíà;;x
BM_100_YEARS_WAR_DESC;The death of French King Charles IV in 1328 with no immediate heir triggered a succession dispute that would last for over a hundred years. Edward III of England was the closest living male heir, but the French nobility, balking at the prospect of a foreign king, claimed the line could not pass through a woman, and crowned another pretender - Philip. Nine years later, war broke out...;;;;;;;;;;;1328-é ãîä. Ñìåðòü êîðîëÿ Ôðàíöèè Êàðëà IV, íå îñòàâèâøåãî íàñëåäíèêà, âûçâàëà äèíàñòè÷åñêèé ñïîð, äëèâøèéñÿ áîëåå ñòà ëåò. Áëèæàéøèé ðîäñòâåííèê - Ýäóàðä III, êîðîëü Àíãëèè, ñûí ñåñòðû ïîãèáøåãî. Äâîðÿíñòâî Ôðàíöèè æå âîçäâèãëî íà òðîí Ôèëèïïà Âàëóà, ëèøèâ Ýäóàðäà ïðàâ íà ïðåñòîë. Ñïóñòÿ äåâÿòü ëåò íà÷àëàñü âîéíà…;;x
BM_100_YEARS_WAR_ERA;Late Middle Ages;;;;;;;;;;;Ïîçäíåå Ñðåäíåâåêîâüå;;x
BM_100_YEARS_WAR_ERA_INFO;Europe in the Late Middle Ages was a very different place compared to a few hundred years earlier. Spain was dominated by the Christian kingdoms, the Muslim rulers only clinging on in the south. The Holy Roman Empire still dominated Central Europe next to a strong Hungary, while in France and England dynastic conflicts with roots in the Norman conquest were to lead to long and bloody wars. The Golden Horde and the Ilkhanate dominated the Steppes and Persia, forcing every ruler between Central Europe and India to take the Mongols into account. The Tughluq dynasty ruled an immense empire in India, while North Africa was divided between various Arab dynasties. Turkish domination in the Middle East seemed to have been ended by the Mongol conquests, but in Anatolia a dynasty known as the Ottomans was stirring...;;;;;;;;;;;Åâðîïà ýïîõè Ïîçäíåãî Ñðåäíåâåêîâüÿ ñòàëà ñîâñåì äðóãîé â ñðàâíåíèè ñ íåñêîëüêèìè âåêàìè íàçàä. Â Èñïàíèè äîìèíèðóþò õðèñòèàíñêèå êîðîëåâñòâà, ìóñóëüìàíñêèå ïðàâèòåëè çàêðåïèëèñü íà þãå. Ñâÿùåííàÿ Ðèìñêàÿ èìïåðèÿ ïî-ïðåæíåìó äîìèíèðóåò â Öåíòðàëüíîé Åâðîïå ðÿäîì ñ ñèëüíîé Âåíãðèåé, â òî âðåìÿ êàê Ôðàíöèÿ è Àíãëèÿ, â ñâÿçè ñ äèíàñòè÷åñêèìè êîíôëèêòàìè ýïîõè Íîðìàíäñêîãî çàâîåâàíèÿ, ãîòîâû íà÷àòü äîëãóþ è êðîâàâóþ âîéíó. Çîëîòàÿ Îðäà è Èëüõàíàò ïðåîáëàäàþò â ñòåïÿõ è Ïåðñèè, âûíóæäàÿ êàæäîãî ïðàâèòåëÿ îò Öåíòðàëüíîé Åâðîïîé äî Èíäèè íå òåðÿòü ìîíãîëîâ èç âèäó. Äèíàñòèÿ Òóãëàê ñîçäàëà îãðîìíóþ èìïåðèþ â Èíäèè, à Ñåâåðíàÿ Àôðèêà ðàçäåëåíà ìåæäó àðàáñêèìè äèíàñòèÿìè. Ãîñïîäñòâî òóðêîâ íà Áëèæíåì Âîñòîêå, êàçàëîñü áû óæå çàêîí÷èëîñü ñ ìîíãîëüñêèìè çàâîåâàíèÿìè, íî â Àíàòîëèè âîçíèêëà íîâàÿ ñèëà - äèíàñòèÿ Îñìàíîâ...;;x
BM_BM_CHARLEMAGNE_DESC;The Early Middle Ages started with the fall of the Western Roman Empire in the early 5th century. The earlier part of this era saw the great Germanic and Slavic migrations across Europe, with peoples such as the Goths and Lombards settling in Southern Europe, the Franks settling in Gaul and Saxons crossing the sea and settling in Britain. The Eastern Roman Empire was violently shaken by the pressure from the Goths and Avars, and fought bitterly with the ancient Persian enemy. The rise of Islam saw the Arabs conquering immense amounts of territory in the Middle East and North Africa, and in India several great dynasties vied for dominance, with the Rashtrakutas rising towards the end of the 8th century. In the steppes, the Khazars grew in power, and in Scandinavia things were about to change in a way that was to affect the entire continent...;;;;;;;;;;;Ðàííåå Ñðåäíåâåêîâüå íà÷àëîñü ñ ïàäåíèÿ Çàïàäíîé Ðèìñêîé èìïåðèè â íà÷àëå V âåêà. Íà÷àëî ýòîé ýïîõè îçíàìåíîâàëîñü Âåëèêèì ïåðåñåëåíèåì íàðîäîâ. Òàêèå ãåðìàíñêèå ïëåìåíà, êàê ãîòû è ëàíãîáàðäû îáîñíîâàëèñü â Þæíîé Åâðîïå, ôðàíêè ïîñåëèëèñü â Ãàëëèè, ñàêñû ïåðåïðàâèëèñü ÷åðåç ìîðå è îñåëè â Áðèòàíèè. Âîñòî÷íàÿ Ðèìñêàÿ èìïåðèÿ áûëà æåñòîêî îñëàáëåíà äàâëåíèåì ãîòîâ è àâàðîâ, è ñ òðóäîì âîåâàëà ñî ñòàðûì Ïåðñèäñêèì âðàãîì. Ïîäú¸ì èñëàìà ïîêàçàë ñèëó àðàáîâ: îíè ïîêîðèëè îãðîìíûå òåððèòîðèè íà Áëèæíåì Âîñòîêå è â Ñåâåðíîé Àôðèêå. Â Èíäèè íåñêîëüêî âåëèêèõ äèíàñòèè áîðîëèñü çà âëàñòü ñ Ðàøòðàêóðàìè â êîíöå VIII âåêà. Â ñòåïÿõ íàáèðàþò ìîùü Õàçàðû, à â Ñêàíäèíàâèè âåùè ìîãóò èçìåíèòüñÿ òàêèì îáðàçîì, ÷òî ýòî ìîæåò ïîâëèÿòü íà âåñü êîíòèíåíò...;;x
BM_CHARLEMAGNE;Charlemagne;;;;;;;;;;;Êàðë Âåëèêèé;;x
BM_CHARLEMAGNE_ERA;Early Middle Ages;;;;;;;;;;;Ðàííåå Ñðåäíåâåêîâüå;;x
BM_CHARLEMAGNE_ERA_INFO;The Early Middle Ages started with the fall of the Western Roman Empire in the early 5th century. The earlier part of this era saw the great Germanic and Slavic migrations across Europe, with peoples such as the Goths and Lombards settling in Southern Europe, the Franks settling in Gaul and Saxons crossing the sea and settling in Britain. The Eastern Roman Empire was violently shaken by the pressure from the Goths and Avars, and fought bitterly with the ancient Persian enemy. The rise of Islam saw the Arabs conquering immense amounts of territory in the Middle East and North Africa, and in India several great dynasties vied for dominance, with the Rashtrakutas rising towards the end of the 8th century. In the steppes, the Khazars grew in power, and in Scandinavia things were about to change in a way that was to affect the entire continent...;;;;;;;;;;;Ðàííåå Ñðåäíåâåêîâüå íà÷àëîñü ñ ïàäåíèÿ Çàïàäíîé Ðèìñêîé èìïåðèè â íà÷àëå V âåêà. Ðàííÿÿ ÷àñòü ýòîé ýïîõè óçðåëà âåëèêîå ïåðåñåëåíèå íàðîäîâ. Òàêèå êàê ãîòû è ëàíãîáàðäû îñåëè â Þæíîé Åâðîïå, ôðàíêè ïîñåëèëèñü â Ãàëëèè, ñàêñû ïîñåëèëèñü â Âåëèêîáðèòàíèè è Ãåðìàíèè. Âîñòî÷íàÿ Ðèìñêàÿ èìïåðèÿ áûëà æåñòîêî îñëàáëåíà ïîä íàòèñêîì ãîòîâ è àâàðîâ, è ñ òðóäîì âîåâàëà ñî ñòàðûì âðàãîì - Ïåðñèåé. Ïîäú¸ì èñëàìà ïîêàçàë ñèëó àðàáîâ: îíè ïîêîðèëè îãðîìíûå òåððèòîðèè íà Áëèæíåì Âîñòîêå è â Ñåâåðíîé Àôðèêå. Â Èíäèè íåñêîëüêî âåëèêèõ äèíàñòèé áîðîëèñü çà âëàñòü ñ Ðàøòðàêóòàìè â êîíöå VIII âåêà. Â ñòåïÿõ îáðåëè ñâîþ ìîùü õàçàðû. Â Ñêàíäèíàâèè äåëà ìîãëè èçìåíèòüñÿ òàêèì îáðàçîì, ÷òî ýòî ïîâëèÿëî áû íà âåñü êîíòèíåíò...;;x
BM_FATE_OF_ENGLAND;Stamford Bridge;;;;;;;;;;;Ñòàìôîðä-Áðèäæ;;x
BM_FATE_OF_ENGLAND_DESC;September 20, 1066 AD. King Harold Godwinson rushes to defend the shores of England against the forces of his traitorous brother Tostig and the Norwegian king Harald IV, nicknamed 'Hårdråde' (Hard Ruler). Meanwhile, William, Duke of Normandy, is about to launch his own invasion of England, sanctioned by Pope Alexander II himself. Saxon, Norse, or Norman - who shall rule Albion?;;;;;;;;;;;20 ñåíòÿáðÿ 1066-îãî ãîäà îò Ð.Õ. Êîðîëü Ãàðîëüä Ãîäâèíñîí ñïåøèò â Íîðòóìáðèþ, ãîòîâÿñü âñòðåòèòü âîéñêà ñâîåãî áðàòà Òîñòèãà, ïðåäàâøåãî åãî, è êîðîëÿ Íîðâåãèè Õàðàëüäà Ñóðîâîãî. Âèëüãåëüì, ãåðöîã Íîðìàíäèè, ñîáèðàåò âîéñêî äëÿ ïîõîäà íà Áðèòàíèþ, îäîáðåííîãî ñàìèì ïàïîé. Ñàêñû, âèêèíãè, íîðìàííû – ÷üèì áóäåò Àëüáèîí?;;x
BM_FATE_OF_ENGLAND_ERA;High Middle Ages;;;;;;;;;;;Âûñîêîå Ñðåäíåâåêîâüå;;x
BM_FATE_OF_ENGLAND_ERA_INFO;By the late 10th and early 11th centuries the Muslim world was changing, with Turkish dynasties such as the Seljuks and Ghaznavids now dominating Persia. The Byzantine Empire was still holding its own but was to see worse times coming. Central and Western continental Europe was split between France and a strong Holy Roman Empire, while Christian kings were advancing against a fractured and weakened Muslim Spain. Scandinavia was quickly converting to Christianity, and the Norse settlers in Russia and Britain had become assimilated with the local populations. Yet Viking descendants in Normandy and Italy were preparing new conquests, and the time of the First Crusade was approaching...;;;;;;;;;;;Ê êîíöó X - íà÷àëó XI âåêîâ ìóñóëüìàíñêèé ìèð èçìåíèëñÿ, åãî âîçãëàâèëè òþðêñêèå äèíàñòèè, òàêèå êàê Ñåëüäæóêè è Ãàçíåâèäû, äîìèíèðóÿ â Ïåðñèè. Âèçàíòèÿ âñ¸ åù¸ ñàìîñòîÿòåëüíà, íî óæå â îæèäàíèè õóäøèõ âðåì¸í è âòîðæåíèé. Öåíòðàëüíàÿ è Çàïàäíàÿ êîíòèíåíòàëüíàÿ Åâðîïà ðàçäåëåíà ìåæäó Ôðàíöèåé è Ñâÿùåííîé Ðèìñêîé èìïåðèåé, â òî âðåìÿ êàê õðèñòèàíñêèå êîðîëè èäóò ïðîòèâ ñëîìëåííîé è îñëàáëåííîé ìóñóëüìàíñêîé Èñïàíèè. Ñêàíäèíàâèÿ ñòàëà õðèñòèàíñêîé, à ïåðåñåëåíöû èç íå¸ íà ðóññêèõ è áðèòàíñêèõ çåìëÿõ òåïåðü àññèìèëèðóþòñÿ ñ ìåñòíûì íàñåëåíèåì. Òåì íå ìåíåå, ïîòîìêè âèêèíãîâ â Íîðìàíäèè è Èòàëèè ãîòîâÿò íîâûå çàâîåâàíèÿ, ïðèáëèæàåòñÿ âðåìÿ Ïåðâîãî êðåñòîâîãî ïîõîäà...;;x
BM_KOMNENOS_DYNASTY;The Alexiad;;;;;;;;;;;Àëåêñèàäà;;x
BM_KOMNENOS_DYNASTY_DESC;After a series of devastating losses to invading Turkish forces, the Byzantine Empire is reeling. But there is hope - the great general Alexios Komnenos has just seized the throne from the corrupt Nikephoros III. Alexios - whose life was documented by his daughter Anna in 'the Alexiad' - and his successors would halt the decline of the Empire and push back the Turkish invaders from western Anatolia, buying more time for the ailing remnants of the old Roman Empire. For now, Anatolia is ruled by Suleyman I, a member of the Seljuk dynasty, who arrogantly calls his new state the 'Sultanate of Rum' (Rome).;;;;;;;;;;;"Ïîñëå ñåðèè îïóñòîøàþùèõ âòîðæåíèé òóðêîâ, Âèçàíòèéñêàÿ èìïåðèÿ ñåðü¸çíî îñëàáëà. Âñÿ íàäåæäà íà âåëèêîãî ïîëêîâîäöà Àëåêñèÿ Êîìíèíà, çàõâàòèâøåãî òðîí ó êîððóìïèðîâàííîãî Íèêèôîðà III. Àëåêñèé - ÷üÿ æèçíü, à òàêæå æèçíü åãî ïðååìíèêîâ, áûëà çàäîêóìåíòèðîâàíà åãî äî÷åðüþ Àííîé â ""Àëåêñèàäå"", ñìîã îñòàíîâèòü ïàäåíèå èìïåðèè è âûòåñíèòü òóðêîâ èç çàïàäíîé Àíàòîëèè. Íà äàííûé ìîìåíò Àíàòîëèåé ïðàâèò Ñóëåéìàí I, èç äèíàñòèè Ñåëüäæóêîâ, êîòîðàÿ íàäìåííî íàçûâàåò ñâî¸ ãîñóäàðñòâî ""Ñóëòàíàò Ðóì""(Ðèì).";;x
BM_NORMAN_CONQUEST;William the Conqueror;;;;;;;;;;;Âèëüãåëüì Çàâîåâàòåëü;;x
BM_NORMAN_CONQUEST_DESC;Victorious at the hard-fought Battle of Hastings, William, Duke of Normandy, has proclaimed himself King of England. Displaced Saxon lords rage against the French speaking usurpers as fief after fief is given to William's loyal followers. In Anatolia, the Seljuk Turks under the great sultan Alp Arslan are about to invade the Byzantine Empire in a struggle that will determine the fate of Asia Minor...;;;;;;;;;;;Òðèóìôàòîð áèòâû ïðè Ãàñòèíãñå, Âèëüãåëüì II, ãåðöîã Íîðìàíäèè, îáúÿâëÿåò ñåáÿ êîðîë¸ì Àíãëèè. Ñàêñîíñêèå ëîðäû â ÿðîñòè – ôðàíöóçû îòáèðàþò ó íèõ âñå áîëüøå çåìëè, êëî÷îê çà êëî÷êîì. Íà äðóãîì êîíöå Åâðîïû Àëï-Àðñëàí, ñóëòàí ñåëüäæóêîâ, ñîáèðàåò âîéñêà äëÿ ïîõîäà íà Âèçàíòèþ. Êëèíêè óæå íàòî÷åíû, è ñóäüáó Ìàëîé Àçèè ðåøèò òîëüêî êðîâàâàÿ ñõâàòêà...;;x
BM_RISE_OF_THE_HANSA;Rise of the Hansa;;;;;;;;;;;Ñòàíîâëåíèå Ãàíçû;;x
BM_RISE_OF_THE_HANSA_DESC;The burghers of the Imperial Free Cities of Lübeck and Hamburg in Northern Germany have just formed a trade alliance that will eventually become known as the Hanseatic League. Meanwhile, the terrible Mongol Horde has swept like a scythe through Eastern Europe, effortlessly mowing down all opposition. As even the Holy Roman Emperor Friedrich II cowers in fear, the great invasion suddenly comes to an inexplicable halt as both Batu Khan of the Golden Horde and Hulagu Khan of the Ilkhanate return to Karakorum to elect a new Great Khan.;;;;;;;;;;;Áþðãåðû èìïåðàòîðñêèõ âîëüíûõ ãîðîäîâ Ëþáåê è Ãàìáóðã â Ñåâåðíîé Ãåðìàíèè òîëüêî ÷òî ñôîðìèðîâàëè òîðãîâûé ñîþç, êîòîðûé ñî âðåìåíåì ñòàíåò èçâåñòåí ïîä èìåíåì Ãàíçà. Ìåæäó òåì, ìîíãîëüñêèå îðäû ïðîøëè ÷åðåç Âîñòî÷íóþ Åâðîïó, êîñÿ âñåõ ïðîòèâíèêîâ íà ñâî¸ì ïóòè. Ïîêà äàæå èìïåðàòîð Ñâÿùåííîé Ðèìñêîé èìïåðèè Ôðèäðèõ II ñú¸æèâàåòñÿ îò ñòðàõà, âåëèêîå íàøåñòâèå âäðóã äîõîäèò äî íåîáúÿñíèìîé îñòàíîâêè - õàí Áàòûé èç Çîëîòîé Îðäû è Õóëàãó-õàí èç Èëüõàíàòà âîçâðàùàþòñÿ â Êàðàêîðóì äëÿ èçáðàíèÿ íîâîãî âåëèêîãî õàíà.;;x
BM_THE_LATIN_EMPIRE;The Latin Empire;;;;;;;;;;;Ëàòèíñêàÿ èìïåðèÿ;;x
BM_THE_LATIN_EMPIRE_DESC;The notorious and ill fated Fourth Crusade, which was supposed to retake Jerusalem after an invasion through Egypt, was instead derailed by scheming Venetians, corrupt leaders and the deposed Byzantine Emperor Alexios IV, seeking to regain his lost throne. The result was the tragic sack of Constantinople and the subsequent establishment of the so called Latin Empire. Almost none of the Crusaders even reached the Holy Land. Meanwhile, the infamous King John, brother of Richard the Lionheart, rules in England, and the Christian states of Spain face off against the powerful Almohad dynasty.;;;;;;;;;;;Ïðåñëîâóòûé ×åòâ¸ðòûé êðåñòîâûé ïîõîä, êîòîðûé äîëæåí áûë âåðíóòü Èåðóñàëèì, ïîñëå âòîðæåíèÿ â Åãèïåò áûë ñîðâàí, èíòðèãàìè âåíåöèàíöåâ è êîððóìïèðîâàííûõ ëèäåðîâ ñâåðãíóòîãî âèçàíòèéñêîãî èìïåðàòîðà Àëåêñèÿ IV, ñòðåìèâøåãîñÿ âåðíóòü ñåáå ïîòåðÿííûé òðîí. Â ðåçóëüòàòå òðàãè÷åñêèõ ñîáûòèé â Êîíñòàíòèíîïîëå è ïîñëåäóþùåãî ñîçäàíèÿ òàê íàçûâàåìîé Ëàòèíñêîé èìïåðèè, ïî÷òè íèêòî èç êðåñòîíîñöåâ äàæå íå äîñòèã Ñâÿòîé çåìëè. Â òî æå âðåìÿ, ïå÷àëüíî èçâåñòíûé êîðîëü Äæîí, áðàò Ðè÷àðäà Ëüâèíîå Ñåðäöå, ïðàâèë â Àíãëèè, à õðèñòèàíñêèå ãîñóäàðñòâà Èñïàíèè âñòðåòèëèñü ëèöîì ê ëèöó ñ ìîãóùåñòâåííûì ãîñóäàðñòâîì Àëüìîõàäîâ.;;x
BM_THE_MONGOLS;The Mongols;;;;;;;;;;;Ìîíãîëû;;x
BM_THE_MONGOLS_DESC;After uniting the warring steppe tribes under a single banner for the first time, the great warlord Temujin, or Genghis Khan as he now styles himself, has set out to expand his growing empire further. In Central Asia, Mongolian envoys to Ala ed-Din of Khwarezm have been massacred and this is an insult the Great Khan cannot ignore. He has led his armies west and now stands poised to punish the powerful Muslim realm for its insolence. Like a coiled spring, the massed Mongol armies are ready to be unleashed upon the world. Where will they stop?;;;;;;;;;;;Ïîñëå îáúåäèíåíèÿ âðàæäóþùèõ ïëåì¸í ñòåïè ïîä åäèíûì çíàìåíåì, âåëèêèé âîåíà÷àëüíèê Òåìó÷æèí, èëè ×èíãèñõàí, êàê ñåé÷àñ îí âåëè÷àåò ñåáÿ, íàìåðåâàåòñÿ ðàñøèðèòü ñâîþ ðàñòóùóþ èìïåðèþ äàëüøå. Â Öåíòðàëüíîé Àçèè, ìîíãîëüñêèå ïîñëû ê Àëà àä-Äèíó Õîðåçìà áûëè óáèòû, è ýòî îñêîðáëåíèå âåëèêîãî õàíà íå ìîæåò áûòü ïðîèãíîðèðîâàíî. Îí âåä¸ò ñâîè àðìèè íà çàïàä è ãîòîâ íàêàçàòü ìîùíîå ìóñóëüìàíñêîå ãîñóäàðñòâî çà äåðçîñòü åãî ïðàâèòåëÿ. Íî ìíîãî÷èñëåííûå ìîíãîëüñêèå âîéñêà ãîòîâû çàõâàòèòü âåñü ìèð. Ãäå îíè îñòàíîâÿòñÿ èëè èõ îñòàíîâÿò?;;x
BM_THE_MONGOLS_ERA;Age of the Mongols;;;;;;;;;;;Ýðà Ìîíãîëîâ;;x
BM_THE_MONGOLS_ERA_INFO;As Europe entered the 13th century, Constantinople had been weakened by the Turks and sacked by the Fourth Crusade, so the Byzantine Empire was very much weakened. The Turks still reigned in the Middle East and Persia, in India many new kingdoms vied for power after the fall of the old dynasties. The Norman conquest had brought new political and dynastic struggles to England and France, the Christian kingdoms in Spain were continually growing stronger, Scandinavia had left paganism behind and was becoming more centralized. In Russia several principalities struggled for power in the shadow of the Bolghars and Cumans to the east. In Germany and Italy, the Holy Roman Empire still stood firm, but beyond all this, to the east, a new power was to come into play. When the Mongols broke into Eastern Europe and Persia, it changed the balance of power in all of Western Eurasia...;;;;;;;;;;;Êîãäà Åâðîïà âñòóïèëà â XIII âåê, Êîíñòàíòèíîïîëü áûë îñëàáëåí òóðêàìè è ðàçãðàáëåí ×åòâ¸ðòûì êðåñòîâûì ïîõîäîì - Âèçàíòèÿ ñåðü¸çíî ïîñòðàäàëà. Òóðêè åù¸ ïðàâÿò â Ïåðñèè è íà Áëèæíåì Âîñòîêå, à â Èíäèè ìíîæåñòâî íîâûõ öàðñòâ ñîïåðíè÷àåò çà âëàñòü ïîñëå ïàäåíèÿ ñòàðûõ äèíàñòèé. Íîðìàíäñêèå çàâîåâàíèÿ ïðèâåëè ê íîâûì ïîëèòè÷åñêèì è äèíàñòè÷åñêèì ñòîëêíîâåíèÿì Àíãëèè è Ôðàíöèè, à õðèñòèàíñêèå êîðîëåâñòâà â Èñïàíèè íåóìîëèìî óêðåïëÿþòñÿ. Ñêàíäèíàâèÿ îñòàâèëà ÿçû÷åñòâî ïîçàäè è ñòàíîâèòñÿ áîëåå öåíòðàëèçîâàííîé, à ðóññêèå êíÿæåñòâà áîðÿòñÿ çà âëàñòü â òåíè áîëãàð è ïîëîâöåâ. Â Ãåðìàíèè è Èòàëèè Ñâÿùåííàÿ Ðèìñêàÿ èìïåðèÿ ñòîèò òâ¸ðäî, íî íà âîñòîêå âñòóïàåò â èãðó íîâàÿ ñèëà - âòîðæåíèå ìîíãîëîâ â Âîñòî÷íóþ Åâðîïó è Ïåðñèþ èçìåíèëî áàëàíñ ñèë âî âñåé Çàïàäíîé Åâðàçèè...;;x
BM_THE_OLD_GODS;The Old Gods;;;;;;;;;;;Ñòàðûå Áîãè;;x
BM_THE_OLD_GODS_DESC;§Y'How the little piglets would grunt if they knew how the old boar suffered.'§! Those were the prophetic last words of the legendary viking §YRagnarr Loðbrok§! as he lay dying in the snake pit of Northumbrian king §YÆlla§!. In 867 the vengeful sons of Loðbrok and their 'Great Heathen Army' descended upon the petty kingdoms of Britain to make of §YÆlla§! a 'Blood Eagle'. Meanwhile, two other Norse lords - §YRurik§! and §YDyre§! - were carving out their own rival states among the Slavic and Finnish tribes of the East, laying down the foundations for what would one day become Russia. The Old Gods are still strong and their warriors mighty!;;;;;;;;;;;"§Y""Êàê áû çàõðþêàëè ìîè ïîðîñÿòà, çíàé îíè, êàêîâî ñåé÷àñ ìíå, èõ ñòàðîìó êàáàíó""§! Ýòè ïðîðî÷åñêèå ñëîâà ñòàëè ïîñëåäíèìè ñëîâàìè ëåãåíäàðíîãî âèêèíãà §YÐàãíàðà Ëîäáðîêà§!, êîãäà îí óìèðàë â çìåèíîé ÿìå êîðîëÿ Íîðòóìáðèè §YÝëëû§!. Â 867 ãîäó ìñòèòåëüíûå ñûíîâüÿ Ëîäáðîêà è èõ ""Âåëèêàÿ ÿçû÷åñêàÿ àðìèÿ"" âòîðãëèñü â ìàëåíüêèå êîðîëåâñòâà Áðèòàíèè, ÷òîáû äàðîâàòü §YÝëëó§! ""Êðîâàâîãî Îðëà"". Òåì âðåìåíåì äâà äðóãèõ ñêàíäèíàâñêèõ ÿðëà - §YÐþðèê§! è §YÄèð§! - øëè îãí¸ì è ìå÷îì ïî ñîïåðíè÷àþùèì ãîñóäàðñòâàì ñðåäè Ñëàâÿíñêèõ è Ôèíñêèõ ïëåì¸í âîñòîêà, çàêëàäûâàÿ îñíîâû òîãî, ÷òî â îäèí ïðåêðàñíûé äåíü ñòàíåò Ðóñüþ. Ñòàðûå Áîãè âñ¸ åù¸ ñèëüíû, à èõ âîèíû ìîãó÷è!";;x
BM_THE_OLD_GODS_ERA;Viking Age;;;;;;;;;;;Ýïîõà Âèêèíãîâ;;x
BM_THE_OLD_GODS_ERA_INFO;By the middle of the 9th century, the Norse raiders and adventurers known as the Vikings had already begun to set their indelible mark on the map of Europe, establishing realms in Russia and the British Isles and travelling and raiding as far as the Black Sea and the Mediterranean. The Karling rulers, descendants of Charlemagne, ruled mighty realms in France, Germany and Italy, while the Muslim religion was now firmly established in Spain under the Umayyads. The Byzantine emperor held on, though suffering under increasing pressure from the Caliphate and the Bulgarians. West of the fractured Steppes, The Magyars were poised to make their claim on the Carpathian basin. Islam was spreading rapidly in Persia under rulers such as the Saffarids, and had penetrated into the Indus valley. Further East, the Hindu Pratihara dynasty was expanding.;;;;;;;;;;;Ê ñåðåäèíå IX âåêà, ñêàíäèíàâñêèå ðàçáîéíèêè è àâàíòþðèñòû, èçâåñòíûå êàê âèêèíãè, óæå íà÷àëè îñòàâëÿòü ñâîé ñëåä íà êàðòå Åâðîïû, áîðÿñü çà âëàñòü íà Ðóñè è Áðèòàíñêèõ îñòðîâàõ, ïóòåøåñòâèÿ è ñîâåðøàÿ íàáåãè íà Ñðåäèçåìíîìîðüå. Äèíàñòèÿ Êàðîëèíãîâ, ïîòîìêîâ Êàðëà Âåëèêîãî, ñîçäàëà ìîãó÷èå ãîñóäàðñòâà âî Ôðàíöèè, Èòàëèè è Ãåðìàíèè, à èñëàì ïðî÷íî óòâåðäèëñÿ â Èñïàíèè ïîä êîíòðîëåì äèíàñòèè Îìåéÿäîâ è áûñòðî ðàñïðîñòðàíèëñÿ â Ïåðñèè ÷åðåç ïðàâèòåëåé äèíàñòèè Ñàôôàðèäîâ, ïðîíèêíóâ â äîëèíó Èíäà. Âèçàíòèÿ äåðæèòñÿ, íî ñòðàäàåò ïîä ðàñòóùèì äàâëåíèåì ñî ñòîðîíû Õàëèôàòà è áîëãàð, â òî âðåìÿ êàê ìàäüÿðû, äîáðàâøèñü äî çàïàäíûõ ñòåïåé óæå ãîòîâû ïðåäúÿâèòü ñâîè ïðåòåíçèè íà Êàðïàòñêèé áàññåéí, à íà âîñòîêå ìîãóùåñòâåííàÿ èíäóèñòñêàÿ äèíàñòèè Ïðàòèõàð ðàñøèðÿåò ñâîè âëàäåíèÿ.;;x
BM_THIRD_CRUSADE;The Third Crusade;;;;;;;;;;;Tðåòèé êðåñòîâûé ïîõîä;;x
BM_THIRD_CRUSADE_DESC;Jerusalem has fallen to the forces of the great infidel, Saladin, but Henry II of England, Philip II of France, and Holy Roman Emperor Frederick 'Barbarossa' have, in their righteous zeal, ended their petty disputes and stand ready to march against the Moor in the most powerful Crusade yet... Deus Vult!;;;;;;;;;;;Èåðóñàëèì ïàë ïåðåä íåâåðíûìè, âîçãëàâëÿåìûìè Ñàëàäèíîì, íî Ãåíðèõ II, êîðîëü Àíãëèè, Ôèëèïï II, êîðîëü Ôðàíöèè è èìïåðàòîð Ñâÿùåííîé Ðèìñêîé èìïåðèè Ôðèäðèõ Áàðáàðîññà ñ ïðàâåäíûì ðâåíèåì ïîëîæèëè êîíåö ìåæäîóñîáèöàì è ïîä çíàìåíåì Õðèñòà âûñòóïèëè â ïîõîä, ïîäîáíîãî êîòîðîìó Åâðîïà íå âèäåëà ñî âðåì¸í Ðèìñêîé èìïåðèè... Èìåíåì Ãîñïîäà!;;x
ERA_CHALUKYA;Chalukya;;;;;;;;;;;×àëóêüÿ;;x
ERA_CHAR_INFO_140;William the Conqueror, a descendant of the Viking chief Rollo, became duke of Normandy at a very young age, a situation compounded by the fact that he was also a bastard. Early on he was constantly being used as a pawn by rival factions in the duchy, with a succession of his guardians being murdered. Once he reached adulthood, he faced years of warfare in order to take full control over his duchy, eventually emerging victorious. In 1066 he successfully invaded England to press a claim on the English throne. He spent the remainder of his reign consolidating and reforming his new kingdom in the face of sometimes fierce opposition.;;;;;;;;;;;Âèëüãåëüì Çàâîåâàòåëü, ïîòîìîê âèêèíãà Ðîëëî, ñòàë ãåðöîãîì Íîðìàíäèè â ðàííåì âîçðàñòå. Ñèòóàöèÿ óñóãóáèëàñü òåì, ÷òî îí áûë áàñòàðäîì. Â äåòñâå îí áûë ïåøêîé, â ðóêàõ âðàæäóþùèõ ãðóïïèðîâîê â ãåðöîãñòâå, à åãî îïåêóíîâ ïîñëåäîâàòåëüíî óáèâàëè. Ïîñëå äîñòèæåíèÿ ñîâåðøåííîëåòèÿ îí íà÷àë âîéíó, ÷òîáû ïîëó÷èòü ïîëíûé êîíòðîëü íàä ãîñóäàðñòâîì è, â êîíöå êîíöîâ, âûøåë ïîáåäèòåëåì. Â 1066ã îí óñïåøíî âòîðãñÿ â Àíãëèþ, ÷òîáû îñïîðèòü ïðàâî íà àíãëèéñêèé ïðåñòîë. Îñòàòîê ñâîåãî ïðàâëåíèÿ îí ïðîâ¸ë â êîíñîëèäàöèè è ðåôîðìèðîâàíèè íîâîãî êîðîëåâñòâà, ñîïðîòèâëÿÿñü æåñòêîé îïïîçèöèè.;;x
ERA_CHAR_INFO_1128;Robert Guiscard was the sixth son of Tancred de Hauteville, a petty Norman lord. Just like his brothers, he left Normandy with a small force of followers to seek his fortune in Italy. A brilliant and ruthless leader, he spent several years building a reputation as a mercenary, and the ever changing political landscape in Italy eventually saw the pope investing him as Duke of Apulia. In further campaigns, he proceeded to conquer Sicily, fighting both the Saracens and the Byzantines to secure control. He thus established Norman rule in southern Italy and his conquests had a profound long term impact on the region.;;;;;;;;;;;"Ðîáåð ""Ëèñ"" áûë øåñòûì ñûíîì Òàíêðåäà äå Ãîòâèëÿ, ìåëêîãî ëîðäà èç Íîðìàíäèè. Êàê è åãî áðàòüÿ, îí îñòàâèë Íîðìàíäèþ ñ íåáîëüøèì îòðÿäîì ñîðàòíèêîâ, îòïðàâèâøèñü èñêàòü ñ÷àñòüÿ â Èòàëèè. Áëåñòÿùèé è áåçæàëîñòíûé ëèäåð, îí ïðîâ¸ë íåñêîëüêî ëåò â ñîçäàíèè ðåïóòàöèè íà¸ìíèêà, è ïîñòîÿííî ìåíÿë ïîëèòè÷åñêèé ëàíäøàôò â Èòàëèè. Â êîíöå êîíöîâ Ïàïà ïðîäâèíóë åãî êàê ãåðöîãà Àïóëèè. Â äàëüíåéøèõ êàìïàíèÿõ, îí ïðèñòóïèë ê ïîêîðåíèþ Ñèöèëèè, ïðîòèâîñòîÿ ñàðàöèíàì è âèçàíòèéöàì. Â êîíå÷íîì ñ÷¸òå, îí óñòàíîâèë íîðìàíäñêóþ âëàñòü íà þãå Èòàëèè, à åãî çàâîåâàíèÿ ãëóáîêî ïîâëèÿëè íà âåñü ðåãèîí.";;x
ERA_CHAR_INFO_1282;Otto was crowned King of the Germans after the death of his father Henry I. Early in his reign he had to push back a rebellion by Duke Eberhard of Bavaria, as well as fight a war against Louis IV of West-Francia and Duke Gilbert of Lorraine. After securing peace in the war, Otto went on to fight for the Italian throne as well as push back the Hungarian threat in the east. In his later years, after his coronation as the Emperor of the Holy Roman Empire, he had to continue his struggles in Italy to keep his newfound empire under control. The Ottonian dynasty went on to control the empire for almost half a century after his death, until it finally ended with the demise of Henry II in 1024.;;;;;;;;;;;Îòòîí áûë êîðîíîâàí êàê êîðîëü âñåõ ãåðìàíöåâ ïîñëå ñìåðòè ñâîåãî îòöà Ãåíðèõà I. Â íà÷àëå ñâîåãî ïðàâëåíèÿ îí áûë âûíóæäåí ïîäàâëÿòü âîññòàíèå ãåðöîãà Áàâàðèè Ýáåðõàðäà, à òàêæå âîåâàòü ñ êîðîë¸ì Çàïàäíîé Ôðàíêèè Ëóè IV è ãåðöîãîì Ëîòàðèíãèè Ãèçåëüáåðòîì. Îáåñïå÷èâ ìèð, Îòòîí ïðîäîëæèë áîðüáó çà èòàëüÿíñêèé òðîí è óñòðàíèë âåíãåðñêóþ óãðîçó íà âîñòîêå. Â ïîñëåäóþùèå ãîäû, ñòàâ èìïåðàòîðîì Ñâÿùåííîé Ðèìñêîé èìïåðèè, îí ïðîäîëæèë áîðüáó çà Èòàëèþ, ÷òîáû ñîõðàíèòü êîíòðîëü íàä ñòðàíîé. Åãî äèíàñòèÿ ïðîäîëæàëà ïðàâèòü èìïåðèåé åù¸ ïî÷òè ïîëâåêà ïîñëå åãî ñìåðòè, ïîêà îêîí÷àòåëüíî íå ïîòåðÿëà âëàñòü ñ êîí÷èíîé Ãåíðèõà II â 1024 ãîäó.;;x
ERA_CHAR_INFO_1316;Heinrich was the son of Holy Roman Emperor Heinrich III, and like his father before him became King of the Germans at a very young age. He nearly drowned at the age of 12 when trying to escape a kidnapping at the hands of the Archbishop of Cologne during an ultimately successful political coup against his mother for the regency. Once an adult, he spent a lot of time balancing between the many powerful interest groups within his vast empire. He fought several wars against rebellious princes and against the Pagan Slavs. Heinrich also had a bitter controversy with the Pope Gregory VII over investiture, leading to his excommunication. Faced with possible rebellion in the Empire, Heinrich was forced to humiliate himself by standing on his knees in a blizzard for three days at Canossa while awaiting the Pope's pardon.;;;;;;;;;;;Ãåíðèõ áûë ñûíîì èìïåðàòîðà Ñâÿùåííîé Ðèìñêîé èìïåðèè Ãåíðèõà III, è, êàê è åãî îòåö ñòàë êîðîëåì íåìöåâ â î÷åíü ìîëîäîì âîçðàñòå. Îí ÷óòü íå óòîíóë â âîçðàñòå 12 ëåò ïðè ïîïûòêå ê áåãñòâó îò ïîõèùåíèÿ è îêàçàëñÿ â ðóêàõ àðõèåïèñêîïà Ê¸ëüíà, êîòîðûé ïîñïîñîáñòâîâàë óñïåøíîìó ïîëèòè÷åñêîìó ïåðåâîðîòó ïðîòèâ ìàòåðè-ðåãåíòà. Ñòàâ âçðîñëûì, îí ïðîâåë ìíîãî âðåìåíè, áàëàíñèðóÿ ìåæäó ìíîãèìè âëèÿòåëüíûìè ãðóïïàìè èíòåðåñîâ â ñâîåé îáøèðíîé èìïåðèè. Îí ïðîâåë íåñêîëüêî âîéí ïðîòèâ ìÿòåæíûõ êíÿçåé è ïðîòèâ ÿçû÷åñêîãî ñëàâÿíñòâà, à òàêæå â¸ë îæåñòî÷åííûå ñïîðû ñ ïàïîé Ãðèãîðèåì VII çà èíâåñòèòóðó, ÷òî ïðèâåëî åãî ê îòëó÷åíèþ. Ñòîëêíóâøèñü ñ âîçìîæíûì âîññòàíèåì â èìïåðèè, Ãåíðèõ áûë âûíóæäåí óíèæàòüñÿ, ñòîÿ íà êîëåíÿõ â ìåòåëü â òå÷åíèå òðåõ äíåé ïðè Êàíîññå â îæèäàíèè ïðîùåíèÿ Ïàïû.;;x
ERA_CHAR_INFO_1700;Basil the Macedonian was born to simple peasant parents in Macedonia. After a tumultuous early life, he eventually entered the service of relatives of the imperial house. With time, he became a friend and confidant of Emperor Michael. Using his position to advance his interests, he soon became co-emperor and eventually murdered Michael to become sole emperor. Once in power, he developed a reputation for efficiency and dedication to the empire. He restored good relations with the Pope and strengthened the eastern frontier in spite of hard-fought wars with the Paulicians and the Arabs.;;;;;;;;;;;Âàñèëèé Ìàêåäîíÿíèí ðîäèëñÿ â ïðîñòîé êðåñòüÿíñêîé ñåìüå â Ìàêåäîíèè. Ïîñëå áóðíîé ìîëîäîñòè, îí ïîñòóïèë íà ñëóæáó ê ðîäñòâåííèêàì èìïåðàòîðà. Ñî âðåìåíåì, îí ñòàë äðóãîì è äîâåðåííûì ëèöîì èìïåðàòîðà Ìèõàèëà. Èñïîëüçóÿ ñâî¸ ñëóæåáíîå ïîëîæåíèå äëÿ ïðîäâèæåíèÿ ñâîèõ èíòåðåñîâ, îí âñêîðå ñòàë ñîïðàâèòåëåì è â êîíå÷íîì èòîãå óáèë Ìèõàèëà, ÷òîáû ñòàòü åäèíñòâåííûì èìïåðàòîðîì. Ïðèäÿ ê âëàñòè, îí ñôàáðèêîâàë ñåáå ðåïóòàöèþ, äîáèâøèñü ïðåäàííîñòè âàññàëîâ è âîññòàíîâèë õîðîøèå îòíîøåíèÿ ñ Ïàïîé Ðèìñêèì, óêðåïèâ âîñòî÷íóþ ãðàíèöó, íåñìîòðÿ íà òðóäíûå âîéíû ñ ïàâëèêèàíàìè è àðàáàìè.;;x
ERA_CHAR_INFO_3040;Alp Arslan, great-grandson of Seljuk, was born Muhammad bin Dawud Chaghri, but his strength, personal combat skills and valor were soon to earn him his honorary name, which means 'Heroic Lion'. Early on, he succeeded his father as governor of Khorasan, and after a succession crisis in 1064 he took the title of Sultan by force of arms, and became ruler of the immense Seljuk Empire. He then made war on the Byzantine Empire, defeating them thoroughly at the famous battle of Manzikert and taking the Emperor prisoner. This victory was a first step towards Turkish domination in Anatolia and was one of the major events triggering the crusades. He died true to his name, at the age of 42, refusing to let his guards help him against a rebel prisoner who came at him with a dagger.;;;;;;;;;;;"Àëï Àðñëàí, ïðàâíóê Ñåëüäæóêà, ðîäèëñÿ ïîä èìåíåì Ìóõàììåä áèí Äàóä ×àãðû, íî åãî ñèëà, ëè÷íûå áîåâûå íàâûêè è ìóæåñòâî áûëè âñêîðå ïðèíåñëè åìó ïî÷¸òíîå èìÿ, êîòîðîå îçíà÷àåò ""ãåðîè÷åñêèé ëåâ"". Ðàíåå îí ñòàë ïðååìíèêîì ñâîåãî îòöà íà ïîñòó ãóáåðíàòîðà Õîðàñàíà, è ïîñëå êðèçèñà 1064ã îí ïðèíÿë òèòóë ñóëòàíà ñèëîé îðóæèÿ è ñòàë ïðàâèòåëåì îãðîìíîé èìïåðèè Ñåëüäæóêîâ. Çàòåì îí îáúÿâèë âîéíó Âèçàíòèéñêîé èìïåðèè, ïîáåäèâ â çíàìåíèòîé áèòâå ïðè Ìàíçèêåðòå, âçÿë â ïëåí èìïåðàòîðà. Ýòà ïîáåäà ñòàëà ïåðâûì øàãîì íà ïóòè ãîñïîäñòâà òóðêîâ â Àíàòîëèè è îäíèì èç ãëàâíûõ ñîáûòèé, âûçâàâøèõ êðåñòîâûå ïîõîäû. Óìåð îí â âîçðàñòå 42 ëåò, âåðíûé ñâîåìó èìåíè, îòêàçàâøèñü îò ïîìîùè îõðàíû â áîðüáå ñ ìÿòåæíûì çàêëþ÷¸ííûì, êîòîðûé ïîø¸ë íà íåãî ñ êèíæàëîì.";;x
ERA_CHAR_INFO_3096;Born in Cairo, Al-Mustansir became Caliph when he was only 6 years old. During his early years, his mother Ma'd Abu Tamim acted as regent and saw to her son's safety. Once he became an adult, his reign was dominated by strong Viziers, and also plagued by chaos as famine weakened the realm and powerful groups of Turkish mercenaries dominated Egypt and struggled for power. Al-Mustansir never fully took the reins of power, but he was to become the longest-reigning Caliph in history.;;;;;;;;;;;Ðîäèâøèñü â Êàèðå, Àëü-Ìóñòàíñèð ñòàë õàëèôîì â 6 ëåò. Äî ñîâåðøåííîëåòèÿ, åãî ìàòü Ìà'ä Àáó Òàìèì âûñòóïèëà â êà÷åñòâå ðåãåíòà è îáåñïå÷èëà áåçîïàñíîñòü ñâîåãî ñûíà. Êîãäà îí ñòàë âçðîñëûì, åãî ñòðàíîé óæå ïðàâèëè ñèëüíûå âèçèðè, ñòðàíó îõâàòèë õàîñ: ãîëîä îñëàáèë õàëèôàò, è ìîùíûå ãðóïïû òþðêñêèõ íà¸ìíèêîâ áîðîëèñü çà âëàñòü â Åãèïòå. Àëü-Ìóñòàíñèð íèêîãäà íå áðàë áðàçäû ïðàâëåíèÿ â ñâîè ðóêè ïîëíîñòüþ, íî âîø¸ë â èñòîðèþ êàê õàëèô ñ íàèáîëüøèì ñðîêîì ïðàâëåíèÿ.;;x
ERA_CHAR_INFO_6392;Son of Pepin the Short and a descendant of Charles Martel, Charlemagne (or Karl, as his contemporaries called him) became joint king of the Franks with his brother Karloman in 769. After a two-year power struggle, Karloman suddenly and conveniently fell ill and died, leaving Karl as sole ruler of the Franks.  He then proceeded to make the kingdom greater than ever before, conquering Saxony, Lombardy and other lands with equal measures of good strategic planning and ruthlessness. He was eventually crowned Holy Roman Emperor by pope Leo III, and his descendants were to rule large parts of Europe for a long time to come.;;;;;;;;;;;Ñûí Ïèïèíà Êîðîòêîãî è ïîòîìîê Êàðëà Ìàðòåëëà, Øàðëåìàíü (èëè Êàðë, êàê ñîâðåìåííèêè íàçûâàëè åãî) ñòàë ñîâìåñòíî ïðàâèòü ôðàíêàìè ñ áðàòîì Êàðëîìàíîì â 769ã. Ïîñëå äâóõëåòíåé áîðüáû çà âëàñòü, Êàðëîìàí âíåçàïíî è óäîáíî çàáîëåë è óìåð, îñòàâèâ Êàðëà â êà÷åñòâå åäèíîãî ïðàâèòåëÿ ôðàíêîâ, êîòîðûé ïðèñòóïèë ê ðàñøèðåíèþ êîðîëåâñòâî â ðàçìåðàõ áîëüøèõ ÷åì êîãäà-ëèáî ïðåæäå, çàâîåâàâ Ñàêñîíèþ, Ëîìáàðäèþ è äðóãèå çåìëè. Ýòî ïîëó÷èëîñü áëàãîäàðÿ èñïîëüçîâàíèþ â ðàâíîé ìåðå õîðîøåãî ñòðàòåãè÷åñêîãî ïëàíèðîâàíèÿ è æåñòîêîñòè. Â êîíå÷íîì ñ÷¸òå Ïàïà Ëåâ III êîðîíîâàë åãî êàê èìïåðàòîðà Ñâÿùåííîé Ðèìñêîé èìïåðèè, à åãî ïîòîìêè óïðàâëÿëè îãðîìíûìè ÷àñòÿìè Åâðîïû äîëãèå ãîäû.;;x
ERA_CHAR_INFO_30809;Isabelle was born in 1212 in southern Italy as the only child of Maria de Montferrat, Queen of Jerusalem. Her mother died shortly after giving birth, and the newborn Isabelle was proclaimed Queen with her father Jean de Brienne acting as her regent. At the age of 13, Isabelle was wed to the Holy Roman Emperor Friedrich II, effectively being used as a pawn to encourage the Emperor to participate in the Fifth Crusade. The wedding saw the Emperor crowned King of Jerusalem and Isabelle’s father stripped of all his powers. Isabelle herself was kept in seclusion by her husband. She lost a baby daughter before herself dying while giving birth to her son Conrad in 1228. Shortly after her death, Friedrich finally embarked on the promised crusade.;;;;;;;;;;;Èçàáåëëà ðîäèëàñü â 1212 ã. â þæíîé ÷àñòè Èòàëèè è áûëà åäèíñòâåííûì ðåá¸íêîì Ìàðèè äè Ìîíôåððàò, êîðîëåâû Èåðóñàëèìà. Å¸ ìàòü óìåðëà ñðàçó ïîñëå ðîäîâ, è íîâîðîæä¸ííàÿ Èçàáåëëà áûëà ïðîâîçãëàøåíà êîðîëåâîé, à å¸ îòåö Æàí äå Áðèåíí ñòàë å¸ ðåãåíòîì. Â 13 ëåò, Èçàáåëëà âûøëà çàìóæ çà èìïåðàòîðà Ñâÿùåííîé Ðèìñêîé èìïåðèè, Ôðèäðèõà II, ïîñëóæèâ ïåøêîé â èãðå, êîòîðàÿ äîëæíà áûëà îáåñïå÷èòü åãî ó÷àñòèå â Ïÿòîì êðåñòîâîì ïîõîäå. Ñðàçó ïîñëå ñâàäüáû, èìïåðàòîð ñòàë êîðîë¸ì Èåðóñàëèìà è îòñòðàíèë îòöà Èçàáåëëû îò âëàñòè. Ñàìó æå Èçàáåëëó äåðæàëè â èçîëÿöèè îò ìóæà. Îíà ïîòåðÿëà ìàëåíüêóþ äî÷ü, óìåðëà âî âðåìÿ ðîäîâ ñûíà Êîíðàäà â 1228 ã. Âñêîðå ïîñëå å¸ ñìåðòè, Ôðèäðèõ íàêîíåö ïðèñòóïèë ê ó÷àñòèþ â êðåñòîâîì ïîõîäå.;;x
ERA_CHAR_INFO_32901;Al-Qaim followed his father, Caliph al-Mahdi, as he settled down in Ifriqiya and established the Fatimid Caliphate. In direct opposition to the Abbasid Caliphate in Baghdad, they filled the room left behind as the Abbasids had lost control of their peripheral regions. Early in al-Qaim's reign, a large rebellion rose up in the west led by Abu Yazid. For several years the Fatimid armies were pushed back, as the rebellion grew ever closer to their capital in Mahdia. After al-Qaim's death, his son and successor al-Mansur finally managed to beat the rebellion back and take control of their lands once again. The dynasty would later go on to invade Ikhshidid Egypt and establish Cairo as the new capital of their Caliphate.;;;;;;;;;;;Àëü-Êàèì ïîñëåäîâàë çà ñâîèì îòöîì, õàëèôîì àëü-Ìàõäè, êîãäà òîò ïîñåëèëñÿ â Èôðèêèè è îñíîâàë Ôàòèìèäñêèé õàëèôàò. Â ïðÿìîì ïðîòèâîñòîÿíèè õàëèôàòó â Áàãäàäå îíè çàíÿëè ïóñòóþùåå ìåñòî, êîòîðîå îñâîáîäèëè Àááàñèäû, ïîòåðÿâøèå êîíòðîëü íàä âíåøíèìè òåððèòîðèÿìè. Â íà÷àëå ïðàâëåíèÿ àëü-Êàèìà íà çàïàäå ïîäíÿëîñü áîëüøîå âîññòàíèå âî ãëàâå ñ Àáó ßçèäîì. Â òå÷åíèå íåñêîëüêèõ ëåò àðìèÿ Ôàòèìèäîâ áûëà âûíóæäåíà îòñòóïàòü, ïîêà âîññòàíèå ïðèáëèæàëîñü ê èõ ñòîëèöå â Ìàõäèè. Ïîñëå ñìåðòè àëü-Êàèìà åãî ñûíó è ïðååìíèêó àëü-Ìàíñóðó íàêîíåö óäàëîñü ïîäàâèòü ìÿòåæ è âçÿòü ïîä êîíòðîëü ñâîè çåìëè. Ïîçæå åãî äèíàñòèÿ âòîðãëàñü â èõøèäèäñêèé Åãèïåò è ñäåëàëà Êàèð íîâîé ñòîëèöåé õàëèôàòà.;;x
ERA_CHAR_INFO_33350;As the son of Edward the Elder, he gained the Kingdom of Mercia after the death of his father, and Wessex after the death of his brother only weeks afterwards. Waging war against the Norsemen in York, Æthelstan pushed northwards and took the city in 927, becoming the first king of a truly united England. Ten years later, in 937, a coalition led by the Kings of Scotland, Strathclyde, and Dublin waged war against Æthelstan, which ended with the Battle of Brunanburh. With a decisive victory it seemed Æthelstan had finally secured his rule in England, but only two years later he died and was succeeded by his half-brother Edmund.;;;;;;;;;;;Áóäó÷è ñûíîì Ýäóàðäà Ñòàðøåãî, îí ïîëó÷èë Êîðîëåâñòâî Ìåðñèÿ ïîñëå ñìåðòè ñâîåãî îòöà, à Óýññåêñ - ïîñëå ñìåðòè ñâîåãî áðàòà ëèøü ñïóñòÿ íåñêîëüêî íåäåëü. Âåäÿ âîéíó ïðîòèâ íîðìàííîâ â Éîðêå, Ýòåëüñòàí äâèíóëñÿ íà ñåâåð è çàõâàòèë ãîðîä â 927 ãîäó, ñòàâ ïåðâûì êîðîë¸ì îáúåäèíåííîé Àíãëèè. Äåñÿòü ëåò ñïóñòÿ, â 937 ãîäó, êîàëèöèÿ âî ãëàâå ñ êîðîëÿìè Øîòëàíäèè, Ñòðàòêëàéäà è Äóáëèíà íà÷àëà âîéíó ïðîòèâ Ýòåëüñòàíà, êîòîðàÿ çàêîí÷èëàñü ïîáåäîé â áèòâå ïðè Áðóíàíáóðãå. Êàçàëîñü, òåïåðü Ýòåëüñòàí íàêîíåö îáåñïå÷èë ñåáå ñïîêîéíîå ïðàâëåíèå, íî ñïóñòÿ äâà ãîäà îí óìåð, è åãî ñìåíèë ñâîäíûé áðàò Ýäìóíä.;;x
ERA_CHAR_INFO_34002;Al-Mansur became sole ruler of the Caliphate after the death of his brother. After defeating several potential challengers to his rule, he led a long and relatively stable reign over his huge empire. His time in power saw the rise of new Islamic literature and scholarship, thanks to cultural tolerance, conversion of new peoples and groups to Islam and a further inclusion of the Persian world into the Caliphate. His reign also saw tentative diplomatic contacts with realms as far away as China.;;;;;;;;;;;Àëü-Ìàíñóð ñòàë åäèíîëè÷íûì ïðàâèòåëåì õàëèôàòà ïîñëå ñìåðòè ñâîåãî áðàòà. Óñòðàíèâ íåñêîëüêèõ ïîòåíöèàëüíûõ êîíêóðåíòîâ, îí äîëãî è îòíîñèòåëüíî ñòàáèëüíî ïðàâëèë ñâîåé îãðîìíîé èìïåðèåé. Â åãî âðåìÿ íàáëþäàëñÿ ïîäú¸ì èñëàìñêîé ëèòåðàòóðû è íàóêè, áëàãîäàðÿ êóëüòóðíîé òîëåðàíòíîñòè, îáðàùåíèþ íîâûõ íàðîäîâ è ïëåì¸í â èñëàì è âêëþ÷åíèþ Ïåðñèè â õàëèôàò. Ïðè åãî ïðàâëåíèè áûëè íà÷àòû äèïëîìàòè÷åñêèå êîíòàêòû ñ äàë¸êèìè ñòðàíàìè, íàïðèìåð ñ Êèòàåì.;;x
ERA_CHAR_INFO_34014;Al-Mu'tazz became Caliph in 866, at only 19 years of age, in a situation where the Abbasid Empire was rife with power struggles between different factions. After a very bloody period of dealing with his various enemies he looked like he was coming out on top, but by then his coffers were empty and a rebellion among the soldiers turned his fortunes around. In the end he was taken prisoner, beaten and locked in a room to starve to death. He was 24 years old when he died.;;;;;;;;;;;Àëü-Ìóòàçç ñòàë õàëèôîì â 866 ãîäó, êîãäà åìó áûëî âñåãî 19 ëåò. Â ýòî âðåìÿ èìïåðèÿ Àááàñèäîâ ïåðåæèâàëà òðóäíîñòè, ñâÿçàííûå ñ áîðüáîé çà âëàñòü ìåæäó ðàçëè÷íûìè ãðóïïàìè. Ïîñëå êðîâàâîãî ïåðèîäà áîðüáû ñî ñâîèìè âðàãàìè îí îäåðæàë ïîáåäó, íî êàçíà áûëà ïóñòà, è âîññòàíèå ñðåäè ñîëäàò îòâåðíóëî óäà÷ó îò íåãî. Â êîíöå êîíöîâ, åãî âçÿëè â ïëåí, èçáèëè è çàïåðëè â êîìíàòå, óìîðèâ ãîëîäîì. Ïîãèá îí â âîçðàñòå 24 ëåò.;;x
ERA_CHAR_INFO_40605;Rurik was a viking of Swedish origin who took advantage of the internal struggles of the tribes around Ladoga to conquer and establish a strong Norse realm in the east. His successors expanded their influence and eventually ruled as far south as Kiev, and the dynasty soon also adopted the Slavic language and customs (as Viking settlers often did). The descendants of Rurik would eventually become the first Tsars of Russia.;;;;;;;;;;;Ðþðèê áûë âèêèíãîì øâåäñêîãî ïðîèñõîæäåíèÿ, êîòîðûé âîñïîëüçîâàëñÿ âíóòðåííåé áîðüáîé ïëåì¸í â îêðåñòíîñòÿõ Ëàäîæñêîãî îçåðà ñ öåëüþ çàâîåâàòü è ñîçäàòü ñèëüíîå ñêàíäèíàâñêîå ãîñóäàðñòâî íà âîñòîêå. Åãî ïðååìíèêè ðàñøèðèëè ñâî¸ âëèÿíèå è â êîíå÷íîì ñ÷¸òå äîøëè äî Êèåâà, à äèíàñòèÿ âñêîðå ïðèíÿëà ñëàâÿíñêèé ÿçûê è îáû÷àè (êàê âèêèíãè-ïîñåëåíöû ÷àñòî äåëàëè). Ïîòîìêè Ðþðèêà çàòåì ñòàíóò ïåðâûìè ïðàâèòåëÿìè Ðóñè.;;x
ERA_CHAR_INFO_73679;Abd-al-Rahman I was born near Damascus in Syria, but had to flee his homeland when the Abbasids took power. He spent several years in exile before arriving in Spain, where he managed to seize power and declare himself ruler of Al-Andalus. He wanted to return east and avenge himself on the Abbasids, but the need to deal with issues closer to home kept preventing him from doing so. He instead set his mark on the history of Spain, establishing the rule of his dynasty there for centuries to come.;;;;;;;;;;;Àáä-àëü-Ðàõìàí I ðîäèëñÿ â Ñèðèè íåäàëåêî îò Äàìàñêà, íî áûë âûíóæäåí ïîêèíóòü ñâîþ ðîäèíó, êîãäà Àááàñèäû ïðèøëè ê âëàñòè. Îí ïðîâ¸ë íåñêîëüêî ëåò â èçãíàíèè äî ïðèáûòèÿ â Èñïàíèþ, ãäå åìó óäàëîñü çàõâàòèòü âëàñòü è îáúÿâèòü ñåáÿ ïðàâèòåëåì Ñóëòàíàòà Àëü-Àíäàëóñ. Îí õîòåë âåðíóòüñÿ íà âîñòîê è îòîìñòèòü Àááàñèäàì, íî íåîáõîäèìîñòü ðåøàòü âîïðîñû â ñâîèõ çåìëÿõ ïîìåøàëà åãî ïëàíàì. Âìåñòî ýòîãî îí îñòàâèë ñëåä â èñòîðèè Èñïàíèè, óñòàíîâèâ òàì âåðõîâåíñòâî ñâîåé äèíàñòèè íà âåêà.;;x
ERA_CHAR_INFO_74413;Krishna I of the Rashtrakuta dynasty took power in 756, defeating several competitors for the throne in order to secure his realm. He fought wars against the Chalukyas and Pratiharas and conquered Karnataka, making his dynasty more powerful than ever before. He was also a great patron to builders and commissioned many new temples and monuments.;;;;;;;;;;;Êðèøíà I èç äèíàñòèè Ðàøðòðàêóò ïðèø¸ë ê âëàñòè â 756 ãîäó, óíè÷òîæèâ êîíêóðåíòîâ íà ïðåñòîë. Îí âîåâàë ïðîòèâ ×àëóêüåâ è Ïðàòèõàð, çàâîåâàë Êàðíàòàêà, ñäåëàâ ñâîþ äèíàñòèþ ìîãóùåñòâåíåå ÷åì êîãäà-ëèáî ïðåæäå. Áóäó÷è âåëèêèì ïîêðîâèòåëåì ñòðîèòåëåé, îí âîçâ¸ë ìíîæåñòâî íîâûõ õðàìîâ è ïàìÿòíèêîâ.;;x
ERA_CHAR_INFO_74441;Somesvara I became king of the Western Chalukyas in 1042, after which he founded the city of Kalyani and made it his capital. He was a very active and energetic ruler but spent most of his reign fighting wars against a succession of rulers from the Chola Dynasty, who were his rivals for domination of Vengi. Unable to achieve victory against his enemies and tormented by an incurable illness, Somesvara ultimately took his own life by drowning himself in the Tungabhadra River.;;;;;;;;;;;Ñîìåñâàðà I ñòàë êîðîë¸ì çàïàäíûõ ×àëóêüåâ â 1042ã, ïîñëå ÷åãî îí îñíîâàë ãîðîä Êàëüÿíè è ñäåëàë åãî ñâîåé ñòîëèöåé. Îí áûë î÷åíü àêòèâíûì è ýíåðãè÷íûì ïðàâèòåëåì, íî ïðîâ¸ë áîëüøóþ ÷àñòü ñâîåãî ïðàâëåíèÿ, âåäÿ âîéíû ïðîòèâ âëàñòè ïðàâèòåëåé èç äèíàñòèè ×îëà, êîòîðûå áûëè åãî ñîïåðíèêàìè çà ãîñïîäñòâî íàä Âåíãè. Íåâîçìîæíîñòü äîáèòüñÿ ïîáåäû ïðîòèâ ñâîèõ âðàãîâ è ìó÷èâøàÿ åãî íåèçëå÷èìàÿ áîëåçíü, ïðèâåëè Ñîìåñâàðó, â êîíå÷íîì ñ÷¸òå, ê òîìó, ÷òî îí ïîêîí÷èë æèçíü ñàìîóáèéñòâîì, óòîïèâøèñü â ðåêå Òóíãàáõàäðà.;;x
ERA_CHAR_INFO_74656;Singhana II was a powerful Indian ruler who greatly expanded his realm towards the north, south and east. As a great patron of science and the arts, he established a college of astronomy and founded the city of Singhanapur.;;;;;;;;;;;Ñèíãàíà II áûë ìîãóùåñòâåííûì èíäèéñêèì ïðàâèòåëåì, êîòîðûé çíà÷èòåëüíî ðàñøèðèë ñâîè âëàäåíèÿ íà ñåâåð, þã è âîñòîê. Êàê âåëèêèé ïîêðîâèòåëü íàóêè è èñêóññòâà îí ñîçäàë øêîëó àñòðîíîìèè è îñíîâàë ãîðîä Ñèíãàíàïóð.;;x
ERA_CHAR_INFO_90104;When Louis the Pious died, civil war broke out in the Carolingian Empire between his sons due to disagreements over the inheritance. In the settlement that followed the war, Charles was given West Francia. Once Lothair died, however, the balance of power was broken and Charles fought long and bitterly with his brother Ludwig over primacy and over the lands that Lothar had left behind. After Ludwig's death, Charles tried to make a grab for the German lands, but he died during the resulting war in 877 while crossing the Alps.;;;;;;;;;;;Êîãäà Ëóè Áëàãî÷åñòèâûé óìåð, ìåæäó åãî ñûíîâüÿìè èç-çà ðàçíîãëàñèé ïî ïîâîäó íàñëåäñòâà â èìïåðèè Êàðîëèíãîâ âñïûõíóëà ãðàæäàíñêàÿ âîéíà. Â ðàçäåëå ñòðàíû, êîòîðûé ïîñëåäîâàë ïîñëå âîéíû, Êàðëó áûëî äàíî Çàïàäíî-Ôðàíêñêîå êîðîëåâñòâî. Ïîñëå ñìåðòè Ëîòàðÿ áàëàíñ ñèë áûë ñëîìëåí è Êàðë áîðîëñÿ äîëãî è îò÷àÿííî ñ áðàòîì Ëþäâèãîì çà çåìëè, êîòîðûå îñòàâèë ïîñëå ñåáÿ Ëîòàðü. Ïîñëå ñìåðòè Ëóè, Êàðë ïûòàëñÿ çàõâàòèòü íåìåöêèå çåìëè, íî â 877 ã. ïîãèá íà âîéíå, êîãäà ïåðåõîäèë ÷åðåç Àëüïû.;;x
ERA_CHAR_INFO_90107;After making peace with his brothers at the Treaty of Verdun, Ludwig ruled over East Francia and Bavaria, lands that he had already administrated before his father's death. After this, he was locked in constant struggles to expand his power in the Frankish Empire, sometimes allying with his brother Charles the Bald and sometimes fighting him. He was also engaged with suppressing rebellions in Saxony and fighting wars on the Moravian border. He was a great sponsor of the church, using it as a means to suppress pagan subjects, and Germany started to develop its own identity as a kingdom during his reign.;;;;;;;;;;;Ïîñëå çàêëþ÷åíèÿ ìèðà ñî ñâîèìè áðàòüÿìè ïîä Âåðäåíîì, Ëþäâèã ïîëó÷èë âîñòî÷íî-ôðàíêñêèå è áàâàðñêèå çåìëè, êîòîðûìè îí óïðàâëÿë åù¸ äî ñìåðòè ñâîåãî îòöà. Ïîñëå ýòîãî îí ïîñòîÿííî áîðîëñÿ çà ðàñøèðåíèå ñâîåé âëàñòè â èìïåðèè ôðàíêîâ, èíîãäà ñîþçíè÷àÿ ñî ñâîèì áðàòîì Êàðëîì Ëûñûì, à èíîãäà è âîþÿ ñ íèì. Îí òàêæå çàíèìàëñÿ ïîäàâëåíèåì âîññòàíèÿ â Ñàêñîíèè è â¸ë âîéíû íà ãðàíèöå Ìîðàâèè. Áóäó÷è âåëèêèì ñïîíñîðîì öåðêâè, îí èñïîëüçîâàë å¸ â êà÷åñòâå ñðåäñòâà äëÿ ïîäàâëåíèÿ ÿçû÷íèêîâ. Ïðè åãî ïðàâëåíèè Ãåðìàíèÿ íà÷àëà îáðåòàòü ñîáñòâåííóþ ãîñóäàðñòâåííóþ èäåíòè÷íîñòü.;;x
ERA_CHAR_INFO_93052;Inheriting the Khwarezmian Empire after the death of his father, Mohammed was immediately faced with an invasion by the Ghurids. Several chaotic years of intermittent war between the Khwarezmids, Ghurids and the Kara-Khitans ensued. Mohammed was at one point taken prisoner and held captive in the Kara-Khitan Khanate for a year, but changing fortunes would see him come out on top against his enemies, and he eventually managed to conquer Samarkand, Balochistan and Afghanistan and declare himself Shah. His reign came to an end sooner than expected, however, as Genghis Khan and the Mongols entered the scene in 1218. Within two short years, the Mongols had overrun his domain and he died a fugitive on a small island in the Caspian Sea in 1220.;;;;;;;;;;;Óíàñëåäîâàâ Õîðåçìñêóþ èìïåðèþ ïîñëå ñìåðòè ñâîåãî îòöà, Ìóõàììåä ñðàçó ñòîëêíóëñÿ ñ âòîðæåíèåì Ãóðèäîâ. Ïîñëåäîâàëî íåñêîëüêî ëåò õàîòè÷íîé âîéíû ìåæäó Õîðåçìñêîé èìïåðèåé, Ãóðèäàìè è Êàðà-êèäàíè. Ìóõàììåä áûë çàõâà÷åí è ïðîáûë â ïëåíó ó Êàðà-êèäàíåé ãîä, íî íåë¸ãêàÿ ñóäüáà ñêîâàëà èç íåãî ãðîçíîãî ñîïåðíèêà, êîòîðîìó â êîíöå êîíöîâ óäàëîñü çàõâàòèòü Ñàìàðêàíä, Áåëóäæèñòàí è Àôãàíèñòàí, îáúÿâèâ ñåáÿ Øàõîì. Åãî ïðàâëåíèå ïîäîøëî ê êîíöó äîñòàòî÷íî áûñòðî èç-çà âòîðæåíèÿ ×èíãèñõàíà â 1218 ã. Çà 2 ãîäà ìîíãîëû çàõâàòèëè âñå åãî âëàäåíèÿ è â 1220 ã. îí óìåð íà ìàëåíüêîì îñòðîâå â Êàñïèéñêîì ìîðå.;;x
ERA_CHAR_INFO_98003;Béla IV came from the long lineage of the Árpád rulers of Hungary. He refused to swear fealty to the Mongol Khan Ögödei and thus was faced with a Mongol invasion of Hungary. All seemed lost but salvation came with the death of Ögödei in 1242 since Batu of the Golden Horde ordered the army to safeguard the election of a new Great Khan back in Asia. Béla spent the following years building his kingdom in preparation for another Mongol invasion and became known as the Second Founder of the State.;;;;;;;;;;;Ðîäèëñÿ Áåëà IV â ñòàðèííîé äèíàñòèè Àðïàäîâ, ïðàâèòåëåé Âåíãðèè. Îí îòêàçàëñÿ ïðèñÿãàòü íà âåðíîñòü ìîíãîëüñêîìó õàíó Óãýäýþ è, òàêèì îáðàçîì, ñòîëêíóëñÿ ñ ìîíãîëüñêèì âòîðæåíèåì â Âåíãðèþ. Âñ¸, êàçàëîñü, áûëî êîí÷åíî, íî ñïàñåíèå ïðèøëî ñ ãèáåëüþ Óãýäýÿ â 1242, êîãäà Áàòûé, âîåíà÷àëüíèê Çîëîòîé Îðäû, ïðèêàçàë àðìèè îáåçîïàñèòü âûáîðû íîâîãî âåëèêîãî õàíà è âåðíóòüñÿ íàçàä â Àçèþ. Ñëåäóùèå ãîäû Áåëà ïîòðàòèë íà ðàçâèòèå ñâîåãî ãîñóäàðñòâà, ïîäãîòîâêó ê î÷åðåäíîìó ìîíãîëüñêîìó íàøåñòâèþ, è ñòàë èçâåñòåí êàê Âòîðîé îñíîâàòåëü ãîñóäàðñòâà.;;x
ERA_CHAR_INFO_125501;Temujin was born in Mongolia, the son of the leader of the Borjigin clan. He was only a child when his father died, and he and his mother were ostracized from the clan due to his young age and competing pretenders. Once he reached maturity, however, Temujin began to forge his own destiny. Over several decades, he increased his reputation and prestige among his people, and eventually led them in the successful conquest of all Mongolia. After this, he went on to conquer northern China, all of Central Asia and parts of Persia and the western steppes. He became recognized as one of the greatest conquerors in the history of humanity, and the Mongols would continue expanding on these conquests after his death.;;;;;;;;;;;Òåìó÷æèí ðîäèëñÿ â Ìîíãîëèè êàê ñûí ëèäåðà êëàíà Áîðäæèãèíîâ. Îí áûë åù¸ ðåá¸íêîì, êîãäà óìåð åãî îòåö, à îí, è åãî ìàòü áûëè ïîäâåðãíóòû ãîíåíèÿì èç-çà åãî ìîëîäîãî âîçðàñòà è êîíêóðèðóþùèõ ïðåòåíäåíòîâ. Ïîñëå òîãî, êàê îí äîñòèã çðåëîñòè, îí íà÷àë ñòðîèòü ñâîþ æèçíü. Â òå÷åíèå íåñêîëüêèõ äåñÿòèëåòèé, îí ïîäíÿë ñâîþ ðåïóòàöèþ è àâòîðèòåò ñðåäè ëþäåé, ÷òî â êîíå÷íîì èòîãå ïðèâåëî ê óñïåøíîìó çàâîåâàíèþ âñåé Ìîíãîëèè. Ïîñëå ýòîãî îí îòïðàâèëñÿ ïîêîðÿòü Ñåâåðíûé Êèòàé, Öåíòðàëüíóþ Àçèþ è ÷àñòè Ïåðñèè ñ çàïàäíûìè ñòåïÿìè. Îí áûë ïðèçíàí îäíèì èç âåëè÷àéøèõ çàâîåâàòåëåé â èñòîðèè ÷åëîâå÷åñòâà, è ìîíãîëû ïðîäîëæèëè ðàñøèðÿòü ýòè çàâîåâàíèÿ ïîñëå åãî ñìåðòè.;;x
ERA_CHAR_INFO_144001;Hakon was one of the many many sons of Harald Fairhair, legendary king of Norway. When his brother Eirik took control of Norway, not many years passed until his despotic rule made him unpopular to the point of rebellion. Hakon who had been raised by King Æthelstan of England was sent back home to Norway to take over the rule of the kingdom. As a christian in a very pagan country, he had a long and tenuous rule over the many norwegian tribes. Throughout his rule he was threatened by the Danish king who supported the claims of his grandsons, the sons of his half-brother Eirik. In the end Hakon fell as he repelled the Danes at the Battle of Fitjar, and was succeeded by his nephew Harald II Greycloak.;;;;;;;;;;;Õàêîí áûë îäíèì èç ìíîãèõ ñûíîâåé Õàðàëüäà Ïðåêðàñíîâîëîñîãî, ëåãåíäàðíîãî êîíóíãà Íîðâåãèè. Ïîñëå òîãî, êàê åãî áðàò Ýéðèê âçÿë êîíóíãñòâî ïîä ñâîé êîíòðîëü, ïðîøëî íå òàê ìíîãî ëåò, ïðåæäå ÷åì åãî äåñïîòè÷åñêîå ïðàâëåíèå íå ïîáóäèëî íàðîä ê âîññòàíèþ. Õàêîí, âîñïèòàíûé êîðîë¸ì Àíãëèè Ýòåëüñòàíîì, áûë îòïðàâëåí íà ðîäèíó â Íîðâåãèþ, ÷òîáû çàíÿòü òðîí. Áóäó÷è õðèñòèàíèíîì â ÿçû÷åñêîé ñòðàíå, îí äîëãîå âðåìÿ îêàçûâàë âåñüìà ìàëî âëèÿíèÿ íà íîðâåæñêèå ïëåìåíà. Íà ïðîòÿæåíèè âñåãî ïðàâëåíèÿ åìó óãðîæàë äàòñêèé êîíóíã, ïîääåðæèâàþùèé ïðèòÿçàíèÿ åãî âíóêîâ, ñûíîâåé åäèíîêðîâíîãî áðàòà Ýéðèêà. Â êîíöå êîíöîâ Õàêîí áûë ñìåðòåëüíî ðàíåí, êîãäà ñðàæàëñÿ ñ äàò÷àíàìè â áèòâå ïðè Ôèòüÿðå, è åìó íàñëåäîâàë ïëåìÿííèê Õàðàëüä II Ñåðàÿ Øêóðà.;;x
ERA_CHAR_INFO_144999;Karloman became joint king of the Franks together with his brother Karl in 768. The two brothers were not friends, rather a rivalry ensued. Karloman was outmaneuvered by his brother's alliance with the Lombards, and sought the support of the Pope in order to counter this, but did ultimately not succeed. He died unexpectedly in 771, just as war for the Frankish crown seemed inevitable. It has been claimed that he was poisoned, but this was never proven...;;;;;;;;;;;Êàðëîìàí ïðàâèë ôðàíêàìè âìåñòå ñî ñâîèì áðàòîì Êàðëîì â 768 ãîäó. Áðàòüÿ íå î÷åíü ëàäèëè, ïîýòîìó ñòàëè ïðîòèâíèêàìè. Êàðëîìàí áûë îáìàíóò àëüÿíñîì áðàòà ñ ëàíãîáàðäàìè, è èñêàë ïîääåðæêó Ïàïû, ÷òîáû ïðîòèâîñòîÿòü èì, íî â êîíå÷íîì ñ÷¸òå åìó ýòî íå óäàëîñü. Îí ñêîðîïîñòèæíî ñêîí÷àëñÿ â 771 ãîäó, ê òîìó æå âîéíà çà êîðîíó Ôðàíêñêîãî êîðîëåâñòâà êàçàëàñü íåèçáåæíîé. Áûëî îáúÿâëåíî, ÷òî åãî îòðàâèëè, íî ýòîãî íèêòî íå ñìîã äîêàçàòü...;;x
ERA_CHAR_INFO_159135;As the third grand prince of the Hungarians and the successor to the legendary Árpád, Zolta led their people for several decades in the early 10th century. Throughout this period the Hungarians were feared raiders who travelled across all of Europe, from Byzantium to Córdoba. After his death in the year 950, only a few years passed until Otto I beat back the Hungarian raiders in the Battle of Lechfeld, putting an end to their tyranny.;;;;;;;;;;;Òðåòèé âåëèêèé êíÿçü âåíãðîâ è ïðååìíèê ëåãåíäàðíîãî Àðïàäà, Æîëüò, òàêæå èçâåñòíûé êàê Çîëüòà, ïðàâèë ñâîèì íàðîäîì íåñêîëüêî äåñÿòèëåòèé â íà÷àëå X âåêà. Â òî âðåìÿ âåíãðû áûëè ñòðàøíûìè íàë¸ò÷èêàìè, íàâîäÿùèìè óæàñ íà âñþ Åâðîïó, îò Âèçàíòèè äî Êîðäîâû. Ñïóñòÿ íåñêîëüêî ëåò ïîñëå åãî ñìåðòè â 950 ãîäó, Îòòîí I îäîëåë âåíãðîâ â áèòâå íà ðåêå Ëåõ, ïîëîæèâ êîíåö èõ òèðàíèè.;;x
ERA_CHAR_INFO_163112;Halfdan Whiteshirt was born the son of legendary Viking Ragnar Lodbrok. He made several successful expeditions, journeying primarily to England, and later was one of the leaders of the Great Heathen Army of 865. Halfdan managed to build a large realm for himself in England, including areas as far south as London, but later ran into trouble with his peers and was expelled from the realm. He then sought out new adventures and eventually died as a Viking on another bold expedition.;;;;;;;;;;;"Õàëüôäàí Õâèòñåðê áûë ñûíîì ëåãåíäàðíîãî âèêèíãà Ðàãíàðà Ëîäáðîêà. Îí ñîâåðøèë íåñêîëüêî óñïåøíûõ íàáåãîâ íà Àíãëèþ, à ïîçæå áûë îäíèì èç ëèäåðîâ ""Âåëèêîé ÿçû÷åñêîé àðìèè"" â 865 ãîäó. Â Àíãëèè Õàëüôäàí çàõâàòèë îáøèðíûå çåìëè, â òîì ÷èñëå þæíûå, íàïðèìåð Ëîíäîí, íî áûë ñáðîøåí ñ òðîíà è áåæàë ñî ñâîèìè ñîðàòíèêàìè. Çàòåì îí îòïðàâèëñÿ çà íîâûìè ïðèêëþ÷åíèÿìè è â êîíöå êîíöîâ óìåð, êàê âèêèíã â î÷åðåäíîì ñëàâíîì ïîõîäå.";;x
ERA_CHAR_INFO_167219;The Hanseatic League was a loose alliance of German cities centered on Lübeck that dominated Baltic trade in the late Middle Ages and beyond, after displacing Visby as the leading merchant power in the region. Offices, so-called 'kontors,' were opened in major ports and trading hubs everywhere from London in the west to Novgorod in the east. Eventually the League became powerful enough to challenge larger realms directly, such as when they sacked the Danish capital of Copenhagen in the second half of the 14th century.;;;;;;;;;;;"Ãàíçåéñêàÿ ëèãà áûëà ñîþçîì âîëüíûõ íåìåöêèõ ãîðîäîâ ñî ñòîëèöåé â Ëþáåêå, êîòîðûå äîìèíèðîâàëè â Áàëòèéñêîé òîðãîâîé çîíå â ýïîõó ïîçäíåãî Ñðåäíåâåêîâüÿ ïîñëå âûòåñíåíèÿ Âèñáþ â êà÷åñòâå âåäóùåé òîðãîâîé ñèëû â ðåãèîíå. Îôèñû, òàê íàçûâàåìûå ""êîíòîðû"", áûëè îòêðûòû â îñíîâíûõ ïîðòàõ è òîðãîâûõ öåíòðàõ âî âñåì ìèðå, îò Ëîíäîíà íà çàïàäå äî Íîâãîðîäà íà âîñòîêå. Â êîíöå êîíöîâ ëèãà ñòàëà äîñòàòî÷íî ìîùíîé, ÷òîáû áðîñèòü âûçîâ êðóïíûì äåðæàâàì íàïðÿìóþ. Íàïðèìåð, îíè ðàçãðàáèëè äàòñêóþ ñòîëèöó Êîïåíãàãåí âî âòîðîé ïîëîâèíå XIV âåêà.";;x
ERA_CHAR_INFO_170193;Mystery surrounds Iltutmish’s early years, though it is said he was named for an eclipse that occurred during his birth. He was sold into slavery at an early age, and eventually ended up being bought by Aibak, the ruler of Lahore. Aibak valued his new servant highly and kept giving Iltutmish increasing responsibilities and corresponding honors, eventually marrying him to his own daughter. When Aibak died in 1210, Iltutmish enjoyed strong support as he claimed the throne. Years of turmoil ensued as he fought off contenders and then strengthened his position. He subsequently managed to avoid open conflict with the Mongols, founding the Delhi Sultanate that was to last into the 16th century.;;;;;;;;;;;Ðàííåå äåòñòâî Èëòóòìèøà îêóòàíî òàéíîé, ñàì îí óòâåðæäàë ÷òî áûë íàçâàí â ÷åñòü çàòìåíèÿ, êîòîðîå ïðîèçîøëî â äåíü åãî ðîæäåíèÿ. Â äåòñòâå îí áûë ïðîäàí â ðàáñòâî, è êóïëåí Àéáàêîì, ïðàâèòåëåì Ëàõîðà. Àéáàê âûñîêî öåíèë íîâîãî ñëóãó è ïðîäîëæàë îäàðèâàòü åãî ïî÷åñòÿìè, â êîíöå êîíöîâ æåíèâ íà ñîáñòâåííîé äî÷åðè. Êîãäà Àéáàê óìåð â 1210ã, Èëòóòìèø ïîëó÷èë ñèëüíóþ ïîääåðæêó â ïðåòåíçèÿõ íà òðîí. Ïîñëåäîâàëè ãîäû ïîòðÿñåíèé, èáî Èëòóòìèø áîðîëñÿ ñ ïðåòåíäåíòàìè íà òðîí è óêðåïëÿë ñâîè ïîçèöèè. Åìó óäàëîñü èçáåæàòü êîíôëèêòà ñ ìîíãîëàìè è îí îñíîâàë Äåëèéñêèé ñóëòàíàò, êîòîðûé ïðîñóùåñòâîâàë äî XVI âåêà.;;x
ERA_CHAR_INFO_170258;Muhammad II was the head of the Tughluq dynasty, which had carved out a vast Muslim empire in India. Under him, the empire initially expanded to temporarily control most of India, but it was not to last. Muhammad had a well-earned reputation for ruthlessness and cruelty, and taxes in his empire were raised to exorbitant levels. He had to contend with numerous revolts, and by the time of his death the realm had already begun to fragment.;;;;;;;;;;;Ìóõàììåä II áûë ãëàâîé äèíàñòèè Òóãëàêîâ, êîòîðûå ñîçäàëè îãðîìíóþ ìóñóëüìàíñêóþ èìïåðèþ. Ïðè í¸ì èìïåðèÿ ðàñøèðèëàñü è êîíòðîëèðîâàëà áîëüøóþ ÷àñòü Èíäèè, íî ýòî ïðîäèëîñü íåäîëãî. Ìóõàììåä èìåë çàñëóæåííóþ ðåïóòàöèþ æåñòîêîãî è áåñïîùàäíîãî ïðàâèòåëÿ. Íàëîãè â ñâîåé èìïåðèè îí ïîäíÿë äî íåïîìåðíûõ óðîâíåé. Îí äîëæåí áûë áîðîòüñÿ ñ ìíîãî÷èñëåííûìè âîññòàíèÿìè, è ê ìîìåíòó ñìåðòè, åãî ãîñóäàðñòâî óæå íà÷àëî ñâîé ðàñïàä.;;x
ERA_CHAR_INFO_190347;Desiderius became King of the Lombards in 756 after putting down the revolt of his rival Ratchis. Throughout his reign, he was constantly in competition with the popes and the southern dukes for domination of Italy. He sought an alliance with Charlemagne but when the latter divorced his daughter relations were soured. Eventually the kingdom was invaded and conquered by the Franks, making Desiderius the last Lombard king.;;;;;;;;;;;Äåçèäåðèé ñòàë êîðîë¸ì ëàíãîáàðäîâ â 756 ãîäó, ïîñëå ïîäàâëåíèÿ âîññòàíèÿ ñâîåãî ñîïåðíèêà Ðàòõèñà. Íà ïðîòÿæåíèè ñâîåãî ïðàâëåíèÿ îí ïîñòîÿííî ñîïåðíè÷àë ñ Ïàïàìè è þæíûìè ãåðöîãàìè çà ãîñïîäñòâî â Èòàëèè. Îí ñòðåìèëñÿ çàêëþ÷èòü ñîþç ñ Êàðëîì Âåëèêèì, íî êîãäà ïîñëåäíèé ðàçâ¸ëñÿ ñ åãî äî÷åðüþ, îòíîøåíèÿ èñïîðòèëèñü. Â êîíöå êîíöîâ åãî êîðîëåâñòâî çàâîåâàëè ôðàíêè, ñäåëàâ Äåçèäåðèóñà ïîñëåäíèì ëîìáàðäñêèì êîðîë¸ì.;;x
ERA_CHAR_INFO_212513;Referred to by contemporaries as stupor mundi, the 'wonder of the world,' Friedrich II was among the most powerful and influential emperors of the Holy Roman Empire during the Middle Ages. His reign was marked with frequent wars against the Papacy, and Friedrich was excommunicated four times - Pope Gregory IX even dubbed him the Antichrist. He managed to broker the return of Jerusalem to Christian control during the Sixth Crusade despite taking part in very little actual fighting. After dying of dysentry in 1250 at the age of 55, his line would quickly die out, resulting in the end of the House of Hohenstaufen.;;;;;;;;;;;"Cîâðåìåííèêè íàçûâàëè åãî ""stupor mundi"" - ""÷óäî ñâåòà"". Ôðèäðèõ II áûë îäíèì èç ñàìûõ ìîùíûõ è âëèÿòåëüíûõ èìïåðàòîðîâ Ñâÿùåííîé Ðèìñêîé èìïåðèè â Ñðåäíèå âåêà. Åãî ïðàâëåíèå áûëî îçíàìåíîâàíî ÷àñòûìè âîéíàìè ïðîòèâ ïàïñòâà, è Ôðèäðèõ áûë îòëó÷¸í îò öåðêâè ÷åòûðå ðàçà. Ïàïà Ãðèãîðèé IX äàæå íàçâàë åãî Àíòèõðèñòîì. Åìó óäàëîñü ïîìî÷ü âåðíóòü Èåðóñàëèì ïîä êîíòðîëü õðèñòèàíñòâà â õîäå øåñòîãî êðåñòîâîãî ïîõîäà, íåñìîòðÿ íà ìàëîå ó÷àñòèå â áîåâûõ äåéñòâèÿõ. Ïîñëå ñìåðòè îò äèçåíòåðèè â 1250 ãîäó â âîçðàñòå 55 ëåò, åãî äèíàñòèÿ âñêîðå ïðåðûâàåòñÿ, ÷òî ïðèâîäèò ê êîíöó ðîäà Ãîãåíøòàóôåíîâ.";;x
ERA_CHAR_INFO_260976;Abu'l-Qasim Sa'id started the Qarmatian faith centered around his capital in al-Bahrein when the Fatimid Caliphate rose in the west. After his father's demise, Abu Tahir continued as the new leader and became infamous throughout the Arabian Peninsula for his raids into Egyptian and Abbasid lands. In 930 he pillaged Mecca, murdered the many pilgrims who had travelled there and stole the Black Stone. After this sacrilege the Qarmatians became even more hated throughout the whole Muslim world, but that did not deter Abu Tahir as he continued the raids and assaults on his neighbours, until he finally died a decade later.;;;;;;;;;;;Êîãäà õàëèôàò Ôàòèìèäîâ ïîäíÿëñÿ íà çàïàäå, Àáó'ë-Êàñèì Ñàèä ñäåëàë ñâîþ ñòîëèöó â àëü-Áàõðåéíå öåíòðîì êàðìàòèçìà. Ïîñëå êîí÷èíû ñâîåãî îòöà íîâûì ëèäåðîì ñòàë Àáó Òàõèð. Åãî ïðàâëåíèå áûëî ïå÷àëüíî èçâåñòíî íà Àðàâèéñêîì ïîëóîñòðîâå íàáåãàìè íà åãèïåòñêèå è àááàñèäñêèå çåìëè. Â 930 ãîäó îí ðàçãðàáèë Ìåêêó, óáèë ìíîãèõ ïàëîìíèêîâ, è óêðàë ×åðíûé êàìåíü. Ïîñëå ýòîãî êîùóíñòâà êàðìàòû ñòàëè åù¸ áîëåå íåíàâèñòíû âñåìó èñëàìñêîìó ìèðó, íî ýòî íå îñòàíîâèëî Àáó Òàõèðà. Îí ïðîäîëæèë íàáåãè íà ñâîèõ ñîñåäåé, ïîêà, íàêîíåö, íå óìåð äåñÿòü ëåò ñïóñòÿ.;;x
ERA_CHAR_INFO_454500;Edward III was in many ways a warrior king, who was crowned after the disastrous reign of his father came to an end in 1327. Under Edward, England was transformed into one of most formidable military powers in Europe and his claim to the French throne would begin the conflict that eventually became known as the Hundred Years War. During his long reign, which would go on to last fifty years, Edward focused mostly on military matters. He personally oversaw the decisive Battle of Crécy, where an English army consisting mostly of longbowmen defeated a much larger French force.;;;;;;;;;;;Ýäóàðä III áûë âî ìíîãèõ îòíîøåíèÿõ êîðîë¸ì-âîèíîì, êîðîíîâàííûì ïîñëå êàòàñòðîôè÷åñêîãî ïðàâëåíèÿ ñâîåãî îòöà, çàêîí÷èâøåãîñÿ â 1327ã. Ïðè Ýäóàðäå Àíãëèÿ ïðåâðàòèëàñü â îäíó èç ñàìûõ ñåðü¸çíûõ âîåííûõ äåðæàâ Åâðîïû. Èìåííî ñ åãî ïðåòåíçèè íà ôðàíöóçñêèé ïðåñòîë íà÷àëñÿ êîíôëèêò, êîòîðûé ñòàë èçâåñòåí êàê Ñòîëåòíÿÿ âîéíà. Âî âðåìÿ ñâîåãî äîëãîãî ïðàâëåíèÿ, ïðîäîëæàâøåãîñÿ ïîëâåêà, Ýäâàðä ñîñðåäîòî÷èëñÿ â îñíîâíîì íà âîåííûõ âîïðîñàõ. Îí ëè÷íî íàáëþäàë çà ðåøàþùåé áèòâîé ïðè Êðåñè, ãäå àíãëèéñêàÿ àðìèÿ, ñîñòîÿùàÿ â îñíîâíîì èç ëó÷íèêîâ, ïîáåäèëà íàìíîãî ïðåâîñõîäÿùèå ôðàíöóçñêèå âîéñêà.;;x
ERA_CHAR_INFO_455500;Philippe the Fortunate was the first French king to hail from the House of Valois, and under his reign France would see the beginning of the Hundred Years War. Despite Philippe's nickname, the war did not go well, and the French army was virtually annihilated at the hands of the English during the Battle of Crécy. At the end of his reign the Black Death made its first appearance in France. A full third of the subjects in his kingdom succumbed to this plague - including Philippe's wife, Queen Joan.;;;;;;;;;;;Ôèëèïï Âåçó÷èé áûë ïåðâûì ôðàíöóçñêèì êîðîë¸ì èç äèíàñòèè Âàëóà, ïîä åãî ïðàâëåíèåì Ôðàíöèÿ íà÷àëà ó÷àñòèå â Ñòîëåòíåé âîéíå. Íåñìîòðÿ íà ïðîçâèùå Ôèëèïïà, âîéíà íå óäàëàñü, è ôðàíöóçñêàÿ àðìèÿ áûëà ïðàêòè÷åñêè óíè÷òîæåíà àíãëè÷àíàìè â áèòâå ïðè Êðåñè. Â êîíöå åãî ïðàâëåíèÿ ×¸ðíàÿ Ñìåðòü âïåðâûå ïðîêàòèëàñü ïî Ôðàíöèè. Òðåòü ïîääàíûõ â åãî êîðîëåâñòâå ïîääàëèñü ýòîé ÷óìå - â òîì ÷èñëå ñóïðóãà Ôèëèïïà, êîðîëåâà Æàííà.;;x
ERA_CHAR_INFO_457620;As king of Castile and Leon, Ferdinand was one of the most critical figures in the history of the Reconquista that would eventually see the Muslims driven from Iberia. Castile under Ferdinand expanded far into southern Spain, using a combination of force and diplomacy to seize Andalusian cities such as Córdoba and Seville. More than four hundred years after his death, Ferdinand was canonized by Pope Clement X and came to be known as as Ferdinand the Saint in the annals of history.;;;;;;;;;;;Êàê êîðîëü Êàñòèëèè è Ëåîíà, Ôåðäèíàíä áûë îäíèì èç ñàìûõ âàæíûõ ôèãóð â èñòîðèè Ðåêîíêèñòû, èçãíàâøåé ìóñóëüìàí èç Èáåðèè. Êàñòèëèÿ ïðè Ôåðäèíàíäå ðàñøèðèëàñü äàëåêî, äî þæíîé Èñïàíèè. Îí èñïîëüçîâàë ñî÷åòàíèå ñèëû è äèïëîìàòèè, ñòðåìÿñü çàõâàòèòü àíäàëóçñêèå ãîðîäà, òàêèå êàê Êàðäîáà è Ñåâèëüÿ. Ñïóñòÿ ÷åòûðåñòà ëåò ïîñëå åãî ñìåðòè, Ôåðäèíàíä áûë êàíîíèçèðîâàí Ïàïîé Êëèìåíòîì X è ñòàë èçâåñòåí êàê Ôåðäèíàíä Ñâÿòîé â àííàëàõ èñòîðèè.;;x
ERA_CHAR_INFO_471500;Casimir the Great inherited the throne of Poland in 1333 and continued his fathers work in unifying the Polish kingdom. During his lifetime he went on military campaigns to expand his realm to the east and solidify his borders in the west. To get support from the Hungarian nobles he also promised them the Polish throne if he would end up heirless. Unfortunately he didn't manage to produce a legal male heir, in spite of his four different marriages, and after his death in 1370 the Hungarians pressed their claim to the Polish crown and ended the Piast dynasty.;;;;;;;;;;;Êàçèìåæ Âåëèêèé óíàñëåäîâàë òðîí Ïîëüøè â 1333 ã. è ïðîäîëæèë äåëî îòöà, ðàáîòàÿ íàä îáúåäèíåíèåì êîðîëåâñòâà Ïîëüñêîãî. Â òå÷åíèå ñâîåé æèçíè îí ïðîäîëæàë âîåííûå êàìïàíèè, ÷òîáû ðàñøèðèòü âëàäåíèÿ íà âîñòîêå è óêðåïèòü ãðàíèöû íà çàïàäå. ×òîáû ïîëó÷èòü ïîääåðæêó îò âåíãåðñêèõ äâîðÿí îí ïîîáåùàë èì ïîëüñêèé ïðåñòîë, åñëè ñòàíåò íàñëåäíèêîì. Ê ñîæàëåíèþ, ñàì îí íå îñòàâèë íàñëåäíèêà ìóæñêîãî ïîëà, íåñìîòðÿ íà ÷åòûðå ðàçíûõ áðàêà, à ïîñëå åãî ñìåðòè â 1370 ã. âåíãðû èñïîëüçîâàëè ñâîè ïðåòåíçèè íà ïîëüñêóþ êîðîíó. Òàê çàêîí÷èëàñü äèíàñòèÿ Ïÿñòîâ.;;x
ERA_CHAR_INFO_476500;Son of Osman I, the founder and namesake of the illustrious Ottoman dynasty, Orhan succeeded his father upon his death. He initially offered to rule jointly with his brother Alaeddin, but the latter declined and would instead serve as Orhan's highly influential vizier until his death in 1332. Under Orhan, the Ottomans expanded greatly in northwestern Anatolia at the expense of the Byzantine Empire, who were embroiled in a series of civil wars.;;;;;;;;;;;Ñûí Îñìàíà I, îñíîâàòåëÿ Îñìàíñêîé äèíàñòèè, Îðõàí ñòàë ïðååìíèêîì ñâîåãî îòöà ïîñëå åãî ñìåðòè. Îí ïðåäëîæèë ñâîåìó áðàòó Àëëàäèíó ïðàâèòü âìåñòå ñ íèì, íî òîò îòêàçàëñÿ, à âìåñòî ýòîãî ñëóæèë âåñüìà âëèÿòåëüíûì âèçèðåì Îðõàíà äî ñàìîé åãî ñìåðòè â 1332ã. Ïðè Îðõàíå òóðêè çíà÷èòåëüíî ðàñøèðèëèñü â ñåâåðî-çàïàäíîé Àíàòîëèè çà ñ÷¸ò âèçàíòèéñêèõ ãðàæäàíñêèõ âîéí.;;x
ERA_CHAR_INFO_478011;Hulegu was the grandson of Genghis Khan. When his brother Möngke became Great Khan, Hulegu was ordered to conquer the remaining Muslim territories in western Asia. For his campaign he was assigned the largest Mongol army assembled and with it he ravaged the important Muslim cities of Baghdad and Damascus. This effectively pushed the centre of Muslim power west to the Mamluks in Cairo. He was also responsible for destroying the Hashashins. The lands he conquered became the foundation for the Ilkhanate which became a major power in the Middle East.;;;;;;;;;;;Õóëàãó áûë âíóêîì ×èíãèç-õàíà. Êîãäà åãî áðàò Ìóíêå ñòàë âåëèêèì õàíîì, Õóëàãó ïîëó÷èë ïðèêàç çàâîåâàòü îñòàâøèåñÿ ìóñóëüìàíñêèå òåððèòîðèè â Çàïàäíîé Àçèè. Äëÿ åãî êàìïàíèè áûëà âûäåëåíà êðóïíåéøàÿ ìîíãîëüñêàÿ àðìèÿ. Îí ðàçîðèë âàæíûå ìóñóëüìàíñêèå ãîðîäà - Áàãäàä è Äàìàñê. Ýòî ýôôåêòèâíî îòòîëêíóëî öåíòð ìóñóëüìàíñêîé âëàñòè íà çàïàä ê ìàìëþêàì â Êàèðå. Îí òàêæå áûë îòâåòñòâåííûì çà óíè÷òîæåíèå õàøàøèíîâ. Çåìëè, êîòîðûå îí çàâîåâàë ïîñëóæèëè îñíîâîé äëÿ Èëüõàíàòà, ãîñóäàðñòâà Õóëàãóèäîâ, êîòîðîå ñòàëî ãëàâíîé ñèëîé íà Áëèæíåì Âîñòîêå.;;x
ERA_CHAR_INFO_480000;Mohammed Özbeg was the longest reigning khan of the Golden Horde, and it was under him that the Mongol splinter state reached the height of its power. Özbeg was converted to Islam at an early age, and upon assuming the throne he adopted it as a state religion. Despite this he was known to be highly tolerant of Christians, something that Pope John XXII would personally thank him for in a letter.;;;;;;;;;;;Ìóõàììåä Óçáåê áûë ñàìûì äëèííîïðàâÿùèì õàíîì Çîëîòîé Îðäû, è èìåííî ïðè í¸ì îñêîëîê ìîíãîëüñêîãî ãîñóäàðñòâà äîñòèã âåðøèíû ñâîåãî ìîãóùåñòâà. Óçáåê ïðèíÿë èñëàì â ðàííåì âîçðàñòå, è ïðè âñòóïëåíèè íà ïðåñòîë ââ¸ë åãî â êà÷åñòâå ãîñóäàðñòâåííîé ðåëèãèè. Íåñìîòðÿ íà ýòî, îí áûë èçâåñòåí òîëåðàíòíîñòüþ ê õðèñòèàíàì, çà ÷òî Ïàïà Èîàíí XXII ëè÷íî ïîáëàãîäàðèë åãî â ïèñüìå.;;x
ERA_CHAR_NAME_140;William the Conqueror;;;;;;;;;;;Âèëüãåëüì Çàâîåâàòåëü;;x
ERA_CHAR_NAME_214;King Philippe of France;;;;;;;;;;;Ôèëèïï I, êîðîëü Ôðàíöèè;;x
ERA_CHAR_NAME_418;Count Herbert of Vermandois;;;;;;;;;;;Ãðàô Ýðáåð IV äå Âåðìàíäóà;;x
ERA_CHAR_NAME_762;King Boleslaw the Bold;;;;;;;;;;;Êîðîëü Áîëåñëàâ II Ñìåëûé;;x
ERA_CHAR_NAME_1128;Robert Guiscard;;;;;;;;;;;"Ðîáåðò ""Ëèñ""";;x
ERA_CHAR_NAME_1282;Otto I;;;;;;;;;;;Îòòîí I;;x
ERA_CHAR_NAME_1316;Heinrich IV;;;;;;;;;;;Ãåíðèõ IV;;x
ERA_CHAR_NAME_1700;Basil I;;;;;;;;;;;Âàñèëèé I Ìàêåäîíÿíèí;;x
ERA_CHAR_NAME_1742;Basileus Alexios;;;;;;;;;;;Áàçèëåâñ Àëåêñèé I Êîìíèí;;x
ERA_CHAR_NAME_3040;Alp Arslan;;;;;;;;;;;Àëï-Àðñëàí;;x
ERA_CHAR_NAME_3040_DLC;Sultan Alp Arslan;;;;;;;;;;;Ñóëòàí Àëï-Àðñëàí;;x
ERA_CHAR_NAME_3046;Sultan Suleyman of Rum;;;;;;;;;;;Ñóëåéìàí, ñóëòàí Ðóìà;;x
ERA_CHAR_NAME_3096;Al-Mustansir Billah;;;;;;;;;;;Àëü-Ìóñòàíñèð Áèëëàõ;;x
ERA_CHAR_NAME_3504;Khagan Akhad Moshka;;;;;;;;;;;Êàãàí Àõàä Ìîñõà;;x
ERA_CHAR_NAME_5788;King Gudrød of Søreyar;;;;;;;;;;;Ãóäð¸ä, êîðîëü Ñ¸ðåÿðà;;x
ERA_CHAR_NAME_6392;Charlemagne;;;;;;;;;;;Êàðë Âåëèêèé;;x
ERA_CHAR_NAME_7757;Duchess Matilda of Tuscany;;;;;;;;;;;Ìàòèëüäà, ãåðöîãèíÿ Òîñêàíñêàÿ;;x
ERA_CHAR_NAME_20289;Count Werner of Basel;;;;;;;;;;;Âåðíåð, ãðàô Áàçåëÿ;;x
ERA_CHAR_NAME_30809;Isabelle II of Jerusalem;;;;;;;;;;;Èçàáåëëà II Èåðóñàëèìñêàÿ;;x
ERA_CHAR_NAME_32901;Caliph al-Qaim;;;;;;;;;;;Õàëèô àëü-Êàèì;;x
ERA_CHAR_NAME_33350;Æthelstan;;;;;;;;;;;Ýòåëüñòàí;;x
ERA_CHAR_NAME_34002;Al-Mansur;;;;;;;;;;;Àëü-Ìàíñóð;;x
ERA_CHAR_NAME_34014;Al-Mu'tazz;;;;;;;;;;;Àëü-Ìóòàçç;;x
ERA_CHAR_NAME_40605;Rurik;;;;;;;;;;;Ðþðèê;;x
ERA_CHAR_NAME_45107;Satrap Vandad Karen;;;;;;;;;;;Ñàòðàï Âàíäàä Êàðåí;;x
ERA_CHAR_NAME_71157;Doge Oberto;;;;;;;;;;;Äîæ Îáåðòî;;x
ERA_CHAR_NAME_73679;Abd-al-Rahman I;;;;;;;;;;;Àáä-àëü-Ðàõìàí I;;x
ERA_CHAR_NAME_73683;Sultan Muhammad;;;;;;;;;;;Ñóëòàí Ìóõàììàä;;x
ERA_CHAR_NAME_74012;Khagan Baghatur of Khazaria;;;;;;;;;;;Áàãàòóð, êàãàí Õàçàðèè;;x
ERA_CHAR_NAME_74025;Khagan Manasseh II;;;;;;;;;;;Êàãàí Ìåíàññå II;;x
ERA_CHAR_NAME_74413;Krishna I;;;;;;;;;;;Êðèøíà I;;x
ERA_CHAR_NAME_74441;Somesvara I;;;;;;;;;;;Ñîìåñâàðà I;;x
ERA_CHAR_NAME_74656;Maharaja Singhana II;;;;;;;;;;;Ìàõàðàäæà Ñèíãõàíà II;;x
ERA_CHAR_NAME_90104;Charles the Bald;;;;;;;;;;;Êàðë Ëûñûé;;x
ERA_CHAR_NAME_90107;Ludwig the German;;;;;;;;;;;Ëþäâèã Íåìåöêèé;;x
ERA_CHAR_NAME_93052;Mohammed II of Khwarezm;;;;;;;;;;;Àëà àä-Äèí Ìóõàììàä II;;x
ERA_CHAR_NAME_100546;Duke Erik III 'the Heathen';;;;;;;;;;;Ãåðöîã Ýéðèê III ßçû÷íèê;;x
ERA_CHAR_NAME_101515;King Svend II of Denmark;;;;;;;;;;;Ñâåí II, êîðîëü Äàíèè;;x
ERA_CHAR_NAME_107590;Count Rodrigo of Valencia;;;;;;;;;;;Ðîäðèãî, ãðàô Âàëåíñèè;;x
ERA_CHAR_NAME_109500;King Garcia of Galicia;;;;;;;;;;;Ãàðñèÿ, êîðîëü Ãàëèñèè;;x
ERA_CHAR_NAME_125501;Genghis Khan;;;;;;;;;;;×èíãèñõàí;;x
ERA_CHAR_NAME_144001;Hakon I;;;;;;;;;;;Õàêîí I;;x
ERA_CHAR_NAME_144999;Karloman I;;;;;;;;;;;Êàðëîìàí I;;x
ERA_CHAR_NAME_145655;King Dawit of Axum;;;;;;;;;;;Äàóèò, öàðü Àêñóìà;;x
ERA_CHAR_NAME_159135;Árpád Zolta;;;;;;;;;;;Àðïàä Æîëüò;;x
ERA_CHAR_NAME_159137;King Árpad Álmos;;;;;;;;;;;Êîðîëü Àðïàä Àëüìîø;;x
ERA_CHAR_NAME_163108;King Björn 'Ironside';;;;;;;;;;;Êîðîëü Áü¸ðí Æåëåçíîáîêèé;;x
ERA_CHAR_NAME_163111;King Ivar the Boneless;;;;;;;;;;;Êîíóíã Èâàð Áåñêîñòíûé;;x
ERA_CHAR_NAME_163112;Halfdan Whiteshirt;;;;;;;;;;;Õàëüôäàí Õâèòñåðê;;x
ERA_CHAR_NAME_167219;Mayor Heinrich of the Hansa;;;;;;;;;;;Õàéíðèõ, ìýð Ãàíçû;;x
ERA_CHAR_NAME_170193;Iltutmish of Delhi;;;;;;;;;;;Èëòóòìèø Äåëèéñêèé;;x
ERA_CHAR_NAME_170258;Muhammad bin Tughluq;;;;;;;;;;;Ìóõàììàä èáí Òóãëàê;;x
ERA_CHAR_NAME_188628;Satrap Jimofuta of Zabulistan;;;;;;;;;;;Äæèìîôóòà, ñàòðàï Çàáóëèñòàíà;;x
ERA_CHAR_NAME_188912;Kara-Khitai Yelü-Zhilugu;;;;;;;;;;;Êàðà-Õèòàé Åëþé ×æèëóãó;;x
ERA_CHAR_NAME_189029;Thakur Vijayabahu;;;;;;;;;;;Òõàêóð Âèäæàÿáàõó;;x
ERA_CHAR_NAME_190028;Maharaja Dharmapala;;;;;;;;;;;Ìàõàðàäæà Äõàðìàïàëà;;x
ERA_CHAR_NAME_190228;King Tassilo III of Bavaria;;;;;;;;;;;Òàññèëîí III, êîðîëü Áàâàðèè;;x
ERA_CHAR_NAME_190347;Desiderius of the Lombards;;;;;;;;;;;Äåçèäåðèé Ëîìáàðäñêèé;;x
ERA_CHAR_NAME_194282;Mayor Gunnar of Visby;;;;;;;;;;;Ãóííàð, ìýð Âèñáþ;;x
ERA_CHAR_NAME_204500;King Henry of England;;;;;;;;;;;Ãåíðè II, êîðîëü Àíãëèè;;x
ERA_CHAR_NAME_205072;King Offa of Mercia;;;;;;;;;;;Îôôà, êîðîëü Ìåðñèè;;x
ERA_CHAR_NAME_205523;Emperor Baudouin;;;;;;;;;;;Èìïåðàòîð Áîäóýí I;;x
ERA_CHAR_NAME_206811;Duke Zhang Yichao of Jiuquan;;;;;;;;;;;×æàí È÷àî, ãóí Öçþöþàíÿ;;x
ERA_CHAR_NAME_212513;Friedrich II;;;;;;;;;;;Ôðèäðèõ II;;x
ERA_CHAR_NAME_213601;Patrician Enrico of Dandolo;;;;;;;;;;;Ïàòðèöèé Ýíðèêî Äàíäîëî;;x
ERA_CHAR_NAME_215674;Basileus Theodoros;;;;;;;;;;;Áàçèëåâñ Ôåîäîð I Ëàñêàðèñ;;x
ERA_CHAR_NAME_223023;Basileus Ioannes;;;;;;;;;;;Áàçèëåâñ Èîàíí II Êîìíèí;;x
ERA_CHAR_NAME_223500;King Guy of Jerusalem;;;;;;;;;;;Ãè, êîðîëü Èåðóñàëèìà;;x
ERA_CHAR_NAME_223523;King Baudouin IV of Jerusalem;;;;;;;;;;;Áîäóýí IV, êîðîëü Èåðóñàëèìà;;x
ERA_CHAR_NAME_223590;Prince Renaud of Antioch;;;;;;;;;;;Ðåíî, êíÿçü Àíòèîõèè;;x
ERA_CHAR_NAME_226000;Sultan Saladin;;;;;;;;;;;Ñóëòàí Ñàëàäèí;;x
ERA_CHAR_NAME_247105;Tsenpo Purgyal Trison Detsen;;;;;;;;;;;Öýíïî Ïóðãüÿë Òðèñîíã Äåöýí;;x
ERA_CHAR_NAME_247204;Purgyal Lha II Taramu;;;;;;;;;;;Ïóðãüÿë Ëõà II Òàðàìî;;x
ERA_CHAR_NAME_247224;Khon Sherab Tsultrim;;;;;;;;;;;Êõîí Øåðàá Öóëòðèì;;x
ERA_CHAR_NAME_248710;High Chief Aritso of Kanem;;;;;;;;;;;Àðèöî, âåðõîâíûé âîæäü Êàíåìà;;x
ERA_CHAR_NAME_260976;Abu Tahir al-Jannabi;;;;;;;;;;;Àáó Òàõèð àëü-Äæàííàáè;;x
ERA_CHAR_NAME_454500;Edward III;;;;;;;;;;;Ýäâàðä III Ïëàíòàãåíåò;;x
ERA_CHAR_NAME_455500;Philippe VI;;;;;;;;;;;Ôèëèïï VI äå Âàëóà;;x
ERA_CHAR_NAME_457620;Fernando III of Castile;;;;;;;;;;;Ôåðíàíäî III Êàñòèëüñêèé;;x
ERA_CHAR_NAME_459560;Alfonso II 'the Fat';;;;;;;;;;;Àôîíñó II Òîëñòûé;;x
ERA_CHAR_NAME_471500;Casimir the Great;;;;;;;;;;;Êàçèìèð Âåëèêèé;;x
ERA_CHAR_NAME_476500;Orhan Ottoman;;;;;;;;;;;Îðõàí I èç Îñìàíîâ;;x
ERA_CHAR_NAME_476500_DLC;Sultan Orhan Ottoman;;;;;;;;;;;Ñóëòàí Îðõàí Îñìàí;;x
ERA_CHAR_NAME_480000;Özbeg Khan;;;;;;;;;;;Óçáåê-õàí;;x
ERA_CHAR_NAME_LONG_3504;Khagan Akhad Moshka of Bolghar;;;;;;;;;;;Àõàä Ìîñõà, êàãàí Áóëãàðèè;;x
ERA_CHAR_NAME_LONG_71157;Serene Doge Oberto of Genoa;;;;;;;;;;;Îáåðòî, ñâåòëåéøèé äîæ Ãåíóè;;x
ERA_CHAR_NAME_LONG_194282;Grand Mayor Gunnar of Visby;;;;;;;;;;;Ãóííàð, âåëèêèé ìýð Âèñáþ;;x
ERA_CHAR_NAME_LONG_247204;Purgyal Lha II Taramu of Ü-Tsang;;;;;;;;;;;Ïóðãüÿë Ëõà II Òàðàìî, ïðàâèòåëü Ó-Öàíãà;;x
ERA_HOLMGARDR;Holmgarðr;;;;;;;;;;;Õîëüìãàðä;;x
ERA_JORVIK;Jorvik;;;;;;;;;;;Éîðâèê;;x
ERA_KHWAREZM;Khwarezmid;;;;;;;;;;;Õîðåçìèäû;;x
ERA_RASHTRAKUTA_KINGDOM;Rashtrakuta;;;;;;;;;;;Ðàøòðàêóòà;;x
ERA_TUGHLUQ;Tughluq;;;;;;;;;;;Òóãëàêèäû;;x
ERA_UMAYYAD_EMPIRE;Umayyad;;;;;;;;;;;Îìåéÿäû;;x
OTTO_THE_FIRST_ERA;The Iron Century;;;;;;;;;;;Æåëåçíûé âåê;;x
OTTO_THE_FIRST_ERA_INFO;On the 7th of August 936, Otto I was crowned King of the Germans. He initiated his arduous campaign to crush his rivals and reconquer the lost territory in Italy to reform the Holy Roman Empire. The Magyars settled down in the Carpathian Basin and began to make their mark on the world as they conquered and pillaged their neighbors, becoming feared across Europe. In the north the Christians were trying to push into the Scandinavian Peninsula to start converting the pagan kings, but the Germanic faith still stood strong among the vikings. In Baghdad far to the south-east, the ancient Abbasid Caliphate that once ruled an empire stretching from Persia to Hispania finally fell to infighting, left only with the heartland of their former empire. And on the shores of Africa a new rival rose up in the form of the Fatimid Caliphate, ready to fill the vacant regions left behind by their adversary.;;;;;;;;;;;7 àâãóñòà 936 ãîäà Îòòîí I áûë êîðîíîâàí êàê êîðîëü âñåõ ãåðìàíöåâ. Îí íà÷àë òðóäíûé âîåííûé ïîõîä, äàáû ñîêðóøèòü ñâîèõ ñîïåðíèêîâ, îòâîåâàòü ïîòåðÿííûå òåððèòîðèè â Èòàëèè è ðåôîðìèðîâàòü Ñâÿùåííóþ Ðèìñêóþ èìïåðèþ. Ìàäüÿðû îáîñíîâàëèñü â Êàðïàòñêîì áàññåéíå, ãäå íà÷àëè çàâî¸âûâàòü è ãðàáèòü ñâîèõ ñîñåäåé, íàâîäÿ óæàñ íà âñþ Åâðîïó. Íà ñåâåðå õðèñòèàíå ñîâåðøàþò ïîïûòêè âòîðãíóòüñÿ íà Ñêàíäèíàâñêèé ïîëóîñòðîâ, ÷òîáû îáðàòèòü êîíóíãîâ â ñâîþ âåðó, íî äðåâíèå îáû÷àè âèêèíãîâ ïîêà íå ñïåøàò îòñòóïàòü. Â Áàãäàäå, äàëåêî íà þãî-âîñòîêå, õàëèôàò Àááàñèäîâ, íåêîãäà ïðîñòèðàâøèéñÿ îò Ïåðñèè äî Èñïàíèè, ñêàòèëñÿ äî âíóòðåííèõ ðàñïðåé, ñîõðàíèâ ñâî¸ âëèÿíèå ëèøü â öåíòðå áûâøåé èìïåðèè, è íà áåðåãàõ Àôðèêè ïîÿâèëñÿ íîâûé ñîïåðíèê â ëèöå õàëèôàòà Ôàòèìèäîâ, ãîòîâûé çàïîëíèòü ïóñòóþùèå ðåãèîíû.;;x
VIKING_ERA;Viking Age;;;;;;;;;;;Ýïîõà âèêèíãîâ;;x
VIKING_ERA_INFO;By the middle of the 9th century, the Norse raiders and adventurers known as the Vikings had already begun to set their indelible mark on the map of Europe, establishing realms in Russia and the British Isles and travelling and raiding as far as the Black Sea and the Mediterranean. The Karling rulers, descendants of Charlemagne, ruled mighty realms in France, Germany and Italy, while the Muslim religion was now firmly established in Spain under the Umayyads. The Byzantine emperor held on, though suffering under increasing pressure from the Caliphate and the Bulgarians. West of the fractured Steppes, The Magyars were poised to make their claim on the Carpathian basin. Islam was spreading rapidly in Persia under rulers such as the Saffarids, and had penetrated into the Indus valley. Further East, the Hindu Pratihara dynasty was expanding.;;;;;;;;;;;Ê ñåðåäèíå IX âåêà, ñêàíäèíàâñêèå ðàçáîéíèêè è àâàíòþðèñòû, èçâåñòíûå êàê âèêèíãè, óæå íà÷àëè îñòàâëÿòü ñâîé ñëåä íà êàðòå Åâðîïû, áîðÿñü çà âëàñòü íà Ðóñè è Áðèòàíñêèõ îñòðîâàõ, ïóòåøåñòâèÿ è ñîâåðøàÿ íàáåãè íà Ñðåäèçåìíîìîðüå. Äèíàñòèÿ Êàðîëèíãîâ, ïîòîìêîâ Êàðëà Âåëèêîãî, ñîçäàëà ìîãó÷èå ãîñóäàðñòâà âî Ôðàíöèè, Èòàëèè è Ãåðìàíèè, à èñëàì ïðî÷íî óòâåðäèëñÿ â Èñïàíèè ïîä êîíòðîëåì äèíàñòèè Îìåéÿäîâ è áûñòðî ðàñïðîñòðàíèëñÿ â Ïåðñèè ÷åðåç ïðàâèòåëåé äèíàñòèè Ñàôôàðèäîâ, ïðîíèêíóâ â äîëèíó Èíäà. Âèçàíòèÿ äåðæèòñÿ, íî ñòðàäàåò ïîä ðàñòóùèì äàâëåíèåì ñî ñòîðîíû õàëèôàòà è áîëãàð, â òî âðåìÿ êàê ìàäüÿðû, äîáðàâøèñü äî çàïàäíûõ ñòåïåé óæå ãîòîâû ïðåäúÿâèòü ñâîè ïðåòåíçèè íà Êàðïàòñêèé áàññåéí, à íà âîñòîêå ìîãóùåñòâåííàÿ èíäóèñòñêàÿ äèíàñòèè Ïðàòèõàð ðàñøèðÿåò ñâîè âëàäåíèÿ.;;x
