abrahamic_antihellenic_revolt;Hellenic Civil War;;;;;;;;;;;[รรซรซรจรญ]รฑรชรรฟ รฃรฐรรฆรครรญรฑรชรรฟ รขรฎรฉรญร;;x
abrahamic_antihellenic_revolt_desc;The decision to reinstate a dead, heathen cult in place of the worship of the Abrahamic god has dragged the newly-reformed Empire into civil war.;;;;;;;;;;;รรฅรธรฅรญรจรฅ รขรฎรฑรฑรฒรรญรฎรขรจรฒรผ รฌยธรฐรฒรขรปรฉ รฟรงรปรทรฅรฑรชรจรฉ รชรณรซรผรฒ รขรฌรฅรฑรฒรฎ รฏรฎรชรซรฎรญรฅรญรจรฟ รรขรฐรรรฌรจรทรฅรฑรชรฎรฌรณ รกรฎรฃรณ รขรฒรฟรญรณรซรฎ รญรฅรครรขรญรฎ รฐรฅรดรฎรฐรฌรจรฐรฎรขรรญรญรณรพ รจรฌรฏรฅรฐรจรพ รข รฃรฐรรฆรครรญรฑรชรณรพ รขรฎรฉรญรณ.;;x
bid_for_independence_desc;ยงY$CLAIMANT$ยง! can attempt to declare independence from ยงY$TARGET$ยง!;;;;;;;;;;;ยงY$CLAIMANT$ยง! รฌรฎรฆรฅรฒ รฏรฎรฏรปรฒรรฒรผรฑรฟ รฎรกรบรฟรขรจรฒรผ รญรฅรงรรขรจรฑรจรฌรฎรฑรฒรผ รฎรฒ รฑรพรงรฅรฐรฅรญร (ยงY$TARGET$ยง!);;x
buddhist_holy_war_desc;ยงY$CLAIMANT$ยง! can use this Casus Belli to seize the ยงY$TITLE$ยง!.;;;;;;;;;;;ยงY$CLAIMANT$ยง! รฌรฎรฆรฅรฒ รจรฑรฏรฎรซรผรงรฎรขรรฒรผ รฝรฒรฎรฒ Casus Belli (รฏรฎรขรฎรค รครซรฟ รขรฎรฉรญรป), รทรฒรฎรกรป รงรรตรขรรฒรจรฒรผ รงรฅรฌรซรพ, รจรงรขรฅรฑรฒรญรณรพ รชรรช ยงY$TITLE$ยง!.;;x
caliphal_subjugation_desc;For ยงY200ยง! Piety, Caliphs are allowed to subjugate all other Muslim rulers of the same denomination once per ยงY10ยง! years.;;;;;;;;;;;รรรซรจรดรป รฌรฎรฃรณรฒ รงรรขรฎยธรขรปรขรรฒรผ รครฐรณรฃรจรต รฌรณรฑรณรซรผรฌรรญรฑรชรจรต รฏรฐรรขรจรฒรฅรซรฅรฉ รฎรครจรญ รฐรรง รข ยงY10ยง! รซรฅรฒ, รฏรฎรฒรฐรรฒรจรข ยงY200ยง! รกรซรรฃรฎรทรฅรฑรฒรจรฟ.;;x
CB_ANTIHELLENIC_WAR;Hellenic Civil War;;;;;;;;;;;รรญรฒรจ[รฝรซรซรจรญ]รฑรชรรฟ รขรฎรฉรญร;;x
cb_decadence_usurption_desc;Muslims can use this Casus Belli to usurp titles from their decadent dynasty members.;;;;;;;;;;;รรณรฑรณรซรผรฌรรญรฅ รฌรฎรฃรณรฒ รจรฑรฏรฎรซรผรงรฎรขรรฒรผ รฝรฒรฎรฒ Casus Belli, รทรฒรฎรกรป รณรงรณรฐรฏรจรฐรฎรขรรฒรผ รฒรจรฒรณรซรป รณ รครฅรชรรครฅรญรฒรฎรข รจรง รจรต รครจรญรรฑรฒรจรจ.;;x
cb_faction_independence_desc;The members of the Independence faction, led by ยงY$CLAIMANT$ยง!, can collectively attempt to declare independence from ยงY$TARGET$ยง!;;;;;;;;;;;รรฅรฏรรฐรรฒรจรฑรฒรป, รชรฎรฒรฎรฐรปรต รขรฎรงรฃรซรรขรซรฟรฅรฒ ยงY$CLAIMANT$ยง!, รฌรฎรฃรณรฒ รฏรฎรฒรฐรฅรกรฎรขรรฒรผ รญรฅรงรรขรจรฑรจรฌรฎรฑรฒรผ รฎรฒ รฃรฎรฑรณรครรฐรฑรฒรขร ยงY$TARGET$ยง!;;x
cb_install_khan_desc;The clans can forcefully depose the Khagan and replace him with someone more powerful.;;;;;;;;;;;รรซรรญรป รฌรฎรฃรณรฒ รฑรขรฅรฐรฃรญรณรฒรผ รชรรฃรรญร รจ รฏรฎรฑรรครจรฒรผ รญร รฅรฃรฎ รฌรฅรฑรฒรฎ รกรฎรซรฅรฅ รฌรฎรฃรณรนรฅรฑรฒรขรฅรญรญรฎรฃรฎ รชรรญรครจรครรฒร.;;x
cb_liberate_nomad_duchy_desc;ยงY$CLAIMANT$ยง! can use this Casus Belli to seize all titles held by the savage, ยงY$TARGET$ยง!, within the de jure ยงY$TITLE$ยง!.;;;;;;;;;;;ยงY$CLAIMANT$ยง! รฌรฎรฆรฅรฒ รจรฑรฏรฎรซรผรงรฎรขรรฒรผ รฝรฒรฎรฒ Casus Belli (รฏรฎรขรฎรค รครซรฟ รขรฎรฉรญรป), รทรฒรฎรกรป รงรรตรขรรฒรจรฒรผ รขรฑรฅ รฒรจรฒรณรซรป, รชรฎรฒรฎรฐรปรฌรจ รฎรกรซรรครรฅรฒ ยงY$TARGET$ยง! รข รครฅ-รพรฐรฅ รฏรฐรฅรครฅรซรรต รฎรกรซรรฑรฒรจ ยงY$TITLE$ยง!.;;x
cb_minor_clan_revolt_desc;Powerful 'minor' clans can rise up in revolt, demanding a place among the major clans.;;;;;;;;;;;"รรฎรฃรณรนรฅรฑรฒรขรฅรญรญรปรฅ ""รฌรรซรปรฅ"" รชรซรรญรป รฌรฎรฃรณรฒ รฏรฎรครญรฟรฒรผ รฌรฟรฒรฅรฆ รฑ รถรฅรซรผรพ รงรรญรฟรฒรผ รฌรฅรฑรฒรฎ รฑรฐรฅรครจ รขรฅรครณรนรจรต รชรซรรญรฎรข.";;x
CB_NAME_CLAIM;Claim [Title.GetBaseName];;;;;;;;;;;รรฎรฒรฐรฅรกรฎรขรรฒรผ: [Title.GetShortBaseName];;x
CB_NAME_CLAIM_ALL;Press all Claims;;;;;;;;;;;รรรฑรฒรรจรขรรฒรผ รญร รฑรขรฎรจรต รฏรฐรฅรฒรฅรญรงรจรฟรต;;x
CB_NAME_CLAIM_VASSAL;Revoke [Title.GetBaseName];;;;;;;;;;;"รรฒรฎรงรขรรฒรผ: ""[Title.GetShortBaseName]""";;x
CB_NAME_CLAN_REVOLT;Clan Revolt for [Title.GetBaseName];;;;;;;;;;;รรซรรญรฎรขรฎรฅ รขรฎรฑรฑรฒรรญรจรฅ: [Title.GetShortBaseName];;x
CB_NAME_COASTAL_COUNTY_REPUBLIC;Seize [Title.GetBaseName];;;;;;;;;;;[Title.GetShortBaseName]: รงรรตรขรรฒ รฏรฎรกรฅรฐรฅรฆรผรฟ;;x
CB_NAME_COASTAL_REPUBLIC;Seize the City of [Title.GetBaseName];;;;;;;;;;;[Title.GetShortBaseName]: รงรรตรขรรฒ รฃรฎรฐรฎรคร;;x
CB_NAME_COUNTY_CONQUEST;Conquest of [Title.GetBaseName];;;;;;;;;;;[Title.GetShortBaseName]: รงรรขรฎรฅรขรรญรจรฅ รฎรชรฐรณรฃร;;x
CB_NAME_CRUSADE;$HOLY_WAR$ for [Title.GetBaseName];;;;;;;;;;;[Title.GetShortBaseName]: $HOLY_WAR$;;x
CB_NAME_DECADENCE_USURPTION;Decadence Usurption;;;;;;;;;;;รรงรณรฐรฏรรถรจรฟ;;x
CB_NAME_DEJUREBARONYCLAIM;[Title.GetBaseName] Holdings;;;;;;;;;;;[Title.GetShortBaseName] (รขรซรรครฅรญรจรฟ);;x
CB_NAME_DEJURECLAIM;De Jure Claim on [Title.GetBaseName];;;;;;;;;;;[Title.GetShortBaseName]: รครฅ-รพรฐรฅ รฏรฐรฅรฒรฅรญรงรจรฟ;;x
CB_NAME_DEPOSE_ANTIPOPE;Depose Antipope;;;;;;;;;;;รรขรฅรฐรฃรญรณรฒรผ รรญรฒรจรฏรรฏรณ;;x
CB_NAME_DEPOSE_IMPIOUS_POPE;Depose Impious Pope;;;;;;;;;;;รรขรฅรฐรฆรฅรญรจรฅ รฏรฎรฐรฎรทรญรฎรฃรฎ รรรฏรป;;x
CB_NAME_DEPOSE_LIEGE;Depose liege;;;;;;;;;;;รรขรฅรฐรฃรญรณรฒรผ รฑรพรงรฅรฐรฅรญร;;x
CB_NAME_DESTABILIZATION_CHINA;Shatter Realm;;;;;;;;;;;รรรฑรชรฎรซ รฑรฒรฐรรญรป;;x
CB_NAME_DISMANTLE_PRETENDER_CHINA;Dismantle Pretender;;;;;;;;;;;รรขรฅรฐรฃรญรณรฒรผ รฑรรฌรฎรงรขรรญรถร;;x
CB_NAME_DISPUTE;Dispute [Title.GetBaseName];;;;;;;;;;;รรฑรฏรฎรฐรจรฒรผ: [Title.GetShortBaseName];;x
CB_NAME_DUCALCOUNTYCONQUEST;Ducal Conquest of [Title.GetBaseName];;;;;;;;;;;รรฅรฐรถรฎรฃรฑรชรฎรฅ รงรรขรฎรฅรขรรญรจรฅ: [Title.GetBaseName];;x
CB_NAME_DUCHY_ADVENTURE;Adventurer Conquest of [Title.GetBaseName];;;;;;;;;;;[Title.GetShortBaseName]: รรขรรญรฒรพรฐรญรฎรฅ รงรรขรฎรฅรขรรญรจรฅ;;x
CB_NAME_EMBARGO;Embargo;;;;;;;;;;;รรฌรกรรฐรฃรฎ;;x
CB_NAME_EXCOMMUNICATED_RULER;Excommunicated ruler;;;;;;;;;;;รรฒรซรณรทยธรญรญรปรฉ รฎรฒ รถรฅรฐรชรขรจ รฏรฐรรขรจรฒรฅรซรผ;;x
CB_NAME_FEUDAL_ELECTIVE_SUCCESSION_LAW;Elective Monarchy Succession Law;;;;;;;;;;;รรขรฅรฑรฒรจ รดรฅรฎรครรซรผรญรปรฅ รขรปรกรฎรฐรป;;x
CB_NAME_FLOWER_WAR;Flower War;;;;;;;;;;;รรฎรฉรญร รรขรฅรฒรฎรข;;x
CB_NAME_FORCE_OPEN_CHINA;Force Open [offmap_china.GetShortName];;;;;;;;;;;รรญรฟรฒรผ รกรซรฎรชรรครณ รจรฌรฏรฅรฐรจรจ [offmap_china.GetShortName];;x
CB_NAME_FORCE_VASSALIZATION;Force Vassalization;;;;;;;;;;;รรฐรจรญรณรฆรครฅรญรจรฅ รช รขรรฑรฑรรซรจรงรรถรจรจ;;x
CB_NAME_FREE_TRIBUTARY;Free Tributary;;;;;;;;;;;รรขรฅรฐรฃรญรณรฒรผ รฃรฅรฃรฅรฌรฎรญรจรพ;;x
CB_NAME_GAVELKIND_SUCCESSION_LAW;Gavelkind Succession Law;;;;;;;;;;;รรขรฅรฑรฒรจ รฐรรขรญรปรฉ รฐรรงรครฅรซ;;x
CB_NAME_GREATREALMCONFLICT;Great Conquest of [Title.GetBaseName];;;;;;;;;;;รรฅรซรจรชรฎรฅ รงรรขรฎรฅรขรรญรจรฅ: [Title.GetBaseName];;x
CB_NAME_HERETIC_UPRISING;[Actor.Religion.GetName] Uprising;;;;;;;;;;;[Actor.GetRelAdjCap]รฑรชรฎรฅ รขรฎรฑรฑรฒรรญรจรฅ;;x
CB_NAME_HOSTAGES;Free Captives;;;;;;;;;;;รรฑรขรฎรกรฎรฆรครฅรญรจรฅ รฏรซรฅรญรญรปรต;;x
CB_NAME_HUMILIATE;Humiliate;;;;;;;;;;;รรญรจรงรจรฒรผ;;x
CB_NAME_IMPERIAL;Imperial Reconquest of [Title.GetBaseName];;;;;;;;;;;[Title.GetShortBaseName]: รจรฌรฏรฅรฐรฑรชรฎรฅ รงรรขรฎรฅรขรรญรจรฅ;;x
CB_NAME_INCREASE_COUNCIL_POWER;Increase Council Power;;;;;;;;;;;รรฑรจรซรจรฒรผ รฑรฎรขรฅรฒ;;x
CB_NAME_INDEPENDENCE;Independence;;;;;;;;;;;รรฅรงรรขรจรฑรจรฌรฎรฑรฒรผ;;x
CB_NAME_INSTALL_ANTIKING;Install Antiking;;;;;;;;;;;รรฎรฑรฒรรขรจรฒรผ รรญรฒรจรชรฎรฐรฎรซรฟ;;x
CB_NAME_INSTALLKHAN;Install Khagan;;;;;;;;;;;รรขรฅรฐรฆรฅรญรจรฅ รชรรฃรรญร;;x
CB_NAME_INVASION;Invasion of [Title.GetBaseName];;;;;;;;;;;[Title.GetShortBaseName]: รขรฒรฎรฐรฆรฅรญรจรฅ;;x
CB_NAME_INVASION_OF_CHINA;Invasion of [offmap_china.GetShortName];;;;;;;;;;;รรฒรฎรฐรฆรฅรญรจรฅ รข รจรฌรฏรฅรฐรจรพ [offmap_china.GetShortName];;x
CB_NAME_LIBERATE_NOMAD;Liberate [Title.GetBaseName];;;;;;;;;;;[Title.GetShortBaseName] - รรฑรขรฎรกรฎรฆรครฅรญรจรฅ;;x
CB_NAME_LIBERATE_RELIGION;Religious Liberation of [Title.GetBaseName];;;;;;;;;;;รรฅรซรจรฃรจรฎรงรญรฎรฅ รฎรฑรขรฎรกรฎรฆรครฅรญรจรฅ: [Title.GetBaseName];;x
CB_NAME_LIBERATION_REVOLT;Liberation of [Title.GetBaseName];;;;;;;;;;;ยงY[Title.GetShortBaseName]ยง!: รฎรฑรขรฎรกรฎรฆรครฅรญรจรฅ;;x
CB_NAME_LOWER_CROWN_AUTHORITY_LAW;Lower Crown Authority;;;;;;;;;;;รรฎรญรจรฆรฅรญรจรฅ รรขรฒรฎรฐรจรฒรฅรฒร รรฎรฐรฎรญรป;;x
CB_NAME_LOWER_TRIBAL_ORGANIZATION_LAW;Lower Tribal Organization;;;;;;;;;;;รรญรจรงรจรฒรผ รฎรฐรฃรรญรจรงรฎรขรรญรญรฎรฑรฒรผ;;x
CB_NAME_MATRIARCHAL_DEPOSITION;Matriarchal Deposition War;;;;;;;;;;;รรรฒรฐรจรรฐรตรรซรผรญรรฟ รขรฎรฉรญร รงร รฑรขรฅรฐรฆรฅรญรจรฅ;;x
CB_NAME_MINOR_CLAN_REVOLT;Minor Clan Revolt;;;;;;;;;;;รรฎรงรขรปรธรฅรญรจรฅ รฌรรซรฎรฃรฎ รชรซรรญร;;x
CB_NAME_NOMAD_EXPANSION;Subordination of [Title.GetBaseName];;;;;;;;;;;รรฎรครทรจรญรฅรญรจรฅ: [Title.GetShortBaseName];;x
CB_NAME_NOMAD_TRIBUTARY;Establish Tributary;;;;;;;;;;;รรครฅรซรรฒรผ รครรญรญรจรชรฎรฌ รฎรฐรครป;;x
CB_NAME_NORTHERN_CRUSADE;Teutonic War for [Title.GetBaseName];;;;;;;;;;;[Title.GetBaseName]: รรฅรขรฒรฎรญรฑรชรรฟ รขรฎรฉรญร;;x
CB_NAME_OFFMAP_SUBMISSION;Submission;;;;;;;;;;;รรฎรครทรจรญรฅรญรจรฅ;;x
CB_NAME_OVERTHROWRULER;Overthrow ruler;;;;;;;;;;;รรขรฅรฐรฆรฅรญรจรฅ รฏรฐรรขรจรฒรฅรซรฟ;;x
CB_NAME_OVERTHROWRULER_NC;Overthrow Ruler;;;;;;;;;;;รรขรฅรฐรฆรฅรญรจรฅ รฏรฐรรขรจรฒรฅรซรฟ;;x
CB_NAME_PAGAN_SUBJUGATION;Subjugation;;;;;;;;;;;รรฎรชรฎรฐรฅรญรจรฅ;;x
CB_NAME_PAPAL_RELIGIOUS;Papal War for [Title.GetBaseName];;;;;;;;;;;[Title.GetBaseName]: รรรฏรฑรชรรฟ รขรฎรฉรญร;;x
CB_NAME_PATRIARCHAL_DEPOSITION;Patriarchal Deposition War;;;;;;;;;;;รรรฒรฐรจรรฐรตรรซรผรญรรฟ รขรฎรฉรญร รงร รฑรขรฅรฐรฆรฅรญรจรฅ;;x
CB_NAME_PEASANT_CONQUEST;Peasant Revolt for [Title.GetBaseName];;;;;;;;;;;ยงY[Title.GetShortBaseName]ยง!: รชรฐรฅรฑรฒรผรฟรญรฑรชรฎรฅ รขรฎรฑรฑรฒรรญรจรฅ;;x
CB_NAME_PERMANENT_TRIBUTARY;Establish Tributary State;;;;;;;;;;;รรฑรฒรรญรฎรขรซรฅรญรจรฅ รฃรฅรฃรฅรฌรฎรญรจรจ;;x
CB_NAME_POWERFUL_VASSAL_TAKEOVER;Oust Ruler;;;;;;;;;;;รรฒรฑรฒรฐรรญรจรฒรผ รฏรฐรรขรจรฒรฅรซรฟ;;x
CB_NAME_PRIMOGENITURE_SUCCESSION_LAW;Primogeniture Succession Law;;;;;;;;;;;รรขรฅรฑรฒรจ รฏรฅรฐรขรฎรฐรฎรครฑรฒรขรฎ;;x
CB_NAME_RECONQUISTA_ARAGON;Reconquest of Aragon;;;;;;;;;;;รรฅรชรฎรญรชรจรฑรฒร รรฐรรฃรฎรญร;;x
CB_NAME_RECONQUISTA_BALEARIC;Reconquest of the Balearic Islands;;;;;;;;;;;รรฅรชรฎรญรชรจรฑรฒร รรรซรฅรรฐรฑรชรจรต รฎรฑรฒรฐรฎรขรฎรข;;x
CB_NAME_RECONQUISTA_BEJA;Reconquest of Western Coast;;;;;;;;;;;รรฅรชรฎรญรชรจรฑรฒร รรรฏรรครญรฎรฃรฎ รฏรฎรกรฅรฐรฅรฆรผรฟ;;x
CB_NAME_RECONQUISTA_CASTILLE;Reconquest of Castille;;;;;;;;;;;รรฅรชรฎรญรชรจรฑรฒร รรรฑรฒรจรซรจรจ;;x
CB_NAME_RECONQUISTA_CORDOBA;Reconquest of Central Iberia;;;;;;;;;;;รรฅรชรฎรญรชรจรฑรฒร รรฅรญรฒรฐรรซรผรญรฎรฉ รรกรฅรฐรจรจ;;x
CB_NAME_RECONQUISTA_GALICIA;Reconquest of Galicia;;;;;;;;;;;รรฅรชรฎรญรชรจรฑรฒร รรรซรจรฑรจรจ;;x
CB_NAME_RECONQUISTA_GRANADA;Reconquest of Southern Iberia;;;;;;;;;;;รรฅรชรฎรญรชรจรฑรฒร รรฆรญรฎรฉ รรกรฅรฐรจรจ;;x
CB_NAME_RECONQUISTA_LEON;Reconquest of Leon;;;;;;;;;;;รรฅรชรฎรญรชรจรฑรฒร รรฅรฎรญร;;x
CB_NAME_RECONQUISTA_NAVARRA;Reconquest of Navarra;;;;;;;;;;;รรฅรชรฎรญรชรจรฑรฒร รรรขรรฐรฐรป;;x
CB_NAME_RECONQUISTA_VALENCIA;Reconquest of the Eastern Coast;;;;;;;;;;;รรฅรชรฎรญรชรจรฑรฒร รรฎรฑรฒรฎรทรญรฎรฃรฎ รฏรฎรกรฅรฐรฅรฆรผรฟ;;x
CB_NAME_RELIGIOUS;Holy War for [Title.GetBaseName];;;;;;;;;;;[Title.GetShortBaseName]: รรขรฟรนรฅรญรญรรฟ รขรฎรฉรญร;;x
CB_NAME_RELIGIOUS_MINOR;Minor Holy War for [Title.GetBaseName];;;;;;;;;;;[Title.GetBaseName]: รฌรรซรรฟ รฑรขรฟรนรฅรญรญรรฟ รขรฎรฉรญร;;x
CB_NAME_RIVALRY;Rivalry;;;;;;;;;;;รรจรทรญรรฟ รฌรฅรฑรฒรผ;;x
CB_NAME_SEIZE_TRADE_POST;Seize [Title.GetBaseName] Trade Post;;;;;;;;;;;[Title.GetShortBaseName]: รงรรตรขรรฒ รดรรชรฒรฎรฐรจรจ;;x
CB_NAME_SENIORITY_SUCCESSION_LAW;Seniority Succession Law;;;;;;;;;;;รรขรฅรฑรฒรจ รฑรฅรญรผรฎรฐรรฒ;;x
CB_NAME_SHATTERED_COUNTY_CONQUEST;Consolidation of [Title.GetBaseName];;;;;;;;;;;รรกรบรฅรครจรญรฅรญรจรฅ: [Title.GetBaseName];;x
CB_NAME_SHEPHERDS_CRUSADE;Shepherds' Crusade for [Title.GetBaseName];;;;;;;;;;;[Title.GetBaseName]: รรฐรฅรฑรฒรฎรขรปรฉ รฏรฎรตรฎรค รรรฑรฒรณรธรชรฎรข;;x
CB_NAME_SHIA_CALIPHATE_RISING;Shi'a Caliphate Rising in [Title.GetBaseName];;;;;;;;;;;ยงY[Title.GetShortBaseName]ยง!: รรจรจรฒรฑรชรจรฉ รตรรซรจรดรรฒ;;x
CB_NAME_SUCCESSION;Dispute Succession;;;;;;;;;;;รรฏรฎรฐรป รฎ รฏรฐรฅรฑรฒรฎรซรฎรญรรฑรซรฅรครจรจ;;x
CB_NAME_THANKMARS_REBELLION;Thankmar's Rebellion;;;;;;;;;;;รรรญรชรฌรรฐรฑรชรฎรฅ รขรฎรฑรฑรฒรรญรจรฅ;;x
CB_NAME_TRIBAL_INDEPENDENCE;Pagan Revolt;;;;;;;;;;;รรงรปรทรฅรฑรชรฎรฅ รขรฎรฑรฑรฒรรญรจรฅ;;x
CB_NAME_TRIBUTARY;Extort Tribute;;;;;;;;;;;รรฎรฉรญร รงร รครรญรผ;;x
CB_NAME_ULTIMOGENITURE_SUCCESSION_LAW;Ultmogeniture Succession Law;;;;;;;;;;;รรขรฅรฑรฒรจ รฌรจรญรฎรฐรรฒ;;x
CB_NAME_UNJUST_COUNTY_CONQUEST;Border Dispute over [Title.GetBaseName];;;;;;;;;;;รรฏรฎรฐ รงร รฎรชรฐรณรฃ [Title.GetBaseName];;x
CB_NAME_VIKING_INVASION;Prepared Invasion of [Title.GetBaseName];;;;;;;;;;;ยงY[Title.GetShortBaseName]ยง!: รฏรฎรครฃรฎรฒรฎรขรซรฅรญรญรฎรฅ รขรฒรฎรฐรฆรฅรญรจรฅ;;x
CB_NAME_WEAKEN_VASSAL;Claim [Title.GetName];;;;;;;;;;;[Title.GetName]: รฏรฐรฅรฒรฅรญรงรจรฟ;;x
change_feudal_elective_succession_law_desc;ยงY$CLAIMANT$ยง! can declare war to change the succession law in the ยงY$TITLE$ยง! to feudal elective!;;;;;;;;;;;ยงY$CLAIMANT$ยง! รฌรฎรฆรฅรฒ รฎรกรบรฟรขรจรฒรผ รขรฎรฉรญรณ รครซรฟ รจรงรฌรฅรญรฅรญรจรฟ รญรรฑรซรฅรครฑรฒรขรฅรญรญรฎรฃรฎ รฏรฐรรขร รข รฃรฎรฑรณรครรฐรฑรฒรขรฅ ยงY$TITLE$ยง! รญร ยงYรขรปรกรฎรฐรญรณรพ รฌรฎรญรรฐรตรจรพยง!;;x
change_gavelkind_succession_law_desc;ยงY$CLAIMANT$ยง! can declare war to change the succession law in the ยงY$TITLE$ยง! to gavelkind!;;;;;;;;;;;ยงY$CLAIMANT$ยง! รฌรฎรฆรฅรฒ รฎรกรบรฟรขรจรฒรผ รขรฎรฉรญรณ รครซรฟ รจรงรฌรฅรญรฅรญรจรฟ รญรรฑรซรฅรครฑรฒรขรฅรญรญรฎรฃรฎ รฏรฐรรขร รข รฃรฎรฑรณรครรฐรฑรฒรขรฅ ยงY$TITLE$ยง! รญร ยงYรฐรรขรญรปรฉ รฐรรงรครฅรซยง!;;x
change_primogeniture_succession_law_desc;ยงY$CLAIMANT$ยง! can declare war to change the succession law in the ยงY$TITLE$ยง! to primogeniture!;;;;;;;;;;;ยงY$CLAIMANT$ยง! รฌรฎรฆรฅรฒ รฎรกรบรฟรขรจรฒรผ รขรฎรฉรญรณ รครซรฟ รจรงรฌรฅรญรฅรญรจรฟ รญรรฑรซรฅรครฑรฒรขรฅรญรญรฎรฃรฎ รฏรฐรรขร รข รฃรฎรฑรณรครรฐรฑรฒรขรฅ ยงY$TITLE$ยง! รญร ยงYรฏรฅรฐรขรฎรฐรฎรครฑรฒรขรฎยง!;;x
change_seniority_succession_law_desc;ยงY$CLAIMANT$ยง! can declare war to change the succession law in the ยงY$TITLE$ยง! to seniority!;;;;;;;;;;;ยงY$CLAIMANT$ยง! รฌรฎรฆรฅรฒ รฎรกรบรฟรขรจรฒรผ รขรฎรฉรญรณ รครซรฟ รจรงรฌรฅรญรฅรญรจรฟ รญรรฑรซรฅรครฑรฒรขรฅรญรญรฎรฃรฎ รฏรฐรรขร รข รฃรฎรฑรณรครรฐรฑรฒรขรฅ ยงY$TITLE$ยง! รญร ยงYรฑรฅรญรผรฎรฐรรฒยง!;;x
change_ultimogeniture_succession_law_desc;ยงY$CLAIMANT$ยง! can declare war to change the succession law in the ยงY$TITLE$ยง! to ultimogeniture!;;;;;;;;;;;ยงY$CLAIMANT$ยง! รฌรฎรฆรฅรฒ รฎรกรบรฟรขรจรฒรผ รขรฎรฉรญรณ รครซรฟ รจรงรฌรฅรญรฅรญรจรฟ รญรรฑรซรฅรครฑรฒรขรฅรญรญรฎรฃรฎ รฏรฐรรขร รข รฃรฎรฑรณรครรฐรฑรฒรขรฅ ยงY$TITLE$ยง! รญร ยงYรฌรจรญรฎรฐรรฒยง!;;x
childrens_crusade;Children's Crusade;;;;;;;;;;;รรฅรฒรฑรชรจรฉ รชรฐรฅรฑรฒรฎรขรปรฉ รฏรฎรตรฎรค;;x
childrens_crusade_desc;A large group of peasants and children, led by a [Root.GetBoyGirl] claiming to hear the voice of Christ, has embarked into a desperate mission to reconquer the Holy Lands from the infidels.;;;;;;;;;;;รรฎรซรผรธรรฟ รฃรฐรณรฏรฏร รชรฐรฅรฑรฒรผรฟรญ รจ รครฅรฒรฅรฉ รขรฎ รฃรซรรขรฅ รฑ รฐรฅรกยธรญรชรฎรฌ, รณรฒรขรฅรฐรฆรครรพรนรจรฌ, รทรฒรฎ รฑรซรปรธรจรฒ รฃรฎรซรฎรฑ [GetChristNameGEN], รฏรฐรจรฑรฒรณรฏรจรซร รช รฎรฒรทรรฟรญรญรฎรฉ รฌรจรฑรฑรจรจ รฏรฎ รงรรขรฎรฅรขรรญรจรพ รรขรฟรฒรฎรฉ รรฅรฌรซรจ รณ รญรฅรขรฅรฐรญรปรต.;;x
claim_all_desc;ยงY$CLAIMANT$ยง! can declare war on ยงY$TARGET$ยง! with several strong claims (weak claims do not count.);;;;;;;;;;;ยงY$CLAIMANT$ยง! รจรฌรฅรฅรฒ รญรฅรฑรชรฎรซรผรชรฎ รฑรจรซรผรญรปรต รฏรฐรฅรฒรฅรญรงรจรฉ (รฑรซรรกรปรฅ รญรฅ รณรทรจรฒรปรขรรพรฒรฑรฟ) รญร รฒรจรฒรณรซรป, รชรฎรฒรฎรฐรปรฌรจ รขรซรรครฅรฅรฒ ยงY$TARGET$ยง! รรฒรฎ รฏรฎรขรฎรค รครซรฟ รขรฎรฉรญรป;;x
claim_desc;This Casus Belli can be used by ยงY$CLAIMANT$ยง! to press the claim on the ยงY$TITLE$ยง!;;;;;;;;;;;รรฒรฎรฒ Casus Belli รฌรฎรฆรฅรฒ รจรฑรฏรฎรซรผรงรฎรขรรฒรผ ยงY$CLAIMANT$ยง! รครซรฟ รฏรฎรครฒรขรฅรฐรฆรครฅรญรจรฟ รฑรขรฎรจรต รฏรฐรฅรฒรฅรญรงรจรฉ รญร รฒรจรฒรณรซ ยงY$TITLE$ยง!;;x
claim_on_liege_desc;This Casus Belli can be used by ยงY$CLAIMANT$ยง! to press the claim on the ยงY$TITLE$ยง!;;;;;;;;;;;รรฒรฎรฒ Casus Belli รฌรฎรฆรฅรฒ รจรฑรฏรฎรซรผรงรฎรขรรฒรผ ยงY$CLAIMANT$ยง! รครซรฟ รฏรฎรครฒรขรฅรฐรฆรครฅรญรจรฟ รฏรฐรฅรฒรฅรญรงรจรฉ รญร รฒรจรฒรณรซ ยงY$TITLE$ยง!;;x
claim_on_vassal_plot_desc;ยงY$CLAIMANT$ยง! is trying to revoke the title of ยงY$TITLE$ยง!, which has resulted in an armed conflict with ยงY$TARGET$ยง!;;;;;;;;;;;ยงY$CLAIMANT$ยง! รฏรฎรฏรปรฒรรฅรฒรฑรฟ รฎรฒรฎรงรขรรฒรผ รงรฅรฌรฅรซรผรญรปรฉ รฒรจรฒรณรซ ยงY$TITLE$ยง!, รจรง-รงร รทรฅรฃรฎ ยงY$TARGET$ยง! รฏรฎรฉรคยธรฒ รญร รขรฎรฎรฐรณรฆยธรญรญรปรฉ รชรฎรญรดรซรจรชรฒ.;;x
coastal_county_republic_desc;As a Merchant Republic, ยงY$CLAIMANT$ยง! can declare war to seize control of ยงY$TITLE$ยง! since they already control a city there and the county is within range.;;;;;;;;;;;รรรช รฒรฎรฐรฃรฎรขรรฟ รฐรฅรฑรฏรณรกรซรจรชร, ยงY$CLAIMANT$ยง! รฌรฎรฆรฅรฒ รฎรกรบรฟรขรจรฒรผ รขรฎรฉรญรณ รงร รฑรฎรฑรฅรครญรพรพ รฎรกรซรรฑรฒรผ ยงY$TITLE$ยง!, รฏรฎรฑรชรฎรซรผรชรณ รณรฆรฅ รชรฎรญรฒรฐรฎรซรจรฐรณรฅรฒ รฃรฎรฐรฎรค รข รญรฅรฉ.;;x
coastal_republic_desc;ยงY$CLAIMANT$ยง! can declare war to seize control of the coastal ยงY$TITLE$ยง! since he or a vassal Patrician has a Trade Post in place, or the target is a rival merchant republic.;;;;;;;;;;;ยงY$CLAIMANT$ยง! รฌรฎรฆรฅรฒ รฎรกรบรฟรขรจรฒรผ รขรฎรฉรญรณ รงร รชรฎรญรฒรฐรฎรซรผ รญรรค รฏรฐรจรกรฐรฅรฆรญรฎรฉ รฎรกรซรรฑรฒรผรพ ยงY$TITLE$ยง!, รฏรฎรฑรชรฎรซรผรชรณ รฏรฐรรขรจรฒรฅรซรผ รจรซรจ รฅรฃรฎ รขรรฑรฑรรซ รจรฌรฅรพรฒ รข รญรฅรฉ รฑรขรฎยธ รฏรฐรฅรครฑรฒรรขรจรฒรฅรซรผรฑรฒรขรฎ รจรซรจ, รฏรฎรฒรฎรฌรณ รทรฒรฎ รถรฅรซรผรพ รฟรขรซรฟรฅรฒรฑรฟ รขรฐรรฆรครฅรกรญรรฟ รฒรฎรฐรฃรฎรขรรฟ รฐรฅรฑรฏรณรกรซรจรชร.;;x
crusade_desc;ยงY$CLAIMANT$ยง! can use this Casus Belli to seize all titles held by the infidel, ยงY$TARGET$ยง!, within the de jure ยงY$TITLE$ยง!.;;;;;;;;;;;ยงY$CLAIMANT$ยง! รฌรฎรฆรฅรฒ รจรฑรฏรฎรซรผรงรฎรขรรฒรผ รฝรฒรฎรฒ Casus Belli รครซรฟ รงรรตรขรรฒร รขรฑรฅรต รฒรจรฒรณรซรฎรข รจ รงรฅรฌรฅรซรผ, รณรครฅรฐรฆรจรขรรฅรฌรปรต รญรฅรขรฅรฐรญรปรฌ รฏรฐรรขรจรฒรฅรซรฅรฌ (ยงY$TARGET$ยง!), รข รครฅ-รพรฐรฅ รฏรฐรฅรครฅรซรรต รฃรฎรฑรณรครรฐรฑรฒรขร ยงY$TITLE$ยง!.;;x
decadence_invasion_desc;We do not need to bother with just causes - might makes right! ยงY$CLAIMANT$ยง! can invade the lands of ยงY$TARGET$ยง!.;;;;;;;;;;;รรป รฌรฎรฆรฅรฒรฅ รญรฅ รกรฅรฑรฏรฎรชรฎรจรฒรผรฑรฟ รฎ รฏรฐรรขรฎรขรปรต รขรฎรฏรฐรฎรฑรรต - รขรฅรฐรธรจรฒรฅ รฏรฐรรขรฎรฑรณรครจรฅ! ยงY$CLAIMANT$ยง! รฌรฎรฆรฅรฒ รขรฒรฎรฐรฃรรฒรผรฑรฟ รข รงรฅรฌรซรจ, รชรฎรฒรฎรฐรปรฌรจ รขรซรรครฅรฅรฒ ยงY$TARGET$ยง!.;;x
dejure_barony_claim_desc;The Holdings in ยงY$TITLE$ยง! are all, de jure, vassals of ยงY$CLAIMANT$'sยง!, which is cause enough for war.;;;;;;;;;;;รรฑรฅ รขรซรรครฅรญรจรฟ, รชรฎรฒรฎรฐรปรฅ รฑรฎรครฅรฐรฆรจรฒ รข รฑรฅรกรฅ ยงY$TITLE$ยง!, รครฅ-รพรฐรฅ รฟรขรซรฟรพรฒรฑรฟ รขรรฑรฑรรซรผรญรปรฌรจ รฏรฎ รฎรฒรญรฎรธรฅรญรจรพ รช รฏรฐรฅรฒรฅรญรครฅรญรฒรณ (ยงY$CLAIMANT$ยง!), รทรฒรฎ รฑรซรณรฆรจรฒ รครฎรฑรฒรรฒรฎรทรญรปรฌ รฏรฎรขรฎรครฎรฌ รครซรฟ รขรฎรฉรญรป.;;x
dejure_county_claim_desc;The ยงY$TITLE$ยง! is, de jure, a vassal of ยงY$CLAIMANT$'sยง!, which is cause enough for war.;;;;;;;;;;;ยงY$TITLE$ยง! - รครฅ-รพรฐรฅ รขรรฑรฑรรซ รฏรฐรรขรจรฒรฅรซรฟ ยงY$CLAIMANT$ยง!, รทรฒรฎ รฟรขรซรฟรฅรฒรฑรฟ รครฎรฑรฒรรฒรฎรทรญรปรฌ รฏรฎรขรฎรครฎรฌ รครซรฟ รขรฎรฉรญรป.;;x
dejure_duchy_claim_desc;The ยงY$TITLE$ยง! is, de jure, a vassal of ยงY$CLAIMANT$ยง!. By spending a significant amount of ยงYPrestigeยง!, we can go to war for the entire duchy.;;;;;;;;;;;ยงY$CLAIMANT$ยง! รณรฒรขรฅรฐรฆรครรฅรฒ, รทรฒรฎ รฅรฑรซรจ ยงY$TITLE$ยง! - รครฅ-รพรฐรฅ รขรรฑรฑรรซ, รงรญรรทรจรฒ รจ รขรฑยธ รฃรฅรฐรถรฎรฃรฑรฒรขรฎ รฒรฎรฆรฅ. รรรงรณรฌรฅรฅรฒรฑรฟ, รฝรฒรฎ รญรฅ รฒรรช, รฏรฎรฝรฒรฎรฌรณ รฒรรชรรฟ รขรฎรฉรญร รญรรญรฅรฑยธรฒ รฑรฅรฐรผยธรงรญรปรฉ รณรนรฅรฐรก ยงYรฏรฐรฅรฑรฒรจรฆรณยง!.;;x
depose_antipope_desc;This Casus Belli can be used to depose an antipope in another realm.;;;;;;;;;;;รรฒรฎรฒ Casus Belli รฌรฎรฆรฅรฒ รกรปรฒรผ รจรฑรฏรฎรซรผรงรฎรขรรญ รครซรฟ รฑรขรฅรฐรฆรฅรญรจรฟ รรญรฒรจรฏรรฏรป รข รครฐรณรฃรฎรฉ รฑรฒรฐรรญรฅ.;;x
depose_impious_pope_desc;A war over the Holy See, and what is the righteous way forward for the faith.;;;;;;;;;;;รรฎรฉรญร รงร รรขรฟรฒรฎรฉ รรฐรฅรฑรฒรฎรซ - รฏรฐรรขรฅรครญรปรฉ รฑรฏรฎรฑรฎรก รงรรนรจรฒรจรฒรผ รจรฑรฒรจรญรญรณรพ รขรฅรฐรณ.;;x
depose_liege_desc;ยงY$CLAIMANT$ยง! can attempt to depose ยงY$TARGET$ยง! and install ยงY$CLAIMANT$ยง!'s favorite heir;;;;;;;;;;;ยงY$CLAIMANT$ยง! รฆรฅรซรรฅรฒ รฑรขรฅรฐรฃรญรณรฒรผ รฏรฐรรขรจรฒรฅรซรฟ รฏรฎ รจรฌรฅรญรจ ยงY$TARGET$ยง!, รญรรงรญรรทรจรข รกรฎรซรฅรฅ รครฐรณรฆรฅรซรพรกรญรฎรฃรฎ รญรรฑรซรฅรครญรจรชร.;;x
destabilization_china_cb_desc;China can, by way of war, shatter realms they consider too big for their own good.;;;;;;;;;;;"รรจรฒรรฉ รฌรฎรฆรฅรฒ รขรฎรฅรญรญรปรฌรจ รฌรฅรฒรฎรครรฌรจ รฐรรฑรชรฎรซรฎรฒรผ รฑรฒรฐรรญรณ, รชรฎรฒรฎรฐรรฟ รชรรฆรฅรฒรฑรฟ รฅรฌรณ รฑรซรจรธรชรฎรฌ รชรฐรณรฏรญรฎรฉ, ""รฐรรครจ รฅยธ รฆรฅ รกรซรรฃร"".";;x
dismantle_pretender_china_cb_desc;China will stop at nothing to show the pretenders that they are the one and only Empire of China.;;;;;;;;;;;รรจรฒรรฉ รญรฅ รฎรฑรฒรรญรฎรขรจรฒรฑรฟ รญรจ รฏรฅรฐรฅรค รทรฅรฌ, รทรฒรฎรกรป รฏรฎรชรรงรรฒรผ รฑรรฌรฎรงรขรรญรถรรฌ, รทรฒรฎ รฅรฑรฒรผ รฒรฎรซรผรชรฎ รฎรครญร รญรรฑรฒรฎรฟรนรรฟ รรฌรฏรฅรฐรจรฟ, รชรฎรฒรฎรฐรณรพ รฌรฎรฆรญรฎ รญรรงรปรขรรฒรผ รรจรฒรรฉรฑรชรฎรฉ.;;x
ducal_county_conquest_desc;ยงY$TARGET$ยง! holds land in a Duchy you are pretender to. By spending ยงYPietyยง! and ยงYGoldยง! you can go to war over any County that is part of a Duchy you hold land in, as long as the Duchy has no holder. This Casus Belli is only available to characters of Count or Duke tier.;;;;;;;;;;;ยงY$TARGET$ยง! รขรซรรครฅรฅรฒ รงรฅรฌรซยธรฉ รข รฏรฐรฅรครฅรซรรต รฃรฅรฐรถรฎรฃรฑรฒรขร, รญร รชรฎรฒรฎรฐรฎรฅ รรป รฏรฐรฅรฒรฅรญรครณรฅรฒรฅ. รรป รฌรฎรฆรฅรฒรฅ รฎรกรบรฟรขรจรฒรผ รขรฎรฉรญรณ รงร รซรพรกรฎรฉ รฎรชรฐรณรฃ, รฏรฐรจรญรรครซรฅรฆรรนรจรฉ รฃรฅรฐรถรฎรฃรฑรฒรขรณ, รข รชรฎรฒรฎรฐรฎรฌ รฅรฑรฒรผ รรรธรจ รงรฅรฌรซรจ, รฏรฎรฒรฅรฐรฟรข ยงYรกรซรรฃรฎรทรฅรฑรฒรขรจรฅยง! รจ ยงYรงรฎรซรฎรฒรฎยง!, รญรฎ รฒรฎรซรผรชรฎ รฅรฑรซรจ รฃรฅรฐรถรฎรฃรฑรชรจรฌ รฒรจรฒรณรซรฎรฌ รญรจรชรฒรฎ รญรฅ รฎรกรซรรครรฅรฒ. รรฒรฎรฒ Casus Belli รครฎรฑรฒรณรฏรฅรญ รซรจรธรผ รฏรฐรรขรจรฒรฅรซรฟรฌ รฎรชรฐรณรฆรญรฎรฃรฎ รจ รฎรกรซรรฑรฒรญรฎรฃรฎ รณรฐรฎรขรญรฟ (รฃรฐรรดรรฌ รจ รฃรฅรฐรถรฎรฃรรฌ).;;x
duchy_adventure_desc;Ambitious characters of noble descent can go off and attempt to seize duchies in foreign lands with a band of adventurers.;;;;;;;;;;;รรฌรกรจรถรจรฎรญรญรปรฅ รฏรฅรฐรฑรฎรญรรฆรจ รกรซรรฃรฎรฐรฎรครญรฎรฃรฎ รฏรฐรฎรจรฑรตรฎรฆรครฅรญรจรฟ รฌรฎรฃรณรฒ รฎรฒรฏรฐรรขรจรฒรฑรฟ รข รครรซรผรญรจรฅ รงรฅรฌรซรจ รฑ รฃรฐรณรฏรฏรฎรฉ รรขรรญรฒรพรฐรจรฑรฒรฎรข, รฆรฅรซรรฟ รงรรตรขรรฒรจรฒรผ รขรซรรฑรฒรผ รญรรค รญรฎรขรปรฌรจ รฃรฅรฐรถรฎรฃรฑรฒรขรรฌรจ.;;x
embargo_cb_desc;This Casus Belli allows you to destroy all of ยงY$TARGET$ยง!'s Trade Posts in your entire Realm.;;;;;;;;;;;รรฒรฎรฒ Casus Belli (รฏรฎรขรฎรค รครซรฟ รขรฎรฉรญรป) รฏรฎรงรขรฎรซรฟรฅรฒ รรรฌ รณรญรจรทรฒรฎรฆรจรฒรผ รขรฑรฅ รฒรฎรฐรฃรฎรขรปรฅ รดรรชรฒรฎรฐรจรจ, รชรฎรฒรฎรฐรปรฅ รฏรฐรฅรครฑรฒรรขรซรฟรฅรฒ ยงY$TARGET$ยง! รข รรรธรฅรฉ รฑรฒรฐรรญรฅ.;;x
excommunicated_ruler_desc;ยงY$TARGET$ยง! has been excommunicated, a just cause for war if ever there was one!;;;;;;;;;;;ยงY$TARGET$ยง! - รฎรฒรซรณรทยธรญรญรปรฉ รฎรฒ รถรฅรฐรชรขรจ รฏรฐรรขรจรฒรฅรซรผ. รรฒรฎ รฑรรฌรปรฉ รกรซรรฃรฎรทรฅรฑรฒรจรขรปรฉ รฏรฎรขรฎรค รครซรฟ รขรฎรฉรญรป, รชรรชรฎรฉ รฒรฎรซรผรชรฎ รฌรฎรฆรฅรฒ รกรปรฒรผ!;;x
flower_war_cb;Flower War;;;;;;;;;;;รรฎรฉรญร รถรขรฅรฒรฎรข;;x
flower_war_cb_desc;To prove our eternal devotion to the gods we can wage war not for land, but to conquer worthy offerings for our altars.;;;;;;;;;;;รรฒรฎรกรป รครฎรชรรงรรฒรผ รฑรขรฎรพ รขรฅรทรญรณรพ รฏรฐรฅรครรญรญรฎรฑรฒรผ รกรฎรฃรรฌ, รฌรป รฌรฎรฆรฅรฌ รขรฅรฑรฒรจ รขรฎรฉรญรณ รญรฅ รงร รงรฅรฌรซรจ, ร รงร รญรฎรขรปรต รชรรญรครจรครรฒรฎรข รญร รฆรฅรฐรฒรขรฎรฏรฐรจรญรฎรธรฅรญรจรฟ.;;x
force_open_china_cb_desc;[offmap_china.GetShortName] has closed its borders and halted trade on the Silk Road. This is unacceptable - the trade must flow!;;;;;;;;;;;รรฌรฏรฅรฐรจรฟ [offmap_china.GetShortName] รงรรชรฐรปรซร รฑรขรฎรจ รฃรฐรรญรจรถรป รจ, รฒรฅรฌ รฑรรฌรปรฌ, รยธรซรชรฎรขรปรฉ รฏรณรฒรผ. รรฒรฎ รญรฅรฏรฐรจรฅรฌรซรฅรฌรฎ - รฒรฎรขรรฐ รครฎรซรฆรฅรญ รฏรฎรฑรฒรณรฏรรฒรผ!;;x
force_vassalization_desc;ยงY$TARGET$ยง! is weak and in need of protection, they would be better off in your realm! By spending a significant amount of ยงYPrestigeยง! you can go to war to forcibly make them your Vassal, as long as they are of a ยงYlower tierยง! than you, at or below ยงY30 Realm Sizeยง! and where the ruler is either of your ยงYReligionยง! or ยงYCulture Groupยง!.;;;;;;;;;;;ยงY$TARGET$ยง! รฏรฐรรขรจรฒ รฑรซรรกรปรฌ รฃรฎรฑรณรครรฐรฑรฒรขรฎรฌ, รชรฎรฒรฎรฐรฎรฌรณ รญรณรฆรญร รงรรนรจรฒร. รรฌ รกรณรครฅรฒ รซรณรทรธรฅ รฑ รญรรฌรจ! รรฎรฅรญรญรปรฌรจ รฌรฅรฒรฎรครรฌรจ รฌรป รฌรฎรฆรฅรฌ รฝรฒรฎรฃรฎ รครฎรกรจรฒรผรฑรฟ, รตรฎรฒรผ รฝรฒรฎ รจ รฑรณรนรฅรฑรฒรขรฅรญรญรฎ รฏรฎรครฎรฐรฎรขยธรฒ รญรรธ ยงYรฏรฐรฅรฑรฒรจรฆยง!, รญรฎ รขรปรญรณรครจรฒ รจรต รช รขรรฑรฑรรซรจรฒรฅรฒรณ. รรฒรฎ รขรฎรงรฌรฎรฆรญรฎ, รชรฎรฃรคร รฏรฐรรขรจรฒรฅรซรผ รจรฌรฅรฅรฒ ยงYรฐรรญรฃ รญรจรฆรฅยง! รญรรธรฅรฃรฎ, ยงYรฐรรงรฌรฅรฐ รฑรฒรฐรรญรป รญรฅ รกรฎรซรผรธรฅ รทรฅรฌ 30ยง!, รจ รจรฑรฏรฎรขรฅรครณรฅรฒ รฒรณ รฆรฅ ยงYรฐรฅรซรจรฃรจรพยง! รจรซรจ รฏรฐรจรญรรครซรฅรฆรจรฒ รฒรฎรฉ รฆรฅ ยงYรชรณรซรผรฒรณรฐรญรฎรฉ รฃรฐรณรฏรฏรฅยง!, รทรฒรฎ รจ รรป.;;x
free_tributary_cb_desc;You can declare war to free yourself or one of your vassals from tributary status.;;;;;;;;;;;รรป รฌรฎรฆรฅรฒรฅ รฎรกรบรฟรขรจรฒรผ รขรฎรฉรญรณ รงร รฎรฑรขรฎรกรฎรฆรครฅรญรจรฅ รฑรฅรกรฟ รจรซรจ รฎรครญรฎรฃรฎ รจรง รฑรขรฎรจรต รขรรฑรฑรรซรฎรข รฎรฒ รขรปรฏรซรรฒรป รครรญรจ.;;x
great_realm_conflict_desc;You are very powerful, and so is ยงY$TARGET$ยง! - it is time to show them who is the strongest! By spending a significant amount of ยงYPrestigeยง! and ยงYPietyยง! you can go to war for an entire Kingdom, as long as they are as strong as you or stronger.;;;;;;;;;;;รรป รฎรทรฅรญรผ รฌรฎรฃรณรนรฅรฑรฒรขรฅรญรญรป, ยงY$TARGET$ยง! - รฒรฎรฆรฅ. รรฐรจรธรซรฎ รขรฐรฅรฌรฟ รขรปรฟรฑรญรจรฒรผ, รชรฒรฎ รฑรจรซรผรญรฅรฅ! รรฎรฒรฐรรฒรจรข รกรฎรซรผรธรฎรฅ รชรฎรซรจรทรฅรฑรฒรขรฎ ยงYรฏรฐรฅรฑรฒรจรฆรยง! รจ ยงYรกรซรรฃรฎรทรฅรฑรฒรจรฟยง!, รรป รฌรฎรฆรฅรฒรฅ รฎรกรบรฟรขรจรฒรผ รขรฎรฉรญรณ รงร รถรฅรซรฎรฅ รชรฎรฐรฎรซรฅรขรฑรฒรขรฎ, รญรฎ รฒรฎรซรผรชรฎ รฅรฑรซรจ รฏรฐรฎรฒรจรขรญรจรช รฒรรชรฎรฉ รฆรฅ รฑรจรซรผรญรปรฉ รจรซรจ รฑรจรซรผรญรฅรฅ รรรฑ.;;x
heretic_revolt_desc;Heretic leaders - heresiarchs - can rise up if the authority of the parent religion is low, spreading their errant beliefs with fire and sword.;;;;;;;;;;;รรจรครฅรฐรป รฅรฐรฅรฒรจรชรฎรข - รฅรฐรฅรฑรจรรฐรตรจ - รฌรฎรฃรณรฒ รขรงรกรณรญรฒรฎรขรรฒรผรฑรฟ, รฅรฑรซรจ รรขรฒรฎรฐรจรฒรฅรฒ รฏรฎรฐรฎรฆรครรพรนรฅรฉ รฝรฒรณ รฅรฐรฅรฑรผ รฐรฅรซรจรฃรจรจ รฌรรซ, รฒรฅรฌ รฑรรฌรปรฌ รฎรญรจ รกรณรครณรฒ รฐรรฑรฏรฎรฑรฒรฐรรญรฟรฒรผ รฑรขรฎรจ รจรครฅรจ รฎรฃรญยธรฌ รจ รฌรฅรทรฎรฌ.;;x
hostages_cb_desc;ยงY$TARGET$ยง! holds unlanded characters you care about captive, it is time to free them! If you win this war these characters will be freed. You might also be able to take hostages of our own. Any freed captives will be moved to your court or to the court of their rightful spouse.\nยงRBeware, $TARGET$ might execute one or more of the captives if you attack!ยง!;;;;;;;;;;;ยงY$TARGET$ยง! รครฅรฐรฆรจรฒ รข รงรรฒรฎรทรฅรญรจรจ รกรฅรงรงรฅรฌรฅรซรผรญรปรต รฏรซรฅรญรญรจรชรฎรข, รชรฎรฒรฎรฐรปรฅ รฏรฐรฅรครฑรฒรรขรซรฟรพรฒ รครซรฟ รรรฑ รจรญรฒรฅรฐรฅรฑ, รจ รฅรฑรซรจ รรป รฏรฎรกรฅรครจรฒรฅ รข รฝรฒรฎรฉ รขรฎรฉรญรฅ, รฎรญรจ รกรณรครณรฒ รฎรฑรขรฎรกรฎรฆรครฅรญรป. รรฐรฎรฌรฅ รฒรฎรฃรฎ, รณ รรรฑ รฌรฎรฆรฅรฒ รกรปรฒรผ รขรฎรงรฌรฎรฆรญรฎรฑรฒรผ รฒรฎรฆรฅ รขรงรฟรฒรผ รชรฎรฃรฎ-รฒรฎ รข รฏรซรฅรญ. รรฑรฅ รฎรฑรขรฎรกรฎรฆรคยธรญรญรปรฅ รฏรซรฅรญรญรจรชรจ รฏรฐรจรกรณรครณรฒ รช รรรธรฅรฌรณ รครขรฎรฐรณ รจรซรจ รชรฎ รครขรฎรฐรณ รฒรฎรฃรฎ, รชรฒรฎ รฑรฎรฑรฒรฎรจรฒ รฑ รรรฌรจ รข รกรฐรรชรฅ.\nยงRรรณรครผรฒรฅ รฎรฑรฒรฎรฐรฎรฆรญรป, $TARGET$ รฌรฎรฆรฅรฒ รชรรงรญรจรฒรผ รฏรซรฅรญรญรจรชรฎรข รข รซรพรกรฎรฉ รฌรฎรฌรฅรญรฒ!ยง!;;x
imperial_reconquest_desc;The lost territory of the Roman Empire must be reclaimed! ยงY$CLAIMANT$ยง! can use this Casus Belli to seize all titles held by ยงY$TARGET$ยง! within the de jure ยงY$TITLE$ยง!.;;;;;;;;;;;"รรฎรฒรฅรฐรฟรญรญรรฟ รฒรฅรฐรฐรจรฒรฎรฐรจรฟ รรจรฌรฑรชรฎรฉ รจรฌรฏรฅรฐรจรจ รครฎรซรฆรญร รกรปรฒรผ รฎรฑรขรฎรกรฎรฆรครฅรญร! ยงY$CLAIMANT$ยง! รฌรฎรฆรญรฎ รจรฑรฏรฎรซรผรงรฎรขรรฒรผ รฝรฒรฎรฒ รฏรฎรขรฎรค, รทรฒรฎรกรป รงรรตรขรรฒรจรฒรผ รขรฑรฅ รฒรจรฒรณรซรป, รครฅ-รพรฐรฅ รฏรฐรจรญรรครซรฅรฆรรนรจรฅ รฃรฎรฑรณรครรฐรฑรฒรขรณ ""ยงY$TITLE$ยง!"", รชรฎรฒรฎรฐรปรฌรจ รฎรกรซรรครรฅรฒ ยงY$TARGET$ยง!.";;x
increase_council_power_war_desc;The power of the council must be increased - and if war is what it takes, then war we will have!;;;;;;;;;;;รรฎรฐร รครรฒรผ ยงYรฑรฎรขรฅรฒรณยง! รกรฎรซรผรธรฅ รฏรฎรซรญรฎรฌรฎรทรจรฉ รจ รฅรฑรซรจ รครซรฟ รฝรฒรฎรฃรฎ รญรณรฆรญร รขรฎรฉรญร, รฒรรช รฒรฎรฌรณ รจ รกรปรฒรผ!;;x
indian_subjugation_desc;Rulers of the Indian religions can subjugate each other for ยงY500ยง! Karma if they are from the same culture group.;;;;;;;;;;;รรฐรรขรจรฒรฅรซรจ, รจรฑรฏรฎรขรฅรครณรพรนรจรฅ รจรญรครจรฉรฑรชรจรฅ รฐรฅรซรจรฃรจรจ, รฌรฎรฃรณรฒ รฏรฎรชรฎรฐรฟรฒรผ รครฐรณรฃ รครฐรณรฃร รงร ยงY500ยง! รฎรทรชรฎรข รชรรฐรฌรป, รฅรฑรซรจ รฑรฎรฑรฒรฎรฟรฒ รข รฒรฎรฉ รฆรฅ รชรณรซรผรฒรณรฐรญรฎรฉ รฃรฐรณรฏรฏรฅ.;;x
invasion_desc;ยงY$CLAIMANT$ยง! has been granted the right to invade the ยงY$TITLE$ยง!. If successful, the titles to all currently occupied holdings will be seized.;;;;;;;;;;;ยงY$CLAIMANT$ยง! รจรฌรฅรฅรฒ รฏรฐรรขรฎ รญร รขรฒรฎรฐรฆรฅรญรจรฅ รข รฃรฎรฑรณรครรฐรฑรฒรขรฎ ยงY$TITLE$ยง!. ร รฑรซรณรทรรฅ รณรฑรฏรฅรตร รกรณรครณรฒ รฏรฐรจรฎรกรฐรฅรฒรฅรญรป รฏรฐรรขร รญร รขรฑรฅ รงรรญรฟรฒรปรฅ รข รญรรฑรฒรฎรฟรนรฅรฅ รขรฐรฅรฌรฟ รขรซรรครฅรญรจรฟ.;;x
invasion_of_china_cb_desc;The [offmap_china.GetFullName] has been a thorn in our side long enough - no more!;;;;;;;;;;;รรซรจรธรชรฎรฌ รครฎรซรฃรฎ [offmap_china.GetFullName] รฑรฒรฎรฟรซร รณ รญรรฑ รฏรฎรฏรฅรฐยธรช รฃรฎรฐรซร - รฏรฎรฐร รฏรฎรฑรฒรรขรจรฒรผ รจรต รญร รฌรฅรฑรฒรฎ!;;x
kingdom_adventure_desc;Certain extremely ambitious and charismatic characters can gather enough support to go off and attempt to seize kingdoms in foreign lands with a large army of adventurous warriors.;;;;;;;;;;;รรฅรชรฎรฒรฎรฐรปรฅ รรขรรญรฒรพรฐรจรฑรฒรป รญรรฑรฒรฎรซรผรชรฎ รรฌรกรจรถรจรฎรงรญรป รจ รตรรฐรจรงรฌรรฒรจรทรญรป, รทรฒรฎ รฌรฎรฃรณรฒ รฑรฎรกรฐรรฒรผ รฎรฃรฐรฎรฌรญรณรพ รรฐรฌรจรพ รจ รงรรฟรขรจรฒรผ รฎ รฏรฐรฅรฒรฅรญรงรจรจ รญร รถรฅรซรปรฅ รชรฎรฐรฎรซรฅรขรฑรฒรขร.;;x
liberate_religion_desc;ยงY$TARGET$ยง! is not of your religion, but has Counties in their realm following the true faith. They must be liberated from their oppressors!;;;;;;;;;;;ยงY$TARGET$ยง! รญรฅ รจรฑรฏรฎรขรฅรครณรฅรฒ รรรธรณ รขรฅรฐรณ, รญรฎ รขรซรรครฅรฅรฒ รงรฅรฌรซรฟรฌรจ, รฆรจรฒรฅรซรจ รชรฎรฒรฎรฐรปรต รขรฅรฐรณรพรฒ รข รฒรฎ รฆรฅ, รขรฎ รทรฒรฎ รจ รรป. รรต รญรณรฆรญรฎ รฎรฑรขรฎรกรฎรครจรฒรผ รฎรฒ รณรฃรญรฅรฒรรฒรฅรซรฅรฉ!;;x
liberation_revolt_desc;The subjects of foreign lords can rise up in revolt and try to restore their old kingdom.;;;;;;;;;;;รรฎรชรฎรฐรฅรญรญรปรฅ รซรฎรฐรครรฌรจ รทรณรฆรจรต รชรณรซรผรฒรณรฐ รฏรฐรฅรครฑรฒรรขรจรฒรฅรซรจ รฑรฎ รขรฐรฅรฌรฅรญรฅรฌ รฌรฎรฃรณรฒ รขรฎรฑรฑรฒรรฒรผ รข รฏรฎรฏรปรฒรชรฅ รขรฅรฐรญรณรฒรผ รฑรฅรกรฅ รชรฎรญรฒรฐรฎรซรผ รญรรค รฏรฐรฅรฆรญรจรฌ รฃรฎรฑรณรครรฐรฑรฒรขรฎรฌ.;;x
lower_crown_authority_law_desc;ยงY$CLAIMANT$ยง! can declare war to lower Crown Authority in the ยงY$TITLE$ยง!;;;;;;;;;;;ยงY$CLAIMANT$ยง! รฌรฎรฆรฅรฒ รฎรกรบรฟรขรจรฒรผ รขรฎรฉรญรณ รครซรฟ รฒรฎรฃรฎ, รทรฒรฎรกรป รฏรฎรญรจรงรจรฒรผ ยงYรรขรฒรฎรฐรจรฒรฅรฒ รรฎรฐรฎรญรปยง! รข รฃรฎรฑรณรครรฐรฑรฒรขรฅ ยงY$TITLE$ยง!;;x
lower_tribal_organization_law_desc;ยงY$CLAIMANT$ยง! can declare war to lower Tribal Organization in the ยงY$TITLE$ยง!;;;;;;;;;;;ยงY$CLAIMANT$ยง! รฌรฎรฆรฅรฒ รฎรกรบรฟรขรจรฒรผ รขรฎรฉรญรณ, รทรฒรฎรกรป รฑรญรจรงรจรฒรผ รฏรซรฅรฌรฅรญรญรณรพ รฎรฐรฃรรญรจรงรฎรขรรญรญรฎรฑรฒรผ รญร รงรฅรฌรซรฅ, รจรงรขรฅรฑรฒรญรฎรฉ รชรรช ยงY$TITLE$ยง!;;x
manifest_destiny_invasion_desc;My manifest destiny allows me to invade ยงY$TARGET$ยง!. If successful, everything ยงY$TARGET$ยง! controls within the ยงY$TITLE$ยง! will be taken or vassalized.;;;;;;;;;;;รรฎรจ รฏรฐรจรฒรฟรงรรญรจรฟ รฏรฎรงรขรฎรซรฟรพรฒ รฌรญรฅ รขรฒรฎรฐรฃรญรณรฒรผรฑรฟ รข รงรฅรฌรซรจ รฏรฐรรขรจรฒรฅรซรฟ รฏรฎ รจรฌรฅรญรจ ยงY$TARGET$ยง!. ร รฑรซรณรทรรฅ รณรฑรฏรฅรตร, รขรฑรฅ รขรซรรครฅรญรจรฟ, รชรฎรฒรฎรฐรปรฅ รชรฎรญรฒรฐรฎรซรจรฐรณรฅรฒ ยงY$TARGET$ยง! รข รฏรฐรฅรครฅรซรรต รงรฅรฌรซรจ, รจรงรขรฅรฑรฒรญรฎรฉ รชรรช ยงY$TITLE$ยง! รกรณรครณรฒ รงรรตรขรรทรฅรญรป รจรซรจ รขรรฑรฑรรซรจรงรจรฐรฎรขรรญรป.;;x
matriarchal_deposition_war;Matriarchal Deposition War;;;;;;;;;;;รรรฒรฐรจรรฐรตรรซรผรญรรฟ รขรฎรฉรญร;;x
matriarchal_deposition_war_desc;No [Root.GetOppositeManWoman] should be allowed to hold as much authority as $TARGET$ does. We are well within our rights to force this vile tyrant to abdicate his throne, leaving his realm in the capable hands of a [Root.GetManWoman].;;;;;;;;;;;รรจ รฎรครจรญ รฌรณรฆรทรจรญร รญรฅ รข รฏรฐรรขรฅ รฎรกรซรรครรฒรผ รฒรรชรฎรฉ รขรซรรฑรฒรผรพ, รชรรช $TARGET$. รรป รฌรฎรฆรฅรฌ รงรรฑรฒรรขรจรฒรผ รฝรฒรฎรฃรฎ รฌรฅรฐรงรชรฎรฃรฎ รฒรจรฐรรญร รฎรฒรฐรฅรทรผรฑรฟ รฎรฒ รฏรฐรฅรฑรฒรฎรซร รจ รฏรฅรฐรฅรครรฒรผ รฅรฃรฎ รฃรฎรฑรณรครรฐรฑรฒรขรฎ รข รณรฌรฅรซรปรฅ รฆรฅรญรฑรชรจรฅ รฐรณรชรจ.;;x
muslim_county_conquest_desc;Muslims can conquer single border counties without specific reasons at the cost of ยงY50ยง! Piety.;;;;;;;;;;;รรณรฑรณรซรผรฌรรญรฅ รฌรฎรฃรณรฒ รงรรขรฎรฅรขรรฒรผ รฎรครจรญ รฏรฐรจรฃรฐรรญรจรทรญรปรฉ รฎรชรฐรณรฃ รครรฆรฅ รญรฅ รจรฌรฅรฟ รฏรฐรฅรฒรฅรญรงรจรฉ รญร รญรฅรฃรฎ, รญรฎ รฏรฎรฒรฐรรฒรจรข ยงY50ยง! รกรซรรฃรฎรทรฅรฑรฒรจรฟ.;;x
muslim_invasion_desc;ยงY$TARGET$ยง! is not of the True Faith - which is all the cause ยงY$CLAIMANT$ยง! needs to invade the ยงY$TITLE$ยง!. If successful, everything ยงY$TARGET$ยง! controls within the ยงY$TITLE$ยง! will be taken or vassalized.;;;;;;;;;;;"ยงY$TARGET$ยง! - รจรญรฎรขรฅรฐรฅรถ, รฏรฎรฝรฒรฎรฌรณ ยงY$CLAIMANT$ยง! รจรฌรฅรฅรฒ รฏรฎรซรญรฎรฅ รฏรฐรรขรฎ รญรรฏรรฑรฒรผ รญร รงรฅรฌรซรพ ""ยงY$TITLE$ยง!"". รรฐรจ รณรฑรฏรฅรธรญรฎรฌ รงรรขรฅรฐรธรฅรญรจรจ รฏรฎรตรฎรคร รขรฑรฅ รขรซรรครฅรญรจรฟ รฏรฐรรขรจรฒรฅรซรฟ ยงY$TARGET$ยง! รข รฏรฐรฅรครฅรซรรต รฎรกรซรรฑรฒรจ ""ยงY$TITLE$ยง!"" รกรณรครณรฒ รงรรตรขรรทรฅรญรป รจรซรจ รขรรฑรฑรรซรจรงรจรฐรฎรขรรญรป.";;x
nomad_dispute_desc;Feuding clans can declare wars against each other to seize a single county.;;;;;;;;;;;รรซรรญรฎรขรรฟ รขรฐรรฆรคร รฏรฎรงรขรฎรซรฟรฅรฒ รฎรกรบรฟรขรซรฟรฒรผ รขรฎรฉรญรป รครฐรณรฃ รครฐรณรฃรณ, รฑ รถรฅรซรผรพ รงรรตรขรรฒร รฎรครญรฎรฃรฎ รฎรชรฐรณรฃร.;;x
nomad_expansion_desc;If we have enough Prestige, we can subdue large foreign areas in a single war.;;;;;;;;;;;รรฌรฅรฟ รครฎรฑรฒรรฒรฎรทรญรฎ รฎรทรชรฎรข รฏรฐรฅรฑรฒรจรฆร, รฌรป รฌรฎรฆรฅรฌ รฏรฎรครทรจรญรจรฒรผ รฑรฅรกรฅ รชรฐรณรฏรญรปรฅ รทรณรฆรฅรงรฅรฌรญรปรฅ รฐรฅรฃรจรฎรญรป, รฏรฎรกรฅรครจรข รข รฎรครญรฎรฉ รขรฎรฉรญรฅ.;;x
nomad_humiliate_cb_desc;Humiliate the enemy and steal their people to strengthen your own clan.;;;;;;;;;;;รรญรจรงรจรฒรผ รขรฐรรฃร รจ รณรชรฐรรฑรฒรผ รฅรฃรฎ รญรรฐรฎรค, รทรฒรฎรกรป รณรชรฐรฅรฏรจรฒรผ รฑรขรฎรฉ รชรซรรญ.;;x
nomad_invasion_desc;If our population is getting too large, we may invade another realm to seize their pasture lands! If successful, all occupied territory will be seized and all vassals will become our vassals.;;;;;;;;;;;รรฑรซรจ รญรรธรฅรฌรณ รญรรฐรฎรครณ รฑรฒรรญรฎรขรจรฒรฑรฟ รญรฅรฃรครฅ รฆรจรฒรผ, รฌรป รขรฑรฅรฃรคร รฌรฎรฆรฅรฌ รขรฒรฎรฐรฃรญรณรฒรผรฑรฟ รข รทรณรฆรจรฅ รงรฅรฌรซรจ, รทรฒรฎรกรป รงรรขรซรรครฅรฒรผ รญรฎรขรปรฌรจ รฏรรฑรฒรกรจรนรรฌรจ! ร รฑรซรณรทรรฅ รณรฑรฏรฅรตร, รขรฑรฅ รฎรชรชรณรฏรจรฐรฎรขรรญรญรปรฅ รญรรฌรจ รฒรฅรฐรฐรจรฒรฎรฐรจรจ รฑรฒรรญรณรฒ รญรรธรจรฌรจ, ร รจรต รขรรฑรฑรรซรป - รญรรธรจรฌรจ รขรรฑรฑรรซรรฌรจ.;;x
nomad_subjugation_desc;Nomads can subjugate non-Nomadic realms once in their lifetime.;;;;;;;;;;;รรฎรทรฅรขรญรจรชรจ รฌรฎรฃรณรฒ รฏรฎรชรฎรฐรฟรฒรผ รญรฅรชรฎรทรฅรขรปรต รฏรฐรรขรจรฒรฅรซรฅรฉ รฎรครจรญ รฐรรง รข รฆรจรงรญรจ.;;x
northern_crusade_war_desc;ยงY[Root.GetTitledName]ยง! can use this casus belli to attack ยงY$TARGET$ยง! over ยงY$TITLE$ยง! as part of the Northern Crusade to convert the pagans of the north.;;;;;;;;;;;ยงY[Root.GetTitledFirstName]ยง! รฌรฎรฆรฅรฒ รจรฑรฏรฎรซรผรงรฎรขรรฒรผ รฝรฒรฎรฒ casus belli, รทรฒรฎรกรป รฎรกรบรฟรขรจรฒรผ รขรฎรฉรญรณ รฏรฐรรขรจรฒรฅรซรพ, รจรงรขรฅรฑรฒรญรฎรฌรณ รชรรช ยงY$TARGET$ยง!, รงร รฒรจรฒรณรซ ยงY$TITLE$ยง! รชรรช รทรรฑรฒรผ รรฅรขรฅรฐรญรฎรฃรฎ รชรฐรฅรฑรฒรฎรขรฎรฃรฎ รฏรฎรตรฎรคร, รฏรฐรจรงรขรรญรญรฎรฃรฎ รฎรกรฐรรฒรจรฒรผ [_รฟรงรปรทรญรจรช]รฎรข-รฑรฅรขรฅรฐรฟรญ.;;x
offmap_submission_desc;China can, by way of war, force realms to submit to them.;;;;;;;;;;;รรจรฒรรฉ รฌรฎรฆรฅรฒ รขรฎรฅรญรญรปรฌ รฏรณรฒยธรฌ รฏรฎรครทรจรญรจรฒรผ รครฐรณรฃรจรฅ รฑรฒรฐรรญรป.;;x
other_claim_desc;This Casus Belli can be used by ยงY$PRESSER$ยง! to press ยงY$CLAIMANT$'sยง! claim on the ยงY$TITLE$ยง!.\nIf ยงY$PRESSER$ยง! holds a higher tier title and is of the same dynasty as ยงY$CLAIMANT$ยง!, or if ยงY$PRESSER$ยง! is de jure liege of ยงY$TITLE$ยง!, ยงY$CLAIMANT$ยง! will also become a vassal of ยงY$PRESSER$ยง!.;;;;;;;;;;;ยงY$PRESSER$ยง!(รฏรฐรฅรครบรฟรขรจรฒรฅรซรผ) รฌรฎรฆรฅรฒ รจรฑรฏรฎรซรผรงรฎรขรรฒรผ รฝรฒรฎรฒ รฏรฎรขรฎรค รช รขรฎรฉรญรฅ, รฏรฎรฑรชรฎรซรผรชรณ ยงY$CLAIMANT$ยง! รฏรฐรฅรฒรฅรญรครณรฅรฒ รญร รฒรจรฒรณรซ รจ รงรฅรฌรซรจ รฎรกรซรรฑรฒรจ ยงY$TITLE$ยง!.\nรรฑรซรจ ยงY$PRESSER$ยง! รจ ยงY$CLAIMANT$ยง! - รทรซรฅรญรป รฎรครญรฎรฉ รครจรญรรฑรฒรจรจ, รจรซรจ, รฅรฑรซรจ ยงY$PRESSER$ยง! - รครฅ-รพรฐรฅ รฑรพรงรฅรฐรฅรญ รฒรจรฒรณรซร ยงY$TITLE$ยง!, รฒรฎรฃรคร ยงY$CLAIMANT$ยง! รฑรฒรรญรฅรฒ รขรรฑรฑรรซรฎรฌ รฏรฐรฅรครบรฟรขรจรฒรฅรซรฟ (ยงY$PRESSER$ยง!).;;x
other_claim_on_liege_desc;This Casus Belli can be used by ยงY$PRESSER$ยง! to press ยงY$CLAIMANT$'sยง! claim on the ยงY$TITLE$ยง!;;;;;;;;;;;รรฒรฎรฒ Casus Belli รฌรฎรฆรฅรฒ รจรฑรฏรฎรซรผรงรฎรขรรฒรผ ยงY$PRESSER$ยง! รครซรฟ รฏรฎรครฒรขรฅรฐรฆรครฅรญรจรฟ รฏรฐรฅรฒรฅรญรงรจรฉ รญร รฒรจรฒรณรซ ยงY$TITLE$ยง! (รฏรฐรฅรฒรฅรญรครฅรญรฒ - ยงY$CLAIMANT$ยง!);;x
other_dejure_barony_claim_desc;The ยงY$TITLE$ยง! is, de jure, a vassal of ยงY$CLAIMANT$'sยง!, which is cause enough for war.;;;;;;;;;;;ยงY$TITLE$ยง! รรฎ รฏรฐรรขรณ รฟรขรซรฟรฅรฒรฑรฟ รขรรฑรฑรรซรฎรฌ ยงY$CLAIMANT$ยง!, รทรฒรฎ รฟรขรซรฟรฅรฒรฑรฟ รครฎรฑรฒรรฒรฎรทรญรปรฌ รฏรฎรขรฎรครฎรฌ รครซรฟ รขรฎรฉรญรป;;x
other_dejure_county_claim_desc;The ยงY$TITLE$ยง! is, de jure, a vassal of ยงY$CLAIMANT$'sยง!, which is cause enough for war.;;;;;;;;;;;ยงY$TITLE$ยง! รรฎ รฏรฐรรขรณ รฟรขรซรฟรฅรฒรฑรฟ รขรรฑรฑรรซรฎรฌ ยงY$CLAIMANT$ยง!, รทรฒรฎ รฟรขรซรฟรฅรฒรฑรฟ รครฎรฑรฒรรฒรฎรทรญรปรฌ รฏรฎรขรฎรครฎรฌ รครซรฟ รขรฎรฉรญรป;;x
overthrow_ruler_desc;ยงY$TARGET$ยง! has tried and failed to imprison ยงY$CLAIMANT$ยง!, which has resulted in an armed conflict;;;;;;;;;;;ยงY$TARGET$ยง! รฏรปรฒรรฟรฑรผ รฏรฎรฑรรครจรฒรผ รทรฅรซรฎรขรฅรชร (ยงY$CLAIMANT$ยง!) รข รฒรพรฐรผรฌรณ, รขรปรงรปรขรรฅรฒ รขรฎรฎรฐรณรฆยธรญรญรปรฉ รชรฎรญรดรซรจรชรฒ.;;x
overthrow_ruler_no_calls_desc;ยงY$CLAIMANT$ยง! has risen in revolt after a failed arrest attempt by ยงY$TARGET$ยง!.;;;;;;;;;;;ยงY$CLAIMANT$ยง! รฏรฎรครญรจรฌรรฅรฒ รขรฎรฑรฑรฒรรญรจรฅ รฏรฎรฑรซรฅ รฒรฎรฃรฎ, รชรรช ยงY$TARGET$ยง! รฏรฐรฎรขรรซรจรขรรฅรฒ รฏรฎรฏรปรฒรชรณ รรฐรฅรฑรฒร.;;x
pagan_county_conquest_desc;Pagans and Nomads can conquer single border counties without specific reasons. Norse Pagans can also take any coastal county.;;;;;;;;;;;รรงรปรทรญรจรชรจ รจ รชรฎรทรฅรขรญรจรชรจ รฌรฎรฃรณรฒ รงรรขรฎรฅรขรรฒรผ รฎรครจรญ รฏรฐรจรฃรฐรรญรจรทรญรปรฉ รฎรชรฐรณรฃ รครรฆรฅ รญรฅ รจรฌรฅรฟ รฏรฐรฅรฒรฅรญรงรจรฉ รญร รญรฅรฃรฎ. รรฅรฐรฌรรญรฑรชรจรฅ รฟรงรปรทรญรจรชรจ (รขรจรชรจรญรฃรจ) รฌรฎรฃรณรฒ รงรรขรฎรฅรขรรฒรผ รซรพรกรฎรฉ รฏรฐรจรกรฅรฐรฅรฆรญรปรฉ รฎรชรฐรณรฃ.;;x
pagan_holy_war_desc;Reformed Pagans can use this Casus Belli to seize all titles held by an infidel within a de jure Duchy at the cost of ยงY100ยง! $PIETYNAME$.;;;;;;;;;;;รรฐรฅรครฑรฒรรขรจรฒรฅรซรจ รฐรฅรดรฎรฐรฌรจรฐรฎรขรรญรญรฎรฃรฎ รฟรงรปรทรฅรฑรฒรขร รฌรฎรฃรณรฒ รจรฑรฏรฎรซรผรงรฎรขรรฒรผ รฝรฒรฎรฒ รฏรฎรขรฎรค รครซรฟ รขรฎรฉรญรป, รทรฒรฎรกรป รงรรตรขรรฒรจรฒรผ รขรฑรฅ รงรฅรฌรซรจ รครรญรญรฎรฃรฎ รครฅ-รพรฐรฅ รฃรฅรฐรถรฎรฃรฑรฒรขร รญรรตรฎรครฟรนรจรฅรฑรฟ รข รฐรณรชรรต รญรฅรขรฅรฐรญรปรต, รฏรฎรฒรฐรรฒรจรข ยงY100ยง! รกรซรรฃรฎรทรฅรฑรฒรจรฟ.;;x
pagan_subjugation_desc;Pagans, with succession laws set to Elective Gavelkind, are allowed to subjugate other pagan rulers once in their lifetime. (With the 'Become $KING$' ambition, there is no such time limit against those who control titles within the kingdom.) Free men are always willing to follow the mightiest ruler...;;;;;;;;;;;"รรงรปรทรญรจรชรจ รฌรฎรฃรณรฒ รฏรฎรชรฎรฐรฟรฒรผ รครฐรณรฃรจรต รฟรงรปรทรฅรฑรชรจรต รฏรฐรรขรจรฒรฅรซรฅรฉ รฎรครจรญ รฐรรง รข รฆรจรงรญรจ (รฑ รรฌรกรจรถรจรฅรฉ ""รรฐรรขรจรฒรผ รฐรฎรครญรฎรฉ รงรฅรฌรซยธรฉ"" รฝรฒรฎรฒ รฏรฐรฅรครฅรซ รขรฐรฅรฌรฅรญรจ รญรฅรครฅรฉรฑรฒรขรจรฒรฅรซรฅรญ รฏรฐรฎรฒรจรข รถรฅรซรฅรฉ รขรญรณรฒรฐรจ รฃรฎรฑรณรครรฐรฑรฒรขร). รรฎรซรผรญรปรฅ รซรพรครจ รขรฑรฅรฃรคร รฆรฅรซรรพรฒ รฑรซรฅรครฎรขรรฒรผ รงร รฑรรฌรปรฌ รฌรฎรฃรณรนรฅรฑรฒรขรฅรญรญรปรฌรจ รฏรฐรรขรจรฒรฅรซรฅรฌ...";;x
patriarchal_deposition_war;Patriarchal Deposition War;;;;;;;;;;;รรรฒรฐรจรรฐรตรรซรผรญรรฟ รขรฎรฉรญร;;x
patriarchal_deposition_war_desc;No [Root.GetOppositeManWoman] should be allowed to hold as much authority as $TARGET$ does. We are well within our rights to force this vile tyrant to abdicate her throne, leaving her realm in the capable hands of a [Root.GetManWoman].;;;;;;;;;;;รรจ รฎรครญร รฆรฅรญรนรจรญร รญรฅ รข รฏรฐรรขรฅ รฎรกรซรรครรฒรผ รฒรรชรฎรฉ รขรซรรฑรฒรผรพ, รชรรช $TARGET$. รรป รฌรฎรฆรฅรฌ รงรรฑรฒรรขรจรฒรผ รฝรฒรณ รฌรฅรฐรงรชรณรพ รฒรจรฐรรญรชรณ รฎรฒรฐรฅรทรผรฑรฟ รฎรฒ รฏรฐรฅรฑรฒรฎรซร รจ รฏรฅรฐรฅรครรฒรผ รฅยธ รฃรฎรฑรณรครรฐรฑรฒรขรฎ รข รญรรคยธรฆรญรปรฅ รฌรณรฆรฑรชรจรฅ รฐรณรชรจ.;;x
peasant_revolt_desc;Peasant leaders sometimes rise up and try to 'liberate' their county from oppression.;;;;;;;;;;;"รรฐรฅรฑรฒรผรฟรญรฑรชรจรฅ รซรจรครฅรฐรป รจรญรฎรฃรคร รฏรฎรครญรจรฌรรพรฒรฑรฟ รจ รฏรปรฒรรพรฒรฑรฟ ""รฎรฑรขรฎรกรฎรครจรฒรผ"" รจรต รฎรชรฐรณรฃรณ รฎรฒ รณรฃรญรฅรฒรฅรญรจรฟ.";;x
pepin_religious;Donation of Pepin;;;;;;;;;;;รรจรฏรจรญรฎรข รครรฐ;;x
pepin_religious_desc;ยงY$CLAIMANT$ยง! can use this Casus Belli to emulate Pepin the Short by fighting to restore the Papal lands of the ยงY$TITLE$ยง! to its rightful owner. This Casus Belli is valid only against any infidel or impious [christian.GetGroupName] who holds land in Central Italy. The Pope will certainly be thankful of ยงY$CLAIMANT$'sยง! assistance in returning Papal provinces under the Church's control.;;;;;;;;;;;ยงY$CLAIMANT$ยง! รฌรฎรฆรฅรฒ รจรฑรฏรฎรซรผรงรฎรขรรฒรผ รฝรฒรฎรฒ รฏรฎรขรฎรค รครซรฟ รขรฎรฉรญรป, รจ รฏรฎรครฐรรฆรรฟ รรจรฏรจรญรณ รรฎรฐรฎรฒรชรฎรฌรณ, รฑรฐรรฆรรฒรผรฑรฟ รงร รขรฎรฑรฑรฒรรญรฎรขรซรฅรญรจรฅ รฏรรฏรฑรชรจรต รงรฅรฌรฅรซรผ, รฏรฎรชร ยงY$TITLE$ยง! รญรฅ รฎรชรรฆรฅรฒรฑรฟ รข รฐรณรชรรต รงรรชรฎรญรญรฎรฃรฎ รฏรฐรรขรจรฒรฅรซรฟ. รรฒรฎรฒ casus belli รครฅรฉรฑรฒรขรจรฒรฅรซรฅรญ รฒรฎรซรผรชรฎ รฏรฐรฎรฒรจรข รจรญรฎรขรฅรฐรถรฅรข รจรซรจ รญรฅรกรซรรฃรฎรทรฅรฑรฒรจรขรปรต [_รตรฐรจรฑรฒรจรรญ], รชรฎรฒรฎรฐรปรฅ รงรรญรฟรซรจ รถรฅรญรฒรฐรรซรผรญรปรฉ รฐรฅรฃรจรฎรญ รรฒรรซรจรจ. รรรฏร รกรณรครฅรฒ รกรซรรฃรฎรครรฐรฅรญ รงร รฒรฎ, รทรฒรฎ ยงY$CLAIMANT$ยง! รฏรฎรฌรฎรฆรฅรฒ รฅรฌรณ รขรฅรฐรญรณรฒรผ รงรฅรฌรซรจ รรขรฟรฒรฎรฉ รรฅรฐรชรขรจ.;;x
reconquista_aragon_desc;ยงY[Root.GetTitledName]ยง! start a war to oust the infidels from the region of ยงY[k_aragon.GetBaseName]ยง!, and retake all provinces in the ยงY[d_aragon.GetFullName]ยง! and ยงY[d_barcelona.GetFullName]ยง! held by ยงY$TARGET$ยง!.;;;;;;;;;;;ยงY[Root.GetTitledFirstName]ยง! รญรรทรญยธรฒ รขรฎรฉรญรณ รฏรฐรฎรฒรจรข รญรฅรขรฅรฐรญรปรต, รทรฒรฎรกรป รฎรฑรขรฎรกรฎรครจรฒรผ รฒรฅรฐรฐรจรฒรฎรฐรจรพ รชรฎรฐรฎรซรฅรขรฑรฒรขร ยงY[k_aragon.GetName]ยง!, รงรรญรฟรข รขรฑรฅ ยงY[d_aragon.GetAdjective]รฑรชรจรฅยง! รจ ยงY[d_barcelona.GetAdjective]รฑรชรจรฅยง! รงรฅรฌรซรจ, รชรฎรฒรฎรฐรปรฌรจ รฏรฐรรขรจรฒ ยงY$TARGET$ยง!.;;x
reconquista_balearic_desc;ยงY[Root.GetTitledName]ยง! start a war to oust the infidels from the ยงYBalearic Islandsยง!, and retake all provinces in the ยงY[d_mallorca.GetFullName]ยง! held by ยงY$TARGET$ยง!.;;;;;;;;;;;ยงY[Root.GetTitledFirstName]ยง! รญรรทรญยธรฒ รขรฎรฉรญรณ รฏรฐรฎรฒรจรข รญรฅรขรฅรฐรญรปรต, รทรฒรฎรกรป รฎรฑรขรฎรกรฎรครจรฒรผ ยงYรรรซรฅรรฐรฑรชรจรฅ รฎรฑรฒรฐรฎรขรยง!, รจ รงรรญรฟรฒรผ รขรฑรฅ ยงY[d_mallorca.GetAdjective]รฑรชรจรฅยง! รงรฅรฌรซรจ, รชรฎรฒรฎรฐรปรฌรจ รฏรฐรรขรจรฒ ยงY$TARGET$ยง!.;;x
reconquista_beja_desc;ยงY[Root.GetTitledName]ยง! start a war to oust the infidels from the ยงYWestern Coast of Iberiaยง!, and retake all provinces in the ยงY[d_beja.GetFullName]ยง! and ยงY[d_algarve.GetFullName]ยง! held by ยงY$TARGET$ยง!.;;;;;;;;;;;ยงY[Root.GetTitledFirstName]ยง! รญรรทรญยธรฒ รขรฎรฉรญรณ รฏรฐรฎรฒรจรข รญรฅรขรฅรฐรญรปรต, รทรฒรฎรกรป รฎรฑรขรฎรกรฎรครจรฒรผ ยงYรรรฏรรครญรฎรฅ รฏรฎรกรฅรฐรฅรฆรผรฅ รรกรฅรฐรจรจยง!, รงรรญรฟรข รขรฑรฅ ยงY[d_beja.GetAdjective]รฑรชรจรฅยง! รจ ยงY[d_algarve.GetAdjective]รฑรชรจรฅยง! รงรฅรฌรซรจ, รชรฎรฒรฎรฐรปรฌรจ รฏรฐรรขรจรฒ ยงY$TARGET$ยง!.;;x
reconquista_castille_desc;ยงY[Root.GetTitledName]ยง! start a war to oust the infidels from the region of ยงY[k_castille.GetBaseName]ยง!, and retake all provinces in the ยงY[d_castilla.GetFullName]ยง! and ยงY[d_toledo.GetFullName]ยง! held by ยงY$TARGET$ยง!.;;;;;;;;;;;ยงY[Root.GetTitledFirstName]ยง! รญรรทรญยธรฒ รขรฎรฉรญรณ รฏรฐรฎรฒรจรข รญรฅรขรฅรฐรญรปรต, รทรฒรฎรกรป รฎรฑรขรฎรกรฎรครจรฒรผ รฒรฅรฐรฐรจรฒรฎรฐรจรพ รชรฎรฐรฎรซรฅรขรฑรฒรขร ยงY[k_castille.GetName]ยง!, รงรรญรฟรข รขรฑรฅ ยงY[d_castilla.GetAdjective]รฑรชรจรฅยง! รจ ยงY[d_toledo.GetAdjective]รฑรชรจรฅยง! รงรฅรฌรซรจ, รชรฎรฒรฎรฐรปรฌรจ รฏรฐรรขรจรฒ ยงY$TARGET$ยง!.;;x
reconquista_cordoba_desc;ยงY[Root.GetTitledName]ยง! start a war to oust the infidels from ยงYCentral Iberiaยง!, and retake all provinces in the ยงY[d_cordoba.GetFullName]ยง! and ยงY[d_badajoz.GetFullName]ยง! held by ยงY$TARGET$ยง!.;;;;;;;;;;;ยงY[Root.GetTitledFirstName]ยง! รญรรทรญยธรฒ รขรฎรฉรญรณ, รทรฒรฎรกรป รขรปรฒรฅรฑรญรจรฒรผ รญรฅรขรฅรฐรญรปรต รฑ ยงYรรฅรญรฒรฐรรซรผรญรฎรฉ รรกรฅรฐรจรจยง!, รงรรญรฟรข รขรฑรฅ ยงY[d_cordoba.GetAdjective]รฑรชรจรฅยง! รจ ยงY[d_badajoz.GetAdjective]รฑรชรจรฅยง! รงรฅรฌรซรจ, รชรฎรฒรฎรฐรปรฌรจ รฏรฐรรขรจรฒ ยงY$TARGET$ยง!.;;x
reconquista_galicia_desc;ยงY[Root.GetTitledName]ยง! start a war to oust the infidels from the region of ยงY[k_galicia.GetBaseName]ยง!, and retake all provinces in the ยงY[d_galicia.GetFullName]ยง! and ยงY[d_portucale.GetFullName]ยง! held by ยงY$TARGET$ยง!.;;;;;;;;;;;ยงY[Root.GetTitledFirstName]ยง! รญรรทรญยธรฒ รขรฎรฉรญรณ รฏรฐรฎรฒรจรข รญรฅรขรฅรฐรญรปรต, รทรฒรฎรกรป รฎรฑรขรฎรกรฎรครจรฒรผ รฒรฅรฐรฐรจรฒรฎรฐรจรพ รชรฎรฐรฎรซรฅรขรฑรฒรขร ยงY[k_spanish_galicia.GetName]ยง!, รงรรญรฟรข รขรฑรฅ ยงY[d_galicia.GetAdjective]รฑรชรจรฅยง! รจ ยงY[d_porto.GetAdjective]รฑรชรจรฅยง! รงรฅรฌรซรจ, รชรฎรฒรฎรฐรปรฌรจ รฏรฐรรขรจรฒ ยงY$TARGET$ยง!.;;x
reconquista_granada_desc;ยงY[Root.GetTitledName]ยง! start a war to oust the infidels from ยงYSouthern Iberiaยง!, and retake all provinces in the ยงY[d_granada.GetFullName]ยง! and ยงY[d_sevilla.GetFullName]ยง! held by ยงY$TARGET$ยง!.;;;;;;;;;;;ยงY[Root.GetTitledFirstName]ยง! รญรรทรญยธรฒ รขรฎรฉรญรณ, รทรฒรฎรกรป รขรปรฒรฅรฑรญรจรฒรผ รญรฅรขรฅรฐรญรปรต รฑ ยงYรรฆรญรฎรฉ รรกรฅรฐรจรจยง!, รงรรญรฟรข รขรฑรฅ ยงY[d_granada.GetAdjective]รฑรชรจรฅยง! รจ ยงY[d_sevilla.GetAdjective]รฑรชรจรฅยง! รงรฅรฌรซรจ, รชรฎรฒรฎรฐรปรฌรจ รฏรฐรรขรจรฒ ยงY$TARGET$ยง!.;;x
reconquista_leon_desc;ยงY[Root.GetTitledName]ยง! start a war to oust the infidels from the region of ยงY[k_leon.GetBaseName]ยง!, and retake all provinces in the ยงY[d_leon.GetFullName]ยง! and ยงY[d_asturias.GetFullName]ยง! held by ยงY$TARGET$ยง!.;;;;;;;;;;;ยงY[Root.GetTitledFirstName]ยง! รญรรทรญยธรฒ รขรฎรฉรญรณ รฏรฐรฎรฒรจรข รญรฅรขรฅรฐรญรปรต, รทรฒรฎรกรป รฎรฑรขรฎรกรฎรครจรฒรผ รฒรฅรฐรฐรจรฒรฎรฐรจรพ รชรฎรฐรฎรซรฅรขรฑรฒรขร ยงY[k_leon.GetName]ยง!, รงรรญรฟรข รขรฑรฅ ยงY[d_leon.GetAdjective]รฑรชรจรฅยง! รจ ยงY[d_asturias.GetAdjective]รฑรชรจรฅยง!รงรฅรฌรซรจ, รชรฎรฒรฎรฐรปรฌรจ รฏรฐรรขรจรฒ ยงY$TARGET$ยง!.;;x
reconquista_navarra_desc;ยงY[Root.GetTitledName]ยง! start a war to oust the infidels from the region of ยงYNavarraยง!, and retake all provinces in the ยงY[d_navarra.GetFullName]ยง! held by ยงY$TARGET$ยง!.;;;;;;;;;;;ยงY[Root.GetTitledFirstName]ยง! รญรรทรญยธรฒ รขรฎรฉรญรณ รฏรฐรฎรฒรจรข รญรฅรขรฅรฐรญรปรต, รทรฒรฎรกรป รฎรฑรขรฎรกรฎรครจรฒรผ รชรฎรฐรฎรซรฅรขรฑรฒรขรฎ ยงYรรรขรรฐรฐรยง!, รจ รงรรญรฟรฒรผ รขรฑรฅ ยงY[d_navarra.GetAdjective]รฑรชรจรฅยง! รงรฅรฌรซรจ, รชรฎรฒรฎรฐรปรฌรจ รฏรฐรรขรจรฒ ยงY$TARGET$ยง!.;;x
reconquista_valencia_desc;ยงY[Root.GetTitledName]ยง! start a war to oust the infidels from the ยงYEastern Coast of Iberiaยง!, and retake all provinces in the ยงY[d_valencia.GetFullName]ยง! and ยงY[d_murcia.GetFullName]ยง! held by ยงY$TARGET$ยง!.;;;;;;;;;;;ยงY[Root.GetTitledFirstName]ยง! รญรรทรญยธรฒ รขรฎรฉรญรณ รฏรฐรฎรฒรจรข รญรฅรขรฅรฐรญรปรต, รทรฒรฎรกรป รฎรฑรขรฎรกรฎรครจรฒรผ ยงYรรฎรฑรฒรฎรทรญรฎรฅ รฏรฎรกรฅรฐรฅรฆรผรฅ รรกรฅรฐรจรจยง!, รงรรญรฟรข รขรฑรฅ ยงY[d_valencia.GetAdjective]รฑรชรจรฅยง! รจ ยงY[d_murcia.GetAdjective]รฑรชรจรฅยง! รงรฅรฌรซรจ, รชรฎรฒรฎรฐรปรฌรจ รฏรฐรรขรจรฒ ยงY$TARGET$ยง!.;;x
religious_desc;ยงY$CLAIMANT$ยง! can use this Casus Belli to seize all titles held by the infidel, ยงY$TARGET$ยง!, within the de jure ยงY$TITLE$ยง!. This Casus Belli is valid against neighbors, and also against infidels up to two sea zones away if either the attacker or the defender is a Muslim, or if the era of Great Holy Wars has started for the attacker's religion.;;;;;;;;;;;ยงY$CLAIMANT$ยง! รฌรฎรฆรฅรฒ รจรฑรฏรฎรซรผรงรฎรขรรฒรผ รฝรฒรฎรฒ Casus Belli (รฏรฎรขรฎรค รครซรฟ รขรฎรฉรญรป), รทรฒรฎรกรป รงรรตรขรรฒรจรฒรผ รฒรจรฒรณรซรป รจ รงรฅรฌรซรจ, รณรครฅรฐรฆรจรขรรฅรฌรปรฅ รฏรฐรรขรจรฒรฅรซรฅรฌ-รจรญรฎรขรฅรฐรถรฅรฌ, รจรงรขรฅรฑรฒรญรปรฌ รชรรช ยงY$TARGET$ยง!, รข รครฅ-รพรฐรฅ รฏรฐรฅรครฅรซรรต รฃรฎรฑรณรครรฐรฑรฒรขร ยงY$TITLE$ยง!.;;x
religious_revolt_desc;Peasants of a different religion group can rise up to throw off oppression and spread their faith with fire and sword.;;;;;;;;;;;รรฐรฅรฑรฒรผรฟรญรฅ รครฐรณรฃรฎรฉ รฐรฅรซรจรฃรจรฎรงรญรฎรฉ รฃรฐรณรฏรฏรป รฌรฎรฃรณรฒ รขรฎรฑรฑรฒรรฒรผ รฏรฐรฎรฒรจรข รฃรญยธรฒร รจ รฐรรฑรฏรฐรฎรฑรฒรฐรรญรฟรฒรผ รฑรขรฎรพ รขรฅรฐรณ รฎรฃรญยธรฌ รจ รฌรฅรทรฎรฌ.;;x
rivalry_cb_desc;ยงY$TARGET$ยง! is your bitter rival and you can't imagine anything better than throwing the blighter into your dungeons.;;;;;;;;;;;ยงY$TARGET$ยง! - รรรธ รงรรชรซรฟรฒรปรฉ รขรฐรรฃ. รรป รญรฅ รฌรฎรฆรฅรฒรฅ รขรฎรฎรกรฐรรงรจรฒรผ รญรจรทรฅรฃรฎ รกรฎรซรฅรฅ รฏรฐรจรฟรฒรญรฎรฃรฎ, รทรฅรฌ รกรฐรฎรฑรจรฒรผ รฝรฒรณ รฑรขรฎรซรฎรทรผ รข รฏรฎรครงรฅรฌรฅรซรผรฅ.;;x
roman_christian_revolt;Roman Revolt;;;;;;;;;;;รรจรฌรฑรชรฎรฅ รขรฎรฑรฑรฒรรญรจรฅ;;x
roman_christian_revolt_desc;The citizens of Rome have risen up after the ruthless destruction brought by their new Emperor upon the Church and their homes.;;;;;;;;;;;รรฐรรฆรครรญรฅ รรจรฌร รขรฎรฑรฑรฒรรซรจ รฏรฎรฑรซรฅ รกรฅรงรฆรรซรฎรฑรฒรญรฎรฃรฎ รฐรรงรฐรณรธรฅรญรจรฟ, รญรรญรฅรฑรฅรญรญรฎรฃรฎ รจรต รญรฎรขรปรฌ รรฌรฏรฅรฐรรฒรฎรฐรฎรฌ.;;x
seize_trade_post_desc;As a Patrician, ยงY$CLAIMANT$ยง! can declare war on ยงY$TARGET$ยง! over the ยงY$TITLE$ยง!. This Casus Belli is not valid against much weaker Patricians within the same Republic.;;;;;;;;;;;ยงY$CLAIMANT$ยง! รฌรฎรฆรฅรฒ รฎรกรบรฟรขรจรฒรผ รขรฎรฉรญรณ รฏรฐรรขรจรฒรฅรซรพ, รจรงรขรฅรฑรฒรญรฎรฌรณ รชรรช ยงY$TARGET$ยง! รงร รฎรกรซรรฑรฒรผ ยงY$TITLE$ยง!. รรฒรฎรฒ รฏรฎรขรฎรค รญรฅ รครฅรฉรฑรฒรขรจรฒรฅรซรฅรญ รฏรฐรฎรฒรจรข รกรฎรซรฅรฅ รฑรซรรกรปรต รฑรฎรฏรฅรฐรญรจรชรฎรข รข รฏรฐรฅรครฅรซรรต รฎรครญรฎรฉ รฐรฅรฑรฏรณรกรซรจรชรจ.;;x
shattered_invasion;As you are a Great Conqueror, nothing can stand in the way of you claiming your destiny!;;;;;;;;;;;รรรช ยงYรขรฅรซรจรชรจรฉ รงรรขรฎรฅรขรรฒรฅรซรผยง!, รรป รฌรฎรฆรฅรฒรฅ รงรรตรขรรฒรปรขรรฒรผ รขรฑยธ รญร รฑรขรฎยธรฌ รฏรณรฒรจ. รรจรทรฒรฎ รจ รญรจรชรฒรฎ รญรฅ รฏรฎรฌรฅรธรรฅรฒ รรรฌ รขรฅรฐรธรจรฒรผ รฑรขรฎรพ รขรฅรซรจรชรณรพ รฑรณรครผรกรณ!;;x
shattered_invasion_desc;As you are a Great Conqueror, nothing can stand in the way of you claiming your destiny!;;;;;;;;;;;รรป - รขรฅรซรจรชรจรฉ รงรรขรฎรฅรขรรฒรฅรซรผ, รฝรฒรฎ รรรธร รฑรณรครผรกร รจ รญรจรทรฒรฎ รญรฅ รขรฑรฒรรญรฅรฒ รณ รญรฅยธ รญร รฏรณรฒรจ!;;x
shattered_world_county_conquest_desc;As this is a Shattered World you can choose to outright conquer any Counties that either border your realm or is no more than one sea zone away. [GetShatteredInfo] [GetShatteredJadeInfo];;;;;;;;;;;ร ยงYรฐรรฑรชรฎรซรฎรฒรฎรฌ รฌรจรฐรฅยง! รรป รฌรฎรฆรฅรฒรฅ รงรรตรขรรฒรปรขรรฒรผ รกรซรจรฆรรฉรธรจรฅ รฎรชรฐรณรฃร, รฃรฐรรญรจรทรรนรจรฅ รฑ รรรธรจรฌรจ รงรฅรฌรซรฟรฌรจ รจรซรจ รฎรฒรฑรฒรฎรฟรนรจรฅ รฎรฒ รญรจรต รญรฅ รครรซรผรธรฅ รฎรครญรฎรฉ รฌรฎรฐรฑรชรฎรฉ รงรฎรญรป. [GetShatteredInfo] [GetShatteredJadeInfo];;x
tribal_invasion_desc;We do not need to bother with just causes - might makes right! ยงY$CLAIMANT$ยง! can invade the lands of ยงY$TARGET$ยง!. If successful, the titles to all currently occupied holdings will be seized and all vassals will become our vassals.;;;;;;;;;;;รรป รฌรฎรฆรฅรฒรฅ รญรฅ รกรฅรฑรฏรฎรชรฎรจรฒรผรฑรฟ รฎ รฏรฐรรขรฎรขรปรต รขรฎรฏรฐรฎรฑรรต - รขรฅรฐรธรจรฒรฅ รฏรฐรรขรฎรฑรณรครจรฅ! ยงY$CLAIMANT$ยง! รฌรฎรฆรฅรฒ รขรฒรฎรฐรฃรรฒรผรฑรฟ รข รงรฅรฌรซรจ, รชรฎรฒรฎรฐรปรฌรจ รขรซรรครฅรฅรฒ ยงY$TARGET$ยง!. ร รฑรซรณรทรรฅ รณรฑรฏรฅรตร รขรฑรฅ รฒรจรฒรณรซรป รกรณรครณรฒ รฏรฐรจรฑรขรฎรฅรญรป, ร รขรรฑรฑรรซรป รฏรฎรครทรจรญรฟรฒรฑรฟ รญรรฌ.;;x
tributary_cb_desc;ยงY$TARGET$ยง! is rich and should pay tribute to you!\n\nThrough war you can force any realm that you border to pay you ยงY40%ยง! of their income as tribute.\nThis type of ยงYTributaryยง! will ยงRbreak freeยง! upon the death of the ยงYSuzerainยง!.\nThis type of ยงYTributaryยง! can be called to war.;;;;;;;;;;;ยงY$TARGET$ยง! รฏรฐรรขรจรฒ รครฎรฑรฒรรฒรฎรทรญรฎ รกรฎรฃรรฒรฎรฉ รฑรฒรฐรรญรฎรฉ, รทรฒรฎรกรป รฏรฎรครฅรซรจรฒรผรฑรฟ รฑ รญรรฌรจ!\n\nรรฎรฅรญรญรปรฌรจ รฑรฐรฅรครฑรฒรขรรฌรจ รฌรป รฌรฎรฆรฅรฌ รฏรฎรฒรฐรฅรกรฎรขรรฒรผ รขรปรฏรซรรทรจรขรรฒรผ รญรรฌ ยงY40%ยง! รจรต รฃรฎรครฎรขรฎรฃรฎ รครฎรตรฎรคร รข รชรรทรฅรฑรฒรขรฅ รครรญรจ.\nรรฒรฎรฒ รฒรจรฏ รฎรฒรญรฎรธรฅรญรจรฉ รฏรฎรครฐรรงรณรฌรฅรขรรฅรฒ, รทรฒรฎ ยงYรครรญรญรจรชยง! รฌรฎรฆรฅรฒ ยงRรฎรฑรขรฎรกรฎรครจรฒรผรฑรฟยง! รข รฐรฅรงรณรซรผรฒรรฒรฅ รฑรฌรฅรฐรฒรจ ยงYรฃรฅรฃรฅรฌรฎรญรยง! รจ รกรปรฒรผ รฏรฐรจรงรขรรญ รช รขรฎรฉรญรฅ.;;x
tributary_nomad_cb_desc;ยงY$TARGET$ยง!'s realm is weak and no match for me, it is time for them to pay tribute or be crushed underneath the thundering hooves of my horde!\n\nThrough war you can force any realm that you or one of your ยงYTributariesยง! border to pay you ยงY50%ยง! of their income as tribute.\nWill only break free if the ยงYSuzerainยง! has ยงRnegativeยง! ยงYPrestigeยง!.\nThis type of ยงYTributaryยง! can be called to war.\nThis type of ยงYTributaryยง! can call you into their wars, but you are not forced to accept their ยงYCall to Armsยง!.;;;;;;;;;;;ยงY$TARGET$ยง! รฏรฐรรขรจรฒ รฑรซรรกรฎรฉ รฑรฒรฐรรญรฎรฉ, รฏรฐรจรธรซรฎ รขรฐรฅรฌรฟ รขรปรกรจรฐรรฒรผ - รฏรซรรฒรจรฒรผ รญรรฌ รครรญรผ รจรซรจ รฏรฎรฃรจรกรญรณรฒรผ รฏรฎรค รชรฎรฏรปรฒรรฌรจ รญรรธรฅรฉ รฎรฐรครป!\n\nรรฎรฅรญรญรปรฌ รฏรณรฒยธรฌ รรป รฌรฎรฆรฅรฒรฅ รงรรฑรฒรรขรจรฒรผ รซรพรกรฎรฅ รฃรฎรฑรณรครรฐรฑรฒรขรฎ, รฃรฐรรญรจรทรรนรฅรฅ รฑ รรรธรจรฌ รจรซรจ รฑ รซรพรกรปรฌ รจรง รรรธรจรต ยงYรครรญรญรจรชรฎรขยง!, รฎรฒรครรขรรฒรผ รรรฌ ยงY50%ยง! รฑรขรฎรฅรฃรฎ รครฎรตรฎรคร รข รชรรทรฅรฑรฒรขรฅ รครรญรจ.\nรรฑรขรฎรกรฎรครจรฒรผรฑรฟ รฌรฎรฆรญรฎ รฒรฎรซรผรชรฎ, รฅรฑรซรจ ยงYรฃรฅรฃรฅรฌรฎรญยง! รจรฌรฅรฅรฒ ยงRรฎรฒรฐรจรถรรฒรฅรซรผรญรปรฉยง! รฏรฎรชรรงรรฒรฅรซรผ ยงYรฏรฐรฅรฑรฒรจรฆรยง!.\nยงYรรรญรญรจรชรจ รฎรฐรครปยง! รฌรฎรฃรณรฒ รกรปรฒรผ รฏรฐรจรงรขรรญรป รช รขรฎรฉรญรฅ.\nรรฐรฎรฌรฅ รฒรฎรฃรฎ, ยงYรครรญรญรจรชรจ รฎรฐรครปยง! รฌรฎรฃรณรฒ รฏรฐรจรงรขรรฒรผ รรรฑ รช รฑรขรฎรจรฌ รขรฎรฉรญรรฌ, รญรฎ รรป รญรฅ รฎรกรฟรงรรญรป รฎรฒรขรฅรทรรฒรผ รญร รจรต ยงYรฏรฐรจรงรปรข รช รฎรฐรณรฆรจรพยง!.;;x
tributary_offmap_cb_desc;China can, by way of war, force realms to pay them tribute.;;;;;;;;;;;รรจรฒรรฉ รฌรฎรฆรฅรฒ รขรฎรฅรญรญรปรฌ รฏรณรฒยธรฌ รงรรฑรฒรรขรจรฒรผ รครฐรณรฃรจรฅ รฑรฒรฐรรญรป รฏรซรรฒรจรฒรผ รฅรฌรณ รครรญรผ.;;x
tributary_permanent_cb_desc;ยงY$TARGET$ยง! is weak, but if they would just pay you tribute in the form of gold and soldiers you could protect them!\n\nThrough war you can force any realm that you or one of your ยงYTributary Statesยง! border to pay you ยงY20%ยง! of their income and ยงY15%ยง! of their levy reinforcements as tribute.\nWill only break free if the ยงYSuzerainยง! has ยงRnegativeยง! ยงYPrestigeยง!, is ยงRNOTยง! ยงYIndependentยง!, has ยงRlessยง! ยงYRealm Sizeยง! than the ยงYTributary Stateยง! or ยงRdeclines a defensiveยง! ยงYCall to Armsยง! from the ยงYTributary Stateยง!.\nThis type of ยงYTributaryยง! can ยงRNOTยง! be called to war.;;;;;;;;;;;ยงY$TARGET$ยง! รฏรฐรรขรจรฒ รฑรซรรกรปรฌ รฃรฎรฑรณรครรฐรฑรฒรขรฎรฌ, รญรฎ รฅรฑรซรจ รฎรญรฎ รงรรฏรซรรฒรจรฒ รญรรฌ รงรฎรซรฎรฒรฎรฌ รจ รฑรฎรซรครรฒรรฌรจ, รฌรป รฅรฃรฎ รงรรนรจรฒรจรฌ!\n\nรรฎรฅรญรญรปรฌรจ รฑรฐรฅรครฑรฒรขรรฌรจ รฌรป รฌรฎรฆรฅรฌ รงรรฑรฒรรขรจรฒรผ รจรต, รชรรช รจ รซรพรกรปรฅ รฃรฎรฑรณรครรฐรฑรฒรขร ยงYรฑรรฒรฅรซรซรจรฒรปยง!, รฎรฒรครรขรรฒรผ รญรรฌ ยงY20%ยง! รครฎรตรฎรคร รจ ยงY15%ยง! รฐรฅรชรฐรณรฒรฎรข รข รชรรทรฅรฑรฒรขรฅ รครรญรจ.\nรรฑรขรฎรกรฎรฆรครฅรญรจรฅ รขรฎรงรฌรฎรฆรญรฎ รฒรฎรซรผรชรฎ, รฅรฑรซรจ ยงYรฃรฅรฃรฅรฌรฎรญ (รขรงรจรฌรรฒรฅรซรผ รครรญรจ)ยง! รจรฌรฅรฅรฒ ยงRรฎรฒรฐรจรถรรฒรฅรซรผรญรปรฉยง! ยงYรฏรฐรฅรฑรฒรจรฆยง!, ยงRรรยง! รฟรขรซรฟรฅรฒรฑรฟ ยงYรญรฅรงรรขรจรฑรจรฌรปรฌยง!, รจรฌรฅรฅรฒ ยงRรฌรฅรญรผรธรจรฉยง! ยงYรฐรรงรฌรฅรฐ รฑรฒรฐรรญรปยง! รทรฅรฌ ยงYรฑรรฒรฅรซรซรจรฒยง!, รจรซรจ ยงRรฎรฒรชรรงรปรขรรฅรฒรฑรฟ รงรรนรจรนรรฒรผยง! ยงYรฑรรฒรฅรซรซรจรฒรยง! รข รฑรซรณรทรรฅ รฅรฃรฎ ยงYรฏรฐรจรงรปรขร รช รฎรฐรณรฆรจรพยง!.\nรรฒรฎรฒ รฒรจรฏ รฎรฒรญรฎรธรฅรญรจรฉ รฏรฎรครฐรรงรณรฌรฅรขรรฅรฒ, รทรฒรฎ ยงYรฑรรฒรฅรซรซรจรฒ (รครรญรญรจรช)ยง! รร รฌรฎรฆรฅรฒ รกรปรฒรผ รฏรฐรจรงรขรรญ รช รขรฎรฉรญรฅ.;;x
truebelievers_bid_for_independence;Revolt of the old believers;;;;;;;;;;;รรฎรฑรฑรฒรรญรจรฅ รฑรฒรรฐรฎรขรฅรฐรฎรข;;x
truebelievers_bid_for_independence_desc;ยงY$CLAIMANT$ยง! can attempt to declare independence from ยงY$TARGET$ยง! for renouncing the old faith!;;;;;;;;;;;ยงY$CLAIMANT$ยง! รฌรฎรฆรฅรฒ รฎรกรบรฟรขรจรฒรผ รญรฅรงรรขรจรฑรจรฌรฎรฑรฒรผ รฎรฒ รฏรฐรรขรจรฒรฅรซรฟ, รจรงรขรฅรฑรฒรญรฎรฃรฎ รชรรช ยงY$TARGET$ยง!, รทรฒรฎรกรป รขรฎรงรฐรฎรครจรฒรผ รฑรฒรรฐรณรพ รขรฅรฐรณ!;;x
unjust_conquest_desc;You can choose to dispute any County that borders you. Beware that choosing to wage a conquest not backed by a Claim carries hefty penalties - the penalties are the highest when attacking someone following your religion, fairly high while attacking someone of your religious group and still significant when attacking someone of another religious group.;;;;;;;;;;;รรป รฌรฎรฆรฅรฒรฅ รฎรฑรฏรฎรฐรจรฒรผ รฏรฐรรขร รญร รซรพรกรฎรฉ รฎรชรฐรณรฃ, รชรฎรฒรฎรฐรฎรฉ รฃรฐรรญรจรทรจรฒ รฑ รรรธรจรฌรจ รงรฅรฌรซรฟรฌรจ. รรรขรฎรฅรขรรญรจรฅ รกรฅรง รฏรฐรฅรฒรฅรญรงรจรจ รญรฅรงรรชรฎรญรญรฎ, รฏรฎรฒรฎรฌรณ รญรฅรฑรฅรฒ รฑ รฑรฎรกรฎรฉ รกรฎรซรผรธรจรฅ รธรฒรฐรรดรป - รธรฒรฐรรดรป รฟรขรซรฟรพรฒรฑรฟ รฑรรฌรปรฌรจ รกรฎรซรผรธรจรฌรจ รฏรฐรจ รญรรฏรรครฅรญรจรจ รญร รฒรฎรฃรฎ, รชรฒรฎ รจรฑรฏรฎรขรฅรครณรฅรฒ รรรธรณ รขรฅรฐรณ, รครฎรฑรฒรรฒรฎรทรญรฎ รกรฎรซรผรธรจรฌรจ, รฏรฐรจ รญรรฏรรครฅรญรจรจ รญร รชรฎรฃรฎ-รฒรฎ รรรธรฅรฉ รฐรฅรซรจรฃรจรฎรงรญรฎรฉ รฃรฐรณรฏรฏรป รจ รขรฑยธ รฅรนรฅ รงรญรรทรจรฒรฅรซรผรญรปรฌรจ, รชรฎรฃรคร รรป รญรรฏรรครรฅรฒรฅ รญร รครฐรณรฃรณรพ รฐรฅรซรจรฃรจรฎรงรญรณรพ รฃรฐรณรฏรฏรณ.;;x
viking_invasion_desc;Norse Pagans can declare their intention to invade all the territory held by a sufficiently powerful target within a given de jure kingdom. This will swell their ranks with adventurers, but they must attack within two years.;;;;;;;;;;;รรชรรญรครจรญรรขรฑรชรจรฅ รฟรงรปรทรญรจรชรจ รฌรฎรฃรณรฒรผ รฎรกรผรฟรขรจรฒรผ รฎ รขรฒรฎรฐรฆรฅรญรจรจ, รญรรฌรฅรฐรฅรขรรฟรฑรผ รงรรตรขรรฒรจรฒรผ รขรฑรพ รฒรฅรฐรฐรจรฒรฎรฐรจรพ  รข รฏรฐรฅรครฅรซรรต  รครฅ-รพรฐรฅ รชรฎรฐรฎรซรฅรขรฑรฒรขร. รรฒรฎ รกรณรครฅรฒ รฑรฏรฎรฑรฎรกรฑรฒรขรฎรขรรฒรผ รฏรฎรฏรฎรซรญรฅรญรจรพ รฑรชรรญรครจรญรรขรฑรชรจรต รฎรฒรฐรฟรครฎรข รจรฑรชรรฒรฅรซรฟรฌรจ รฏรฐรจรชรซรพรทรฅรญรจรฉ รข รฒรฅรทรฅรญรจรจ รครขรณรต รซรฅรฒ .;;x
WAR_DUCHY_ADVENTURE;[Actor.GetTitledFirstName]'s Conquest of $OTHER_TITLE$;;;;;;;;;;;[Actor.GetTitledFirstName] รขรฅรครฅรฒ รฏรฎรตรฎรค รครซรฟ รงรรขรฎรฅรขรรญรจรฟ รงรฅรฌรซรจ ยงY$OTHER_TITLE$ยง!;;x
WAR_NAME_ANTIHELLENIC_WAR;$ORDER$$SECOND_ADJ$ Hellenic Civil War;;;;;;;;;;;$ORDER$$SECOND_ADJ$รฑรชรรฟ รรญรฒรจ[รฝรซรซรจรญ]รฑรชรรฟ รฃรฐรรฆรครรญรฑรชรรฟ รขรฎรฉรญร;;x
WAR_NAME_CLAIM;$ORDER$$FIRST_ADJ$ Claim on $OTHER_TITLE$ War;;;;;;;;;;;$ORDER$[Actor.PrimaryTitle.GetAdjective]รฑรชรรฟ รขรฎรฉรญร รงร รฒรจรฒรณรซ รจ รงรฅรฌรซรจ รฎรกรซรรฑรฒรจ $OTHER_TITLE$;;x
WAR_NAME_CLAIM_ALL;$ORDER$$FIRST_ADJ$ War for the $CLAIMS$;;;;;;;;;;;$ORDER$[Actor.PrimaryTitle.GetAdjective]รฑรชรรฟ รขรฎรฉรญร รงร รฏรฐรฅรฒรฅรญรงรจรจ รญร รฒรจรฒรณรซรป รจ รงรฅรฌรซรจ: $CLAIMS$;;x
WAR_NAME_CLAIM_LIEGE;$ATTACKER$'s $ORDER$War for $OTHER_TITLE$;;;;;;;;;;;$ORDER$รรฎรฉรญร รงร รฒรจรฒรณรซ รจ รงรฅรฌรซรจ รฎรกรซรรฑรฒรจ $OTHER_TITLE$ (รจรญรจรถรจรรฒรฎรฐ - $ATTACKER$);;x
WAR_NAME_CLAIM_VASSAL;$ATTACKER$'s $ORDER$War to Revoke $OTHER_TITLE$;;;;;;;;;;;$ORDER$รรฎรฉรญร, รชรฎรฒรฎรฐรณรพ รขรฅรคยธรฒ $ATTACKER$, รงร รฎรฒรงรปรข รงรฅรฌรฅรซรผรญรฎรฃรฎ รฒรจรฒรณรซร $OTHER_TITLE$;;x
WAR_NAME_CLAN_REVOLT;$ORDER$$ATTACKER$ Clan Revolt for $OTHER_TITLE$;;;;;;;;;;;$ORDER$รรฎรฑรฑรฒรรญรจรฅ รชรซรรญร $ATTACKER$ รญร รงรฅรฌรซรฅ $OTHER_TITLE$;;x
WAR_NAME_COASTAL_COUNTY_REPUBLIC;$ORDER$$FIRST_ADJ$-$SECOND_ADJ$ War for the Coast of $OTHER_TITLE$;;;;;;;;;;;$ORDER$[Actor.PrimaryTitle.GetShortAdjective]รฎ-[Recipient.PrimaryTitle.GetAdjective]รฑรชรรฟ รขรฎรฉรญร รงร รฏรฐรจรกรฐรฅรฆรญรณรพ รฎรกรซรรฑรฒรผ $OTHER_TITLE$;;x
WAR_NAME_COASTAL_REPUBLIC;$ORDER$$FIRST_ADJ$-$SECOND_ADJ$ War for the City of $OTHER_TITLE$;;;;;;;;;;;$ORDER$[Actor.PrimaryTitle.GetShortAdjective]รฎ-[Recipient.PrimaryTitle.GetAdjective]รฑรชรรฟ รขรฎรฉรญร รงร รฃรฎรฐรฎรค $OTHER_TITLE$;;x
WAR_NAME_COUNTY_CONQUEST;$ORDER$$FIRST_ADJ$ Conquest of $OTHER_TITLE$;;;;;;;;;;;$ORDER$[Actor.PrimaryTitle.GetAdjective]รฑรชรรฟ รขรฎรฉรญร รงร รงรรขรฎรฅรขรรญรจรฅ รฎรชรฐรณรฃร $OTHER_TITLE$;;x
WAR_NAME_CRUSADE;$ORDER$$RELIGION$ $HOLY_WAR$ for $OTHER_TITLE$;;;;;;;;;;;$ORDER$[Actor.GetRelAdjCap]รฑรชรจรฉ $HOLY_WAR$ รงร รฎรกรซรรฑรฒรผ $OTHER_TITLE$;;x
WAR_NAME_DEC_INVASION;$FIRST_ADJ$ Invasion of $SECOND$;;;;;;;;;;;[Actor.PrimaryTitle.GetAdjective]รฑรชรฎรฅ รขรฒรฎรฐรฆรฅรญรจรฅ รข รงรฅรฌรซรพ $SECOND$;;x
WAR_NAME_DECADENCE_USURPTION;$ORDER$$FIRST_ADJ$ Decadence Usurption;;;;;;;;;;;$ORDER$[Actor.PrimaryTitle.GetAdjective]รฑรชรรฟ รณรงรณรฐรฏรรถรจรฟ;;x
WAR_NAME_DEJUREBARONYCLAIM;$ORDER$$FIRST_ADJ$-$SECOND_ADJ$ De Jure Holding War over $OTHER_TITLE$;;;;;;;;;;;$ORDER$[Actor.PrimaryTitle.GetShortAdjective]รฎ-[Recipient.PrimaryTitle.GetAdjective]รฑรชรรฟ รครฅ-รพรฐรฅ รขรฎรฉรญร รงร รขรซรรครฅรญรจรฟ, รชรฎรฒรฎรฐรปรฅ รฑรฎรครฅรฐรฆรจรฒ รข รฑรฅรกรฅ $OTHER_TITLE$;;x
WAR_NAME_DEJURECLAIM;$ORDER$$FIRST_ADJ$-$SECOND_ADJ$ De Jure War over $OTHER_TITLE$;;;;;;;;;;;$ORDER$[Actor.PrimaryTitle.GetShortAdjective]รฎ-[Recipient.PrimaryTitle.GetAdjective]รฑรชรรฟ รครฅ-รพรฐรฅ รขรฎรฉรญร รงร รฎรกรซรรฑรฒรผ $OTHER_TITLE$;;x
WAR_NAME_DEPOSE_ANTIPOPE;$FIRST_ADJ$-$SECOND_ADJ$ Antipapal War;;;;;;;;;;;[Actor.PrimaryTitle.GetShortAdjective]รฎ-[Recipient.PrimaryTitle.GetAdjective]รฑรชรรฟ รรญรฒรจรฏรรฏรฑรชรรฟ รขรฎรฉรญร;;x
WAR_NAME_DEPOSE_IMPIOUS_POPE;$FIRST_ADJ$ War for the Holy See;;;;;;;;;;;$FIRST_ADJ$รฑรชรรฟ รขรฎรฉรญร รงร รรขรฟรฒรฎรฉ รรฐรฅรฑรฒรฎรซ;;x
WAR_NAME_DEPOSE_LIEGE;$ORDER$$FIRST_ADJ$ War to depose $DEFENDER$;;;;;;;;;;;$ORDER$[Actor.PrimaryTitle.GetAdjective]รฑรชรรฟ รขรฎรฉรญร รงร รฑรขรฅรฐรฆรฅรญรจรฅ รฑรพรงรฅรฐรฅรญร รฏรฎ รจรฌรฅรญรจ $DEFENDER$;;x
WAR_NAME_DESTABILIZATION_CHINA;$ORDER$$FIRST_ADJ$ War to Shatter the Realm of $DEFENDER$;;;;;;;;;;;$ORDER$$FIRST_ADJ$รฑรชรรฟ รขรฎรฉรญร รงร รฐรรฑรชรฎรซ รฑรฒรฐรรญรป, รชรฎรฒรฎรฐรฎรฉ รฏรฐรรขรจรฒ $DEFENDER$;;x
WAR_NAME_DISMANTLE_PRETENDER_CHINA;The $ORDER$[offmap_china.GetFullName] War to Dismantle the Pretender [Recipient.PrimaryTitle.GetFullName];;;;;;;;;;;$ORDER$รรฎรฉรญร รจรฌรฏรฅรฐรจรจ [offmap_china.GetShortName] รงร รฒรฎ, รทรฒรฎรกรป รฑรรฌรฎรงรขรรญรญรฎรฅ รฃรฎรฑรณรครรฐรฑรฒรขรฎ [Recipient.PrimaryTitle.GetFullName] รฏรฐรฅรชรฐรรฒรจรซรฎ รฑรณรนรฅรฑรฒรขรฎรขรรญรจรฅ;;x
WAR_NAME_DISPUTE;Dispute of $OTHER_TITLE$;;;;;;;;;;;รรฑรฏรรฐรจรขรรญรจรฅ รฏรฐรรข รญร รฎรกรซรรฑรฒรผ $OTHER_TITLE$;;x
WAR_NAME_DUCALCOUNTYCONQUEST;$ORDER$$FIRST_ADJ$-$SECOND_ADJ$ Ducal Conquest of $OTHER_TITLE$;;;;;;;;;;;$ORDER$[Actor.PrimaryTitle.GetShortAdjective]รฎ-[Recipient.PrimaryTitle.GetAdjective]รฑรชรฎรฅ รฃรฅรฐรถรฎรฃรฑรชรฎรฅ รงรรขรฎรฅรขรรญรจรฅ รฎรชรฐรณรฃร $OTHER_TITLE$;;x
WAR_NAME_EMBARGO;$ORDER$$FIRST_ADJ$-$SECOND_ADJ$ Embargo War;;;;;;;;;;;$ORDER$[Actor.PrimaryTitle.GetShortAdjective]รฎ-[Recipient.PrimaryTitle.GetAdjective]รฑรชรรฟ รขรฎรฉรญร รงร รขรขรฅรครฅรญรจรฅ รฝรฌรกรรฐรฃรฎ;;x
WAR_NAME_EXCOMMUNICATED_RULER;$ORDER$$FIRST_ADJ$-$SECOND_ADJ$ Excommunication War;;;;;;;;;;;$ORDER$[Actor.PrimaryTitle.GetShortAdjective]รฎ-[Recipient.PrimaryTitle.GetAdjective]รฑรชรรฟ รขรฎรฉรญร รฑ รฎรฒรซรณรทยธรญรญรปรฌ รฎรฒ รถรฅรฐรชรขรจ รฏรฐรรขรจรฒรฅรซรฅรฌ;;x
WAR_NAME_FACTION_INDEPENDENCE;$ORDER$$FIRST_ADJ$ League Independence War;;;;;;;;;;;$ORDER$$FIRST$;;x
WAR_NAME_FEUDAL_ELECTIVE_SUCCESSION_LAW;$ORDER$$SECOND_ADJ$ Civil War for Elective Monarchy;;;;;;;;;;;$ORDER$[Recipient.PrimaryTitle.GetAdjective]รฑรชรรฟ รฃรฐรรฆรครรญรฑรชรรฟ รขรฎรฉรญร รงร รขรปรกรฎรฐรญรฎรฅ รญรรฑรซรฅรครฎรขรรญรจรฅ;;x
WAR_NAME_FLOWER_WAR;$ORDER$$FIRST_ADJ$-$SECOND_ADJ$ Flower War;;;;;;;;;;;$ORDER$[Actor.PrimaryTitle.GetShortAdjective]รฎ-[Recipient.PrimaryTitle.GetAdjective]รฑรชรรฟ รขรฎรฉรญร รรขรฅรฒรฎรข;;x
WAR_NAME_FORCE_OPEN_CHINA;The $ORDER$$FIRST_ADJ$ War to Force Open the [offmap_china.GetFullName];;;;;;;;;;;$ORDER$$FIRST_ADJ$รฑรชรรฟ รขรฎรฉรญร รงร รฎรฒรชรฐรปรฒรจรฅ รฃรฐรรญรจรถ รจรฌรฏรฅรฐรจรจ [offmap_china.GetShortName];;x
WAR_NAME_FORCE_VASSALIZATION;$ORDER$$FIRST_ADJ$-$SECOND_ADJ$ Vassalization War;;;;;;;;;;;$ORDER$[Actor.PrimaryTitle.GetShortAdjective]รฎ-[Recipient.PrimaryTitle.GetAdjective]รฑรชรรฟ รขรฎรฉรญร รงร รขรรฑรฑรรซรจรฒรฅรฒ;;x
WAR_NAME_FREE_TRIBUTARY;$ORDER$$FIRST_ADJ$ War to Free $ATTACKER$ from Suzerain;;;;;;;;;;;$ORDER$[Actor.PrimaryTitle.GetAdjective]รฑรชรรฟ รขรฎรฉรญร รงร รฑรขรฅรฐรฆรฅรญรจรฅ รฃรฅรฃรฅรฌรฎรญรจรจ, รชรฎรฒรฎรฐรณรพ รขรฅรคยธรฒ $ATTACKER$;;x
WAR_NAME_GAVELKIND_SUCCESSION_LAW;$ORDER$$SECOND_ADJ$ Civil War for Gavelkind;;;;;;;;;;;$ORDER$[Recipient.PrimaryTitle.GetAdjective]รฑรชรรฟ รฃรฐรรฆรครรญรฑรชรรฟ รขรฎรฉรญร รงร รฐรรขรญรปรฉ รฐรรงรครฅรซ รฏรฐรจ รญรรฑรซรฅรครฎรขรรญรจรจ;;x
WAR_NAME_GREATREALMCONFLICT;$ORDER$$FIRST_ADJ$-$SECOND_ADJ$ Great Conquest of $OTHER_TITLE$;;;;;;;;;;;$ORDER$[Actor.PrimaryTitle.GetShortAdjective]รฎ-[Recipient.PrimaryTitle.GetAdjective]รฑรชรฎรฅ รขรฅรซรจรชรฎรฅ รงรรขรฎรฅรขรรญรจรฅ รงรฅรฌรซรจ, รจรงรขรฅรฑรฒรญรฎรฉ รชรรช $OTHER_TITLE$;;x
WAR_NAME_HERETIC_UPRISING;$ORDER$$SECOND_ADJ$ [Actor.Religion.GetName] Revolt;;;;;;;;;;;$ORDER$[Recipient.PrimaryTitle.GetAdjective]รฑรชรฎรฅ [Actor.GetRelAdj]รฑรชรฎรฅ รขรฎรฑรฑรฒรรญรจรฅ;;x
WAR_NAME_HOSTAGES;$ORDER$$FIRST_ADJ$-$SECOND_ADJ$ War to Free Captives;;;;;;;;;;;$ORDER$[Actor.PrimaryTitle.GetShortAdjective]รฎ-[Recipient.PrimaryTitle.GetAdjective]รฑรชรรฟ รขรฎรฉรญร รงร รฎรฑรขรฎรกรฎรฆรครฅรญรจรฅ รฏรซรฅรญรญรปรต;;x
WAR_NAME_HUMILIATE;$ORDER$$FIRST_ADJ$ War to Humiliate $DEFENDER$;;;;;;;;;;;$ORDER$[Actor.PrimaryTitle.GetAdjective]รฑรชรรฟ รขรฎรฉรญร รงร รณรญรจรฆรฅรญรจรฅ รฏรฐรฎรฒรจรขรญรจรชร, รจรงรขรฅรฑรฒรญรฎรฃรฎ รชรรช $DEFENDER$;;x
WAR_NAME_IMPERIAL;$ORDER$$FIRST_ADJ$ Imperial Reconquest of $OTHER_TITLE$;;;;;;;;;;;$ORDER$[Actor.PrimaryTitle.GetAdjective]รฑรชรฎรฅ รจรฌรฏรฅรฐรฑรชรฎรฅ รงรรขรฎรฅรขรรญรจรฅ รงรฅรฌรซรจ $OTHER_TITLE$;;x
WAR_NAME_INCREASE_COUNCIL_POWER;$ORDER$$SECOND_ADJ$ Civil War to increase Council Power;;;;;;;;;;;$ORDER$[Recipient.PrimaryTitle.GetAdjective]รฑรชรรฟ รฃรฐรรฆรครรญรฑรชรรฟ รขรฎรฉรญร รงร รณรฑรจรซรฅรญรจรฅ รฑรฎรขรฅรฒร;;x
WAR_NAME_INDEPENDENCE;$ORDER$War of $FIRST_ADJ$ Independence;;;;;;;;;;;$ORDER$$FIRST_ADJ$รฑรชรรฟ รขรฎรฉรญร รงร รญรฅรงรรขรจรฑรจรฌรฎรฑรฒรผ;;x
WAR_NAME_INSTALL_ANTIKING;$FIRST_ADJ$-$SECOND_ADJ$ Antiking War;;;;;;;;;;;[Actor.PrimaryTitle.GetShortAdjective]รฎ-[Recipient.PrimaryTitle.GetAdjective]รฑรชรรฟ รรญรฒรจรฌรฎรญรรฐรตรจรทรฅรฑรชรรฟ รขรฎรฉรญร;;x
WAR_NAME_INSTALLKHAN;Install $ATTACKER$ as Khan of $SECOND$;;;;;;;;;;;รรฎรฉรญร รงร รฒรฎ, รทรฒรฎรกรป $ATTACKER$ รฑรฒรรซ รชรรฃรรญรฎรฌ [Recipient.PrimaryTitle.GetAdjective]รฑรชรฎรฉ รงรฅรฌรซรจ;;x
WAR_NAME_INVASION;$ORDER$$FIRST_ADJ$ Invasion of $OTHER_TITLE$;;;;;;;;;;;$ORDER$[Actor.PrimaryTitle.GetAdjective]รฑรชรฎรฅ รขรฒรฎรฐรฆรฅรญรจรฅ รข รงรฅรฌรซรพ $OTHER_TITLE$;;x
WAR_NAME_INVASION_OF_CHINA;$ORDER$$FIRST_ADJ$ Invasion of the [offmap_china.GetFullName];;;;;;;;;;;$ORDER$$FIRST_ADJ$รฑรชรฎรฅ รขรฒรฎรฐรฆรฅรญรจรฅ รข รจรฌรฏรฅรฐรจรพ [offmap_china.GetShortName];;x
WAR_NAME_LIBERATE_NOMAD;$ORDER$$FIRST_ADJ$ Liberation of $OTHER_TITLE$;;;;;;;;;;;$ORDER$[Actor.PrimaryTitle.GetAdjective]รฑรชรรฟ รขรฎรฉรญร รงร รฎรฑรขรฎรกรฎรฆรครฅรญรจรฅ รฎรกรซรรฑรฒรจ $OTHER_TITLE$, รจรญรจรถรจรรฒรฎรฐ รชรฎรฒรฎรฐรฎรฉ - $FIRST$;;x
WAR_NAME_LIBERATE_RELIGION;$ORDER$$FIRST_ADJ$-$SECOND_ADJ$ War to Religiously Liberate [Title.GetBaseName];;;;;;;;;;;$ORDER$[Actor.PrimaryTitle.GetShortAdjective]รฎ-[Recipient.PrimaryTitle.GetAdjective]รฑรชรรฟ รขรฎรฉรญร รงร รฐรฅรซรจรฃรจรฎรงรญรฎรฅ รฎรฑรขรฎรกรฎรฆรครฅรญรจรฅ รงรฅรฌรซรจ, รจรงรขรฅรฑรฒรญรฎรฉ รชรรช [Title.GetBaseName];;x
WAR_NAME_LIBERATION_REVOLT;$ORDER$Liberation of [Title.GetBaseName];;;;;;;;;;;$ORDER$[Actor.PrimaryTitle.GetName];;x
WAR_NAME_LOWER_CROWN_AUTHORITY_LAW;$ORDER$$SECOND_ADJ$ Civil War to lower Crown Authority;;;;;;;;;;;$ORDER$[Recipient.PrimaryTitle.GetAdjective]รฑรชรรฟ รฃรฐรรฆรครรญรฑรชรรฟ รขรฎรฉรญร รงร รฏรฎรญรจรฆรฅรญรจรฅ รรขรฒรฎรฐรจรฒรฅรฒร รรฎรฐรฎรญรป;;x
WAR_NAME_LOWER_TRIBAL_ORGANIZATION_LAW;$ORDER$$SECOND_ADJ$ Civil War to lower Tribal Organization;;;;;;;;;;;$ORDER$[Recipient.PrimaryTitle.GetAdjective]รฑรชรรฟ รฃรฐรรฆรครรญรฑรชรรฟ รขรฎรฉรญร รงร รฑรญรจรฆรฅรญรจรฅ รฎรฐรฃรรญรจรงรฎรขรรญรญรฎรฑรฒรจ;;x
WAR_NAME_MINOR_CLAN_REVOLT;Minor Clan Rising;;;;;;;;;;;รรฎรฑรฑรฒรรญรจรฅ รฌรรซรฎรฃรฎ รชรซรรญร;;x
WAR_NAME_NOMAD_EXPANSION;$ORDER$$FIRST_ADJ$ War for $OTHER_TITLE$;;;;;;;;;;;$ORDER$[Actor.PrimaryTitle.GetAdjective]รฑรชรรฟ รขรฎรฉรญร รงร รฏรฎรครทรจรญรฅรญรจรฅ รงรฅรฌรซรจ, รจรงรขรฅรฑรฒรญรฎรฉ รชรรช $OTHER_TITLE$;;x
WAR_NAME_NOMAD_TRIBUTARY;$ORDER$$FIRST_ADJ$ War to Make $DEFENDER$ a Tributary State;;;;;;;;;;;$ORDER$$FIRST_ADJ$รฑรชรรฟ รขรฎรฉรญร รงร รฒรฎ, รทรฒรฎรกรป รฃรฎรฑรณรครรฐรฑรฒรขรฎ $DEFENDER$ รฏรซรรฒรจรซรฎ รครรญรผ รฎรฐรครฅ;;x
WAR_NAME_NORTHERN_CRUSADE;$ORDER$ Teutonic War for $OTHER_TITLE$;;;;;;;;;;;$ORDER$รรฅรขรฒรฎรญรฑรชรรฟ รขรฎรฉรญร รงร รฎรกรซรรฑรฒรผ $OTHER_TITLE$;;x
WAR_NAME_OFFMAP_SUBMISSION;$ORDER$$FIRST_ADJ$-$SECOND_ADJ$ Submission War;;;;;;;;;;;$ORDER$[Actor.PrimaryTitle.GetShortAdjective]รฎ-[Recipient.PrimaryTitle.GetAdjective]รฑรชรรฟ รขรฎรฉรญร รงร รฏรฎรครทรจรญรฅรญรจรฅ;;x
WAR_NAME_OTHER_CLAIM;$ORDER$$FIRST_ADJ$ War for $CLAIMANT$'s claim on $OTHER_TITLE$;;;;;;;;;;;$ORDER$รรฎรฉรญร รข รฏรฎรครครฅรฐรฆรชรณ รฏรฐรฅรฒรฅรญรครฅรญรฒร รฏรฎ รจรฌรฅรญรจ $CLAIMANT$, รถรฅรซรผ รชรฎรฒรฎรฐรฎรฉ - $OTHER_TITLE$;;x
WAR_NAME_OTHER_DEJUREBARONYCLAIM;$ORDER$$FIRST_ADJ$ County War for $CLAIMANT$'s claim on $OTHER_TITLE$;;;;;;;;;;;$ORDER$[Actor.PrimaryTitle.GetAdjective]รฑรชรรฟ รขรฎรฉรญร รข รฏรฎรครครฅรฐรฆรชรณ รครฅ-รพรฐรฅ รฏรฐรฅรฒรฅรญรครฅรญรฒร รฏรฎ รจรฌรฅรญรจ $CLAIMANT$ รญร รฒรจรฒรณรซ รฎรกรซรรฑรฒรจ $OTHER_TITLE$;;x
WAR_NAME_OTHER_DEJURECLAIM;$ORDER$$FIRST_ADJ$ Ducal War for $CLAIMANT$'s claim on $OTHER_TITLE$;;;;;;;;;;;$ORDER$[Actor.PrimaryTitle.GetAdjective]รฑรชรรฟ รขรฎรฉรญร รข รฏรฎรครครฅรฐรฆรชรณ รครฅ-รพรฐรฅ รฏรฐรฅรฒรฅรญรครฅรญรฒร รฏรฎ รจรฌรฅรญรจ $CLAIMANT$ รญร รฒรจรฒรณรซ รฎรกรซรรฑรฒรจ $OTHER_TITLE$;;x
WAR_NAME_OTHER_SUCCESSION;$ORDER$$FIRST_ADJ$ War to install $CLAIMANT$ in $SECOND$;;;;;;;;;;;$ORDER$[Actor.PrimaryTitle.GetAdjective]รฑรชรรฟ รขรฎรฉรญร รฏรฐรฅรฒรฅรญรครฅรญรฒร รฏรฎ รจรฌรฅรญรจ $CLAIMANT$ รญร รฏรฐรฅรฑรฒรฎรซ รฃรฎรฑรณรครรฐรฑรฒรขร $SECOND$;;x
WAR_NAME_OVERTHROWRULER;$ORDER$War against the Tyranny of $DEFENDER$;;;;;;;;;;;$ORDER$รรฎรฉรญร รฏรฐรฎรฒรจรข รฒรจรฐรรญรจรจ รฏรฐรรขรจรฒรฅรซรฟ ($DEFENDER$);;x
WAR_NAME_OVERTHROWRULER_NC;$ORDER$Revolt against the rule of $DEFENDER$;;;;;;;;;;;$ORDER$รรฎรฑรฑรฒรรญรจรฅ รฏรฐรฎรฒรจรข รขรซรรฑรฒรจ รฏรฐรรขรจรฒรฅรซรฟ รฏรฎ รจรฌรฅรญรจ $DEFENDER$;;x
WAR_NAME_PAGAN_SUBJUGATION;$ORDER$$FIRST_ADJ$-$SECOND_ADJ$ Subjugation War;;;;;;;;;;;$ORDER$[Actor.PrimaryTitle.GetShortAdjective]รฎ-[Recipient.PrimaryTitle.GetAdjective]รฑรชรรฟ รขรฎรฉรญร รงร รฏรฎรชรฎรฐรฅรญรจรฅ;;x
WAR_NAME_PAPAL_RELIGIOUS;$ORDER$$FIRST_ADJ$ Papal War for $OTHER_TITLE$;;;;;;;;;;;$ORDER$รรรฏรฑรชรรฟ รขรฎรฉรญร รงร รฒรจรฒรณรซ $OTHER_TITLE$;;x
WAR_NAME_PEASANT_CONQUEST;Peasant Revolt for $OTHER_TITLE$;;;;;;;;;;;[Actor.PrimaryTitle.GetName];;x
WAR_NAME_PERMANENT_TRIBUTARY;$ORDER$$FIRST_ADJ$ War to Make $DEFENDER$ a Tributary State;;;;;;;;;;;$ORDER$$FIRST_ADJ$รฑรชรรฟ รขรฎรฉรญร รงร รณรฑรฒรรญรฎรขรซรฅรญรจรฅ รฃรฅรฃรฅรฌรฎรญรจรจ รญรรค รฃรฎรฑรณรครรฐรฑรฒรขรฎรฌ, รชรฎรฒรฎรฐรปรฌ รฏรฐรรขรจรฒ $DEFENDER$;;x
WAR_NAME_POWERFUL_VASSAL_TAKEOVER;$ORDER$War to Oust $DEFENDER$ from Power;;;;;;;;;;;$ORDER$รรฎรฉรญร รงร รฎรฒรฑรฒรฐรรญรฅรญรจรฅ รฏรฐรรขรจรฒรฅรซรฟ, รจรงรขรฅรฑรฒรญรฎรฃรฎ รชรรช $DEFENDER$, รฎรฒ รขรซรรฑรฒรจ;;x
WAR_NAME_PRIOGENITURE_SUCCESSION_LAW;$ORDER$$SECOND_ADJ$ Civil War for Primogeniture;;;;;;;;;;;$ORDER$[Recipient.PrimaryTitle.GetAdjective]รฑรชรรฟ รฃรฐรรฆรครรญรฑรชรรฟ รขรฎรฉรญร รงร รฏรฅรฐรขรฎรฐรฎรครฑรฒรขรฎ รฏรฐรจ รญรรฑรซรฅรครฎรขรรญรจรจ;;x
WAR_NAME_RECONQUISTA_ARAGON;$ORDER$Reconquest War for Aragon;;;;;;;;;;;$ORDER$รรฅรชรฎรญรชรจรฑรฒร รรฐรรฃรฎรญร;;x
WAR_NAME_RECONQUISTA_BALEARIC;$ORDER$Reconquest War for the Balearic Islands;;;;;;;;;;;$ORDER$รรฅรชรฎรญรชรจรฑรฒร รรรซรฅรรฐรฑรชรจรต รฎรฑรฒรฐรฎรขรฎรข;;x
WAR_NAME_RECONQUISTA_BEJA;$ORDER$Reconquest War for Western Coast;;;;;;;;;;;$ORDER$รรฅรชรฎรญรชรจรฑรฒร รรรฏรรครญรฎรฃรฎ รฏรฎรกรฅรฐรฅรฆรผรฟ;;x
WAR_NAME_RECONQUISTA_CASTILLE;$ORDER$Reconquest War for Castille;;;;;;;;;;;$ORDER$รรฅรชรฎรญรชรจรฑรฒร รรรฑรฒรจรซรจรจ;;x
WAR_NAME_RECONQUISTA_CORDOBA;$ORDER$Reconquest War for Central Iberia;;;;;;;;;;;$ORDER$รรฅรชรฎรญรชรจรฑรฒร รรฅรญรฒรฐรรซรผรญรฎรฉ รรกรฅรฐรจรจ;;x
WAR_NAME_RECONQUISTA_GALICIA;$ORDER$Reconquest War for Galicia;;;;;;;;;;;$ORDER$รรฅรชรฎรญรชรจรฑรฒร รรรซรจรฑรจรจ;;x
WAR_NAME_RECONQUISTA_GRANADA;$ORDER$Reconquest War for Southern Iberia;;;;;;;;;;;$ORDER$รรฅรชรฎรญรชรจรฑรฒร รรฆรญรฎรฉ รรกรฅรฐรจรจ;;x
WAR_NAME_RECONQUISTA_LEON;$ORDER$Reconquest War for Leon;;;;;;;;;;;$ORDER$รรฅรชรฎรญรชรจรฑรฒร รรฅรฎรญร;;x
WAR_NAME_RECONQUISTA_NAVARRA;$ORDER$Reconquest War for Navarra;;;;;;;;;;;$ORDER$รรฅรชรฎรญรชรจรฑรฒร รรรขรรฐรฐรป;;x
WAR_NAME_RECONQUISTA_VALENCIA;$ORDER$Reconquest War for the Eastern Coast;;;;;;;;;;;$ORDER$รรฅรชรฎรญรชรจรฑรฒร รรฎรฑรฒรฎรทรญรฎรฃรฎ รฏรฎรกรฅรฐรฅรฆรผรฟ;;x
WAR_NAME_RELIGIOUS;$ORDER$$FIRST_ADJ$ Holy War for $OTHER_TITLE$;;;;;;;;;;;$ORDER$[Actor.PrimaryTitle.GetAdjective]รฑรชรรฟ รฑรขรฟรนรฅรญรญรรฟ รขรฎรฉรญร รงร รฎรกรซรรฑรฒรผ $OTHER_TITLE$;;x
WAR_NAME_RIVALRY;$ORDER$$FIRST_ADJ$-$SECOND_ADJ$ Rivalry War;;;;;;;;;;;$ORDER$[Actor.PrimaryTitle.GetShortAdjective]รฎ-[Recipient.PrimaryTitle.GetAdjective]รฑรชรรฟ รขรฎรฉรญร รญร รฏรฎรทรขรฅ รซรจรทรญรฎรฉ รญรฅรญรรขรจรฑรฒรจ;;x
WAR_NAME_SEIZE_TRADE_POST;$ORDER$$FIRST_ADJ$-$SECOND_ADJ$ Trade War over $OTHER_TITLE$;;;;;;;;;;;$ORDER$[Actor.PrimaryTitle.GetShortAdjective]รฎ-[Recipient.PrimaryTitle.GetAdjective]รฑรชรรฟ รฒรฎรฐรฃรฎรขรรฟ รขรฎรฉรญร รงร รฎรกรซรรฑรฒรผ $OTHER_TITLE$;;x
WAR_NAME_SENIORITY_SUCCESSION_LAW;$ORDER$$SECOND_ADJ$ Civil War for Seniority;;;;;;;;;;;$ORDER$[Recipient.PrimaryTitle.GetAdjective]รฑรชรรฟ รฃรฐรรฆรครรญรฑรชรรฟ รขรฎรฉรญร รงร รฑรฒรรฐรธรจรญรฑรฒรขรฎ รฏรฐรจ รญรรฑรซรฅรครฎรขรรญรจรจ;;x
WAR_NAME_SEX_DEPOSITION;$ORDER$$FIRST_ADJ$-$SECOND_ADJ$ War to Depose $DEFENDER$;;;;;;;;;;;$ORDER$[Actor.PrimaryTitle.GetShortAdjective]รฎ-[Recipient.PrimaryTitle.GetAdjective]รฑรชรรฟ รขรฎรฉรญร รงร รฑรขรฅรฐรฆรฅรญรจรฅ รฏรฐรรขรจรฒรฅรซรฟ, รจรงรขรฅรฑรฒรญรฎรฃรฎ รชรรช $DEFENDER$;;x
WAR_NAME_SHATTERED_COUNTY_CONQUEST;$ORDER$$FIRST_ADJ$-$SECOND_ADJ$ Consolidation of $OTHER_TITLE$;;;;;;;;;;;$ORDER$[Actor.PrimaryTitle.GetShortAdjective]รฎ-[Recipient.PrimaryTitle.GetAdjective]รฑรชรรฟ รฎรกรบรฅรครจรญรจรฒรฅรซรผรญรรฟ รขรฎรฉรญร รงร รฒรจรฒรณรซ $OTHER_TITLE$;;x
WAR_NAME_SHEPHERDS_CRUSADE;$ORDER$ Shepherds' Crusade for [Title.GetBaseName];;;;;;;;;;;$ORDER$รรฐรฅรฑรฒรฎรขรปรฉ รฏรฎรตรฎรค รรรฑรฒรณรธรชรฎรข รญร รงรฅรฌรซรพ [Title.GetBaseName];;x
WAR_NAME_SHIA_CALIPHATE_RISING;$ORDER$Shi'a Caliphate Rising in [Title.GetBaseName];;;;;;;;;;;$ORDER$รรฒรรญรฎรขรซรฅรญรจรฅ รรจรจรฒรฑรชรฎรฃรฎ รตรรซรจรดรรฒร รข รงรฅรฌรซรฅ ยงY[Title.GetShortBaseName]ยง!;;x
WAR_NAME_SUCCESSION;$ORDER$$SECOND_ADJ$ Succession Crisis;;;;;;;;;;;$ORDER$[Recipient.PrimaryTitle.GetAdjective]รฑรชรรฟ รขรฎรฉรญร รงร รฏรฐรฅรฑรฒรฎรซรฎรญรรฑรซรฅรครจรฅ;;x
WAR_NAME_THANKMARS_REBELLION;Thankmar's Rebellion;;;;;;;;;;;รรรญรชรฌรรฐรฑรชรฎรฅ รขรฎรฑรฑรฒรรญรจรฅ;;x
WAR_NAME_TRIBAL_INDEPENDENCE;$ORDER$War against the Great $SECOND_ADJ$ Conversion;;;;;;;;;;;$ORDER$รรฎรฉรญร รฏรฐรฎรฒรจรข รรฅรซรจรชรฎรฃรฎ $SECOND_ADJ$รฑรชรฎรฃรฎ รฎรกรฐรรนรฅรญรจรฟ;;x
WAR_NAME_TRIBUTARY;$ORDER$$FIRST_ADJ$ War to Make $DEFENDER$ Pay Tribute;;;;;;;;;;;$ORDER$[Actor.PrimaryTitle.GetAdjective]รฑรชรรฟ รขรฎรฉรญร รงร รครรญรผ, รข รชรฎรฒรฎรฐรฎรฉ รงรรนรจรนรรฅรฒรฑรฟ $DEFENDER$;;x
WAR_NAME_ULTIMOGENITURE_SUCCESSION_LAW;$ORDER$$SECOND_ADJ$ Civil War for Ultimogeniture;;;;;;;;;;;$ORDER$[Recipient.PrimaryTitle.GetAdjective]รฑรชรรฟ รฃรฐรรฆรครรญรฑรชรรฟ รขรฎรฉรญร รงร รฌรจรญรฎรฐรรฒ รฏรฐรจ รญรรฑรซรฅรครฎรขรรญรจรจ;;x
WAR_NAME_UNJUST_COUNTY_CONQUEST;$ORDER$$FIRST_ADJ$-$SECOND_ADJ$ Border Dispute over $OTHER_TITLE$;;;;;;;;;;;$ORDER$[Actor.PrimaryTitle.GetShortAdjective]รฎ-[Recipient.PrimaryTitle.GetAdjective]รฑรชรรฟ รขรฎรฉรญร รงร รฏรฎรฃรฐรรญรจรทรญรปรฉ รฎรชรฐรณรฃ $OTHER_TITLE$;;x
WAR_NAME_VIKING_INVASION;$ORDER$$FIRST_ADJ$ Prepared Invasion of $OTHER_TITLE$;;;;;;;;;;;$ORDER$[Actor.PrimaryTitle.GetAdjective]รฑรชรฎรฅ รฏรฎรครฃรฎรฒรฎรขรซรฅรญรญรฎรฅ รขรฒรฎรฐรฆรฅรญรจรฅ รข รงรฅรฌรซรพ, รจรงรขรฅรฑรฒรญรณรพ รชรรช $OTHER_TITLE$;;x
WAR_NAME_WEAKEN_VASSAL;War for a New Ruler of $OTHER_TITLE$.;;;;;;;;;;;รรฎรฉรญร รงร รฑรฌรฅรญรณ รฏรฐรรขรจรฒรฅรซรฟ รฎรกรซรรฑรฒรจ $OTHER_TITLE$.;;x
# Tooltips
depose_impious_pope_cb_lose_TT;ยงY[Root.GetTitledName]ยง! and [Root.GetHerHis] Allies:\n 	Gains the trait 'ยงYExcommunicatedยง!'\n 	Lose ยงR100.00ยง! Piety.;;;;;;;;;;;ยงY[Root.GetTitledFirstName]ยง! รจ [Root.GetHersHis] รฑรฎรพรงรญรจรชรจ:\n 	รรฎรซรณรทรรฒ รทรฅรฐรฒรณ ยงYรรฒรซรณรทยธรญ รฎรฒ รรฅรฐรชรขรจยง!\n 	ยงR-100.00ยง! รช รกรซรรฃรฎรทรฅรฑรฒรจรพ;;x
depose_impious_pope_cb_win_TT;ยงY[Root.GetTitledName]ยง! and [Root.GetHerHis] Allies:\n 	ยงG100.00ยง! Piety.;;;;;;;;;;;ยงY[Root.GetTitledFirstName]ยง! รจ [Root.GetHersHis] รฑรฎรพรงรญรจรชรจ:\n 	ยงG+100.00ยง! รช รกรซรรฃรฎรทรฅรฑรฒรจรพ;;x
destabilization_china_success_tt;All held Kingdoms and Empires are destroyed.;;;;;;;;;;;รรฑรฅ รชรฎรฐรฎรซรฅรขรฑรฒรขร รจ รจรฌรฏรฅรฐรจรจ รกรณรครณรฒ รณรญรจรทรฒรฎรฆรฅรญรป.;;x
invasion_succ_tip;ยงY[Root.GetTitledFirstName]ยง! takes all occupied territory.\nยงY[Root.GetTitledFirstName]ยง! becomes the new ยงY[This.GetRulerTitle] of [This.GetBaseName]ยง!.\n;;;;;;;;;;;ยงY[Root.GetTitledFirstName]ยง! รฏรฎรซรณรทรจรฒ รขรฑรฅ รงรรตรขรรทรฅรญรญรปรฅ รฒรฅรฐรฐรจรฒรฎรฐรจรจ.\nยงY[Root.GetTitledFirstName]ยง! รฏรฎรซรณรทรจรฒ รฒรจรฒรณรซ ยงY[This.GetBaseName]ยง!.\n;;x
liberate_nomad_cb_succ_tip;ยงY[Root.GetTitledFirstName]ยง! vassalizes non-nomadic lords and takes all other titles in the ยงY[This.GetFullBaseName]ยง!.\n;;;;;;;;;;;ยงY[Root.GetTitledFirstName]ยง! รขรรฑรฑรรซรจรงรจรฐรณรฅรฒ รญรฅรชรฎรทรฅรขรปรต รฏรฐรรขรจรฒรฅรซรฅรฉ รจ รฏรฐรจรฑรขรฎรจรฒ รขรฑรฅ รฏรฐรฎรทรจรฅ รฒรจรฒรณรซรป รข รฎรกรซรรฑรฒรจ ยงY[This.GetFullBaseName]ยง!.\n;;x
offmap_submission_tip;ยงY[Root.GetTitledFirstName]ยง! forces ยงY[This.GetTitledName]ยง! to submit and become their subject.\nยงY[Root.GetTitledFirstName]ยง! will usurp ยงYCountiesยง! until [Root.GetHerHis] ยงYDemesne Limitยง! is reached!\n;;;;;;;;;;;ยงY[Root.GetTitledFirstName]ยง! รฏรฎรฒรฐรฅรกรณรฅรฒ, รทรฒรฎรกรป ยงY[This.GetTitledFirstName]ยง! รฏรฎรครทรจรญรจ[This.GetLasLsya] รจ รฑรฒรรซ[This.GetEndA] [Root.GetHersHis] รฏรฎรครครรญรญ[This.GetOyYm].\nยงY[Root.GetTitledFirstName]ยง! รณรงรณรฐรฏรจรฐรณรฅรฒ รขรฑรฅ ยงYรฎรชรฐรณรฃรยง! รฏรฎรครทรจรญยธรญรญรฎรฃรฎ รฏรฐรฎรฒรจรขรญรจรชร, รฏรฎรชร รญรฅ รครฎรฑรฒรจรฃรญรฅรฒ ยงYรซรจรฌรจรฒร รซรจรทรญรปรต รขรซรรครฅรญรจรฉยง!!\n;;x
other_invasion_succ_tip;ยงY[Root.GetTitledFirstName]ยง! takes or vassalizes all titles in the ยงY[This.GetFullBaseName]ยง! belonging to ยงY[From.GetTitledFirstName]ยง!.\n;;;;;;;;;;;ยงY[Root.GetTitledFirstName]ยง! รฏรฎรซรณรทรจรฒ รจรซรจ รฑรครฅรซรรฅรฒ รฑรขรฎรจรฌรจ รขรรฑรฑรรซรรฌรจ รขรฑรฅ รฒรจรฒรณรซรป รฃรฎรฑรณรครรฐรฑรฒรขร ยงY[This.GetFullBaseName]ยง!, รชรฎรฒรฎรฐรปรฌรจ รฎรกรซรรครรฅรฒ ยงY[From.GetTitledFirstName]ยง!.\n;;x
pagan_subjugation_tip;ยงY[Root.GetTitledFirstName]ยง! takes or vassalizes all titles held by ยงY[From.GetTitledFirstName]ยง! within the ยงY[This.GetFullBaseName]ยง!.\n;;;;;;;;;;;ยงY[Root.GetTitledFirstName]ยง! รฏรฐรจรฑรขรรจรขรรฅรฒ รจรซรจ รขรรฑรฑรรซรจรงรจรฐรณรฅรฒ รขรฑรฅ รฒรจรฒรณรซรป, รชรฎรฒรฎรฐรปรฌรจ รฎรกรซรรครรฅรฒ ยงY[From.GetTitledFirstName]ยง! รข รฏรฐรฅรครฅรซรรต รฃรฎรฑรณรครรฐรฑรฒรขร ยงY[This.GetFullBaseName]ยง!.\n;;x
pepin_religious_cb_succ_tip;The Papacy will claim all titles under the disputed title that are held by infidels and vassalize all titles that are held by [Root.Religion.GetName] rulers.;;;;;;;;;;;รรรฏรฑรฒรขรฎ รกรณรครฅรฒ รฏรฐรฅรฒรฅรญรครฎรขรรฒรผ รญร รขรฑรฅ รฒรจรฒรณรซรป รจรญรฎรขรฅรฐรถรฅรข รข รฏรฐรฅรครฅรซรรต รฎรฑรฏรรฐรจรขรรฅรฌรฎรฃรฎ รฒรจรฒรณรซร. [Root.GetRelAdjCap]รฑรชรจรฅ รฆรฅ รฏรฐรรขรจรฒรฅรซรจ รฑรฒรรญรณรฒ รขรรฑรฑรรซรรฌรจ รรรฏรป.;;x
religious_cb_succ_tip;ยงY[Root.GetTitledFirstName]ยง! vassalizes lords of [Root.GetPossPronoun] religion and takes all other titles in the ยงY[Prev.GetFullBaseName]ยง!.\n;;;;;;;;;;;ยงY[Root.GetTitledFirstName]ยง! รฑรครฅรซรรฅรฒ รขรรฑรฑรรซรรฌรจ รฏรฐรรขรจรฒรฅรซรฅรฉ รฑรขรฎรฅรฉ รขรฅรฐรป รจ รณรงรณรฐรฏรจรฐรณรฅรฒ รขรฑรฅ รฏรฐรฎรทรจรฅ รฒรจรฒรณรซรป รงรฅรฌรซรจ ยงY[This.GetFullBaseName]ยง!.\n;;x
religious_liberation_cb_succ_tip;The ยงY[This.GetFullBaseName]ยง! will be liberated under a new ruler of the ยงY[Root.Religion.GetName]ยง! religion! This ruler will become your ยงYTributaryยง!.;;;;;;;;;;;ยงY[This.GetFullBaseName]ยง! รฎรฑรขรฎรกรฎรครจรฒรฑรฟ, รฏรฅรฐรฅรฉรครฟ รฏรฎรค รขรซรรฑรฒรผ รญรฎรขรฎรฃรฎ ยงYรฏรฐรรขรจรฒรฅรซรฟ-[Root.GetReligionAdherentGEN]ยง!! รรฒรฎรฒ รฏรฐรรขรจรฒรฅรซรผ รฑรฒรรญรฅรฒ รรรธรจรฌ ยงYรครรญรญรจรชรฎรฌยง!.;;x
sex_deposition_cb_succ_tip;ยงY[From.GetTitledFirstName]ยง! will relinquish [From.GetHerHis] throne in favor of a more capable [Root.GetManWoman].;;;;;;;;;;;ยงY[From.GetTitledFirstName]ยง! รณรฑรฒรณรฏรจรฒ รฑรขรฎรฉ รฒรฐรฎรญ รข รฏรฎรซรผรงรณ [Root.GetManWoman]รป.;;x
sex_deposition_cb_succ_tip_2;The new ruler of ยงY[From.PrimaryTitle.GetName]ยง! will become your ยงYTributaryยง!.;;;;;;;;;;;ยงY[From.PrimaryTitle.GetName]ยง! รฑรฒรรญรฅรฒ ยงYรฃรฎรฑรณรครรฐรฑรฒรขรฎรฌ-รฑรรฒรฅรซรซรจรฒรฎรฌยง! (รครรญรญรจรชรฎรฌ).;;x
tribal_invasion_succ_tip;ยงY[Root.GetTitledFirstName]ยง! takes all occupied territory.\nยงY[Root.GetTitledFirstName]ยง! takes or vassalizes all titles in the ยงY[This.GetFullBaseName]ยง! belonging to ยงY[From.GetTitledFirstName]ยง!.\n;;;;;;;;;;;ยงY[Root.GetTitledFirstName]ยง! รฏรฎรซรณรทรจรฒ รขรฑรฅ รงรรญรฟรฒรปรฅ รฒรฅรฐรฐรจรฒรฎรฐรจรจ.\nยงY[Root.GetTitledFirstName]ยง! รงรรตรขรรฒรจรฒ รจรซรจ รครฅรซรรฅรฒ รฑรขรฎรจรฌรจ รขรรฑรฑรรซรรฌรจ รขรฑรฅ รฒรจรฒรณรซรป, รชรฎรฒรฎรฐรปรฌรจ รขรซรรครฅรฅรฒ ยงY[From.GetTitledFirstName]ยง! รข รฃรฎรฑรณรครรฐรฑรฒรขรฅ ยงY[This.GetName]ยง!.\n;;x
tribal_subjugation_tip;ยงY[Root.GetTitledFirstName]ยง! subjugates ยงY[This.GetTitledName]ยง!\n;;;;;;;;;;;ยงY[Root.GetTitledFirstName]ยง! รฏรฎรชรฎรฐรจรฒ รฏรฐรรขรจรฒรฅรซรฟ, รจรงรขรฅรฑรฒรญรฎรฃรฎ รชรรช ยงY[This.GetTitledName]ยง!\n;;x
ALT_GHW_STARTED;The Era of Great Holy Wars has Begun\n;;;;;;;;;;;รรรทรรซรรฑรผ รฝรฐร รรฅรซรจรชรจรต รรขรฟรนรฅรญรญรปรต รรฎรฉรญ\n;;x
