EVTDESC_REP_101;[feuding_patrician.GetTitledName] will soon be hosting a great ball in [feuding_patrician.GetHerHis] family palace, and every patrician family in the republic has been invited - except for yours. Your dynasty's relation with the [feuding_patrician.GetOnlyDynastyName] family has been tense as of late, as you are competing with them in several important markets.\n\nThe decision not to invite [Root.GetOnlyDynastyName] members to the ball can only be seen as a grave insult. As you sit brooding in the chambers of your own palace, you wonder how to tackle this situation. Will you turn up at the ball anyway, pretending there has been some mistake, or will you turn the other cheek and accept this affront to [Root.GetOnlyDynastyName] honor?;;;;;;;;;;;[From.GetTitledName] ñîáèðàåòñÿ ïðîâåñòè áîëüøîé áàë â ñâî¸ì ïîìåñòüå, è êàæäàÿ çíàòíàÿ ñåìüÿ ðåñïóáëèêè ïîëó÷èò ïðèãëàøåíèå, êðîìå Âàøåé. Îòíîøåíèÿ ìåæäó ñåìüåé [From.GetOnlyDynastyName] è Âàøåé áûëè íàïðÿæåííûìè â ïîñëåäíåå âðåìÿ èç-çà êîíêóðåíöèè.\nÐåøåíèå íå ïðèãëàøàòü ñåìüþ [Root.GetOnlyDynastyName] íà áàë íåëüçÿ ðàññìàòðèâàòü èíà÷å, êðîìå êàê ñåðü¸çíîå îñêîðáëåíèå. Âàñ ìó÷àåò âîïðîñ - êàê ñïðàâèòüñÿ ñ ýòîé ñèòóàöèåé. Ïîÿâèòüñÿ íà áàëó âñ¸ ðàâíî, ïðèòâîðèâøèñü, ÷òî ïðîèçîøëà îøèáêà, èëè ïîäñòàâèòü äðóãóþ ùåêó, ïðèíÿâ îñêîðáëåíèå ÷åñòè ñåìüè [Root.GetOnlyDynastyName]?;;x
EVTDESC_REP_102;"You show up at the [feuding_patrician.GetOnlyDynastyName] family palace with your entourage, and make your way past the posted guards before they can block your way. Music and laughter can be heard from inside the palace, but it seems to die out the moment you step inside. Hushed whispers are all that can be heard as everyone's eyes seem to focus on you.\n\n""[Root.GetTitledFirstName]!"" someone calls out. [feuding_patrician.GetTitledFirstName] emerges from the crowd with a smile on his face. ""How kind of you to join us. May I see your invitation?"" As you struggle for words, guards surround you and your party. ""No invitation? That's a shame."" With a small wave from [feuding_patrician.GetFirstName], the guards drag you all outside and throw you down the stairs of the entrance. Lying on your back in the dirt, you see [feuding_patrician.GetFirstName] grinning down at you.";;;;;;;;;;;"Âû ïîÿâèëèñü ïðè äâîðå ñåìüè [FromFrom.GetOnlyDynastyName] ñî ñâîèì îêðóæåíèåì, è ïðîøëè ìèìî îõðàíû ïðåæäå ÷åì îíà ñìîãëà Âàì ïîìåøàòü. Ìóçûêà è ñìåõ ñëûøíû ïîâñþäó, íî âñ¸ áóäòî óìèðàåò, êàê òîëüêî âõîäèòå Âû. Îñòàåòñÿ ëèøü òèõèé ø¸ïîò è âçãëÿäû, íàïðàâëåííûå íà Âàñ.\n""[Root.GetTitledFirstName]!"" — âîñêëèêíóë êòî-òî. [FromFrom.GetTitledFirstName] âûøåë èç òîëïû ñ óëûáêîé íà ëèöå. ""Êàê ëþáåçíî ñ Âàøåé ñòîðîíû ïðèñîåäèíèòüñÿ ê íàì. Ìîãó ëè ÿ âèäåòü Âàøå ïðèãëàøåíèå?"" Ïîêà Âû èùåòå ñëîâà, îõðàíà îêðóæàåò Âàñ. ""Íåò ïðèãëàøåíèÿ? Êàêàÿ æàëîñòü."" [FromFrom.GetFirstName] ïîäà¸ò îõðàíå ë¸ãêèé æåñò, òå õâàòàþò Âàñ è ñïóñêàþò ñ ëåñòíèöû. Ëåæà íà ñïèíå â ãðÿçè, Âû âèäèòå, êàê [FromFrom.GetFirstName] ñìîòðèò íà Âàñ ñ óõìûëêîé.";;x
EVTDESC_REP_104;As a way to get back at the vile [feuding_patrician.GetOnlyDynastyName] family, you could make arrangements to host your own grand ball. Invitations will be sent out to all patrician families, with the exception of the [feuding_patrician.GetOnlyDynastyName] of course.\n\nIf this is to work, your ball will have to be much grander than the one that weasel [feuding_patrician.GetTitledFirstName] threw together. It won't be cheap, but it would restore your prestige and bring shame to those [feuding_patrician.GetOnlyDynastyName] dogs...;;;;;;;;;;;×òîáû îòîìñòèòü ìåðçêîé ñåìüå [From.GetOnlyDynastyName], Âû ìîæåòå ïðîâåñòè ñîáñòâåííûé áàë. Ïðèãëàøåíèÿ áóäóò ðàçîñëàíû âñåì çíàòíûì ñåìüÿì, êðîìå ñåìüè [From.GetOnlyDynastyName] ðàçóìååòñÿ.\nÅñëè ýòî ñðàáîòàåò, Âàø áàë áóäåò íàìíîãî ãðàíäèîçíåå ÷åì òîò, êîòîðûé ñîáðàë ýòîò ñó÷îê - [From.GetFirstName]. Äà, ýòî áóäåò íåä¸øåâî, íî âîññòàíîâèò Âàø ïðåñòèæ è îïîçîðèò èìÿ [From.GetOnlyDynastyName]...;;x
EVTDESC_REP_105;"The day of your grand ball has arrived and everyone of importance in [Root.MercRepCapital.GetName] is in your palace. Everyone but the [feuding_patrician.GetOnlyDynastyName] family. Your guards have strict orders not to permit anyone from their bloodline inside.\n\nIn one corner of the ballroom, a bearded gentleman who looks vaguely familiar is loudly and unfavorably comparing your ball with the [feuding_patrician.GetOnlyDynastyName] one. As you approach him to set him straight, you recognize something in his voice... could it be possible...? You rush forward and rip the thick beard from the man's face to reveal [feuding_patrician.GetTitledFirstName]! ""YOU!""\n\nAstonished, [feuding_patrician.GetFirstName] pushes you aside and makes a mad dash for the exit like a frightened rabbit while shoving several dancing guests to the floor.";;;;;;;;;;;"Â ýòîò äåíü ñî âñåõ êîíöîâ ãîðîäà [Root.MercRepCapital.GetName] çíàòíûå ëþäè ïðèáûëè ê Âàì íà áàë. Âñå, êðîìå ñåìüè [FromFrom.GetOnlyDynastyName]. Âàøà îõðàíà ïîëó÷èëà ñòðîãèé ïðèêàç - íå ïðîïóñêàòü íèêîãî èç èõ ðîäà.\nÂ îäíîì èç óãëîâ çàëà ñìóòíî çíàêîìûé Âàì áîðîäàòûé ìóæ÷èíà ãðîìêî è íåáëàïðèÿòíî ñðàâíèâàåò Âàø áàë ñ ïðîâîäèìûì ñåìü¸é [FromFrom.GetOnlyDynastyName]. Ïðèáëèçèâøèñü ê íåìó, ÷òîáû ïîñòàâèòü åãî íà ìåñòî, Âû óçíà¸òå ÷òî-òî â åãî ãîëîñå... íåóæåëè ýòî...? Áðîñèâøèñü âïåð¸ä è ñîðâàâ ñ íåãî ãóñòóþ áîðîäó, Âû óçíàåòå åãî - ýòî [FromFrom.GetTitledFirstName]! ""ÒÛ!""\nÂ èçóìëåíèè [FromFrom.GetFirstName] îòòàëêèâàåò Âàñ â ñòîðîíó, áðîñàÿñü ê âûõîäó, êàê èñïóãàííûé êðîëèê, ðàñïèõèâàÿ ïîïóòíî äðóãèõ ãîñòåé.";;x
EVTDESC_REP_151;Word has reached you that your mortal enemies, the [feuding_patrician.GetOnlyDynastyName] family, are planning the construction of a great galley the likes of which has never before been seen. It is to surpass even the bucentaur, the flagship of the Venetian Doge, in size and splendor. The hubris of [feuding_patrician.GetTitledFirstName] is without equal!\n\n[Root.job_spymaster.GetTitledFirstName], your [Root.GetSpymasterName], has put together a plan to make sure this atrocity never sails the seas. Men loyal to [Root.job_spymaster.GetHerHim] will infiltrate the [feuding_patrician.GetOnlyDynastyName] shipyard in [Root.MercRepCapital.GetName] posing as shipwrights. Once inside, they will add several subtle structural flaws to the galley that will hopefully escape detection until it sets out on its maiden voyage...;;;;;;;;;;;Âàì ñòàëî èçâåñòíî, ÷òî Âàøè çàêëÿòûå âðàãè, ñåìüÿ [From.GetOnlyDynastyName], ïëàíèðóþò ïîñòðîèòü íîâûé áîëüøîé êîðàáëü, ïîäîáíûõ êîòîðîìó åù¸ íèêòî íå âèäåë. Îí äîëæåí ïðåâçîéòè äàæå áóöåíòàâð, ôëàãìàí âåíåöèàíñêîãî Äîæà, â ðàçìåðå è áëåñêå. [From.GetTitledFirstName] âûñîêîìåðåí êàê íèêòî äðóãîé!\n[Root.job_spymaster.GetTitledFirstName], Âàø [Root.GetSpymasterName], ïðåäñòàâëÿåò Âàì ïëàí, ïîçâîëÿþùèé óáåäèòüñÿ, ÷òî ýòî ÷óäîâèùå íèêîãäà íå âûéäåò â ìîðå. Ëþäè, ëîÿëüíûå [Root.job_spymaster.GetHerHim] ïðîíèêíóò â âåðôü ñåìüè [From.GetOnlyDynastyName] â ãîðîäå [Root.MercRepCapital.GetName], âûäàâ ñåáÿ çà ñóäîìîíòàæíèêîâ. Îêàçàâøèñü âíóòðè, îíè âíåñóò íåñêîëüêî òîíêèõ ñòðóêòóðíûõ íåäîñòàòêîâ â êîðàáëü, êîòîðûå, ìû íàäååìñÿ, íå áóäóò îáíàðóæåíû, ïîêà îí íå áóäåò ñïóùåí íà âîäó...;;x
EVTDESC_REP_152;"[feuding_patrician.GetTitledFirstName] has decided to unveil the new [feuding_patrician.GetOnlyDynastyName] flagship today, at the annual Marriage of the Sea ceremony where the maritime dominance of Venice is celebrated. [feuding_patrician.GetFirstName] has invited [Root.RelHead.GetTitledFirstName] himself to oversee the ceremony from the great ship. As a long procession of ships sail through the city canals, the Pope drops one of his rings into the water and proclaims, ""We wed thee, sea, in the sign of..."" \n\nBefore he can finish the sentance, the galley lurches and begins to tip over! Both the Pope and [feuding_patrician.GetFirstName] are thrown overboard, but they are soon fished out of the water by some nearby gondoliers. The Supreme Pontiff of the Universal Church wrings out his drenched robes while launching a long tirade of profanity directed at [feuding_patrician.GetFirstName], who has turned red with embarassment.";;;;;;;;;;;"[FromFrom.GetTitledFirstName] ðåøèë[FromFrom.GetEndA] ïðåäñòàâèòü ñåãîäíÿ íîâûé ôëàãìàí äîìà [FromFrom.GetOnlyDynastyName], íà åæåãîäíîé öåðåìîíèè Îáðó÷åíèÿ ñ ìîðåì, îòìå÷àþùèì ìîðñêîå ãîñïîäñòâî Âåíåöèè. [Root.RelHead.GetTitledFirstName] áûë òàêæå ïðèãëàø¸í äëÿ íàáëþäåíèÿ çà öåðåìîíèåé ñ áîëüøîãî êîðàáëÿ. Ïîêà äëèííàÿ âåðåíèöà êîðàáëåé ïðîõîäèò ÷åðåç ãîðîä êàíàëîâ, [Root.RelHead.PrimaryTitle.GetName] áðîñàåò îäíî èç åãî êîëåö â âîäó è ïðîâîçãëàøàåò, ""Desponsamus te, mare, in signum..."" \nÏðåæäå, ÷åì îí óñïåâàåò çàêîí÷èòü ôðàçó, ãàëåðà êðåíèòñÿ è îïðîêèäûâàåòñÿ! Îáà - è [Root.RelHead.PrimaryTitle.GetName] è [FromFrom.GetFirstName] ïàäàþò çà áîðò, íî âñêîðå èõ äîñòàþò èç âîäû áëèæàéøèå ãîíäîëüåðû. [FromFrom.GetFirstName] êðàñíååò îò ñòûäà, âûñëóøèâàÿ, êàê Ãëàâà Âñåëåíñêîé Öåðêâè, îòæèìàÿ ñâîè îäåæäû, ïóñêàåò äëèííóþ òèðàäó íåíîðìàòèâíîé ëåêñèêè â åãî àäðåñ.";;x
EVTDESC_REP_153;"The [feuding_patrician.GetOnlyDynastyName] flagship has been completed, and nobles from all over [Root.MercRepCapital.GetName] have gathered at the docks to watch as the mighty vessel is put to sea. [feuding_patrician.GetTitledFirstName] is beaming with arrogant pride, especially when he spots you in the crowd. Before long, the sleek vessel slides into the water and hoists its sails who are adorned with the [feuding_patrician.GetOnlyDynastyName] family crest.\n\nSuddenly the great galley snaps in half with a terrible crack! The crowd gasps in stunned silence, but [feuding_patrician.GetFirstName] turns to face you immediately, his eyes glowing with fury. ""YOU! This was YOUR doing!"" he screams as spittle sails from his mouth. With a howl he attempts to hurl himself at you, but his struggling aides hold him back. ""I don't know how you did it, [Root.GetFirstName], but I swear you will pay for this! Do you hear me, [Root.GetFirstName]?! YOU WILL PAY!""";;;;;;;;;;;"Cåìüÿ [FromFrom.GetOnlyDynastyName] òîëüêî ÷òî çàêîí÷èëà ñòðîèòåëüñòâî ôëàãìàíà, è çíàòü ñî âñåõ êîíöîâ ãîðîäà ñîáðàëàñü íà ïðèñòàíè, ÷òîáû ïîñìîòðåòü, êàê ìîãó÷åå ñóäíî ñïóñòÿò íà âîäó. [FromFrom.GetTitledFirstName] ñèÿë â âûñîêîìåðíîé ãîðäîñòè, îñîáåííî êîãäà çàìåòèë Âàñ â òîëïå. ×åðåç íåêîòîðîå âðåìÿ êîðàáëü óæå ñêîëüçèë ïî âîäå, ãîðäî ïîäíÿâ ñâîè ïàðóñà, óêðàøåííûå ôàìèëüíûì ãåðáîì äîìà [FromFrom.GetOnlyDynastyName].\nÂíåçàïíî âåëèêàÿ ãàëåðà ðàñêîëîëàñü ïîïîëàì ñ æóòêèì òðåñêîì! Òîëïà âçäîõíóëà â îöåïåíåíèè, à [FromFrom.GetFirstName] ñðàçó ïîâåðíóëñÿ ê Âàì, åãî ãëàçà ñâåðêàëè ÿðîñòüþ. ""ÒÛ! Ýòî ÒÂÎÈÕ ðóê äåëî!"" çàêðè÷àë îí, áðûçãàÿ ñëþíîé. Ñ âîåì îí ïûòàëñÿ êèíóòüñÿ íà Âàñ, íî ïîìîùíèêè åãî óäåðæàëè. ""ß íå çíàþ, êàê òû ýòî ñäåëàë, [Root.GetFirstName], íî êëÿíóñü, òû çà ýòî çàïëàòèøü! Òû ñëûøèøü ìåíÿ, [Root.GetFirstName]?! ÒÛ ÏÎÏËÀÒÈØÜÑß!""";;x
EVTDESC_REP_154;"You are sitting on the deck of a [Root.GetOnlyDynastyName] galley, enjoying the cool sea air and the smell of saltwater when a large shadow suddenly blocks out the sun. A colossal galley, easily twice the size of your ship, sweeps past dangerously close and sends a large wave sweeping over the deck that knocks you off your feet. It's the new [feuding_patrician.GetOnlyDynastyName] flagship!\n\nAs you stand up, drenched from top to bottom, you hear cackling laughter from the deck of the other ship. [feuding_patrician.GetTitledFirstName] stands by the railing looking down at you with a smug grin on his face. ""Well, well, if it isn't [Root.GetTitledFirstName]! How are you doing down there? You should take better care when sailing in waters trafficked by larger vessels. I would hate for an accident to occur..."" You turn away from him to hide your scowl.";;;;;;;;;;;"Cèäÿ íà ïàëóáå ñâîåé ãàëåðû, Âû ìèðíî íàñëàæäàëèñü ìîðñêîé ïðîõëàäîé. È âäðóã áîëüøàÿ òåíü çàêðûëà ñîëíöå. Îãðîìíûé êîðàáëü, âäâîå êðóïíåå Âàøåãî, ïðîí¸ññÿ ïîáëèçîñòè, îáëèâ Âàñ ñ ãîëîâû äî íîã. Ó ñåìüè [FromFrom.GetOnlyDynastyName] íîâûé ôëàãìàí!\nÏîäíÿâøèñü íà íîãè, Âû óñëûøàëè êóäàõòàþùèé ñìåõ ñ ñîñåäíåé ïàëóáû. [FromFrom.GetTitledFirstName] íå ñêðûë ñàìîäîâîëüñòâà - ""Òàê-òàê, íåóæåëè ýòî [Root.GetTitledFirstName]! Êàê Âû òàì? Âàì ñëåäóåò áûòü ïîîñòîðîæíåå, ïëàâàÿ ñðåäè êðóïíûõ êîðàáëåé. ß íå õîòåë áû, ÷òîáû êòî-òî ïîñòðàäàë..."" Âû îòâåðíóëèñü, ÷òîáû ñêðûòü çëîé âçãëÿä.";;x
EVTDESC_REP_155;"Yet another public execution has been scheduled in [Root.MercRepCapital.GetName], and your attendance is required. Though these events normally bore you, this one catches your full attention when you realize that the convicted men about to be executed are the same men [Root.job_spymaster.GetTitledFirstName] sent to infiltrate the [feuding_patrician.GetOnlyDynastyName] shipyard. [feuding_patrician.GetTitledFirstName] joins the executioner and the convicts on their platform, and looks at you with a gloating smile.\n\n""My friends, take a long, hard look at these men,"" [feuding_patrician.GetFirstName] begins. ""They are enemies of the Republic and together they conspired to sabotage the construction of the new [feuding_patrician.GetOnlyDynastyName] flagship. Fortunately, they were caught in the act and it has been revealed that they were not acting alone..."" He gives you a long glance and you think you realize where this is going.";;;;;;;;;;;"[Root.MercRepCapital.GetName] îáúÿâëÿåò îá î÷åðåäíîé ïóáëè÷íîé êàçíè, íà êîòîðîé òðåáóåòñÿ Âàøå ïðèñóòñòâèå. Õîòÿ îáû÷íî ïîäîáíûå ñîáûòèÿ Âàñ óòîìëÿþò, â ýòîò ðàç Âàøå âíèìàíèå ïðèâëåê òîò ôàêò, ÷òî îñóæä¸ííûå íà êàçíü - ëþäè, êîòîðûõ Âàø øïèîí([Root.job_spymaster.GetTitledFirstName]) îòïðàâèë â âåðôü ñåìüè [FromFrom.GetOnlyDynastyName]. [FromFrom.GetTitledFirstName] ïîäõîäèò ê ïàëà÷ó è îñóæäåííûì è ñìîòðèò íà Âàñ ñ íåñêðûâàåìûì çëîðàäñòâîì.\n""Äðóçüÿ ìîè, ïîñìîòðèòå íà ýòèõ ìóæ÷èí âíèìàòåëüíî."" — íà÷èíàåò [FromFrom.GetFirstName]. ""Ýòî âðàãè ðåñïóáëèêè. Îíè âñòóïèëè â ñãîâîð ñ öåëüþ ñîðâàòü ñòðîèòåëüñòâî íîâîãî êîðàáëÿ äîìà [FromFrom.GetOnlyDynastyName]. Ê ñ÷àñòüþ, èõ ïîéìàëè íà ìåñòå ïðåñòóïëåíèÿ, è âûÿñíèëîñü, ÷òî äåéñòâîâàëè íå îäíè..."" Îí áðîñàåò äîëãèé âçãëÿä íà Âàñ, è, êàæåòñÿ, Âû ïîíèìàåòå ê ÷åìó ýòî âñ¸ èä¸ò.";;x
EVTDESC_REP_161;You wake in the middle of the night after a restless sleep, and decide to go for a stroll through the empty corridors of your palace. For some reason, you can't shake the feeling that something is amiss. Glancing through a window, you suddenly spot your laughing daughter on her balcony being serenaded by a secret lover below!\n\nTo your horror, you recognize the man as [romeo.GetTitledFirstName] of the despicable [romeo.GetOnlyDynastyName] family! You immediately grab the nearest crossbow and send several bolts after [romeo.GetFirstName] while screaming obscenities at him. The vile lecher quickly retreats and disappears into some bushes, while you hurry towards your crying daughter's room to scold her for bringing such shame to the [Root.GetOnlyDynastyName] name.;;;;;;;;;;;Ïðîñíóâøèñü ñðåäè íî÷è ïîñëå áåñïîêîéíîãî ñíà, Âû ðåøèëè ïîáðîäèòü ïî ïóñòûì êîðèäîðàì. Ïî êàêîé-òî ïðè÷èíå, Âû íå ìîæåòå èçáàâèòüñÿ îò îùóùåíèÿ, ÷òî ÷òî-òî íå òàê. Ïðîõîäÿ ìèìî îêíà, Âû âäðóã çàìåòèëè, êàê Âàøà äî÷ü ñìååòñÿ, ñëóøàÿ ñ áàëêîíà ñåðåíàäû å¸ òàéíîãî ëþáîâíèêà!\nÊ Âàøåìó óæàñó, Âû óçíàåòå åãî - ýòî [From.GetTitledFirstName] èç ïðåçðåííîé ñåìüè [From.GetOnlyDynastyName]! Íåìåäëåííî ñõâàòèâ ïîïàâøèéñÿ ïîä ðóêó àðáàëåò, Âû âûïóñêàåòå íåñêîëüêî ñòðåë â [From.GetHersHis] íàïðàâëåíèè, îñûïàÿ íåãîäÿÿ ìàòîì. Ìåðçêèé ðàçâðàòíèê áðîñàåòñÿ â êóñòû, à Âû áåæèòå â êîìíàòó ñâîåé äî÷åðè, ðóãàÿ å¸ çà ïîçîð, ïðè÷èí¸ííûé èìåíè [Root.GetOnlyDynastyName].;;x
EVTDESC_REP_163;You wake in the middle of the night after a restless sleep, and decide to go for a stroll through the empty corridors of your palace. For some reason, you can't shake the feeling that something is amiss. As you pass your son's room, you hear faint girlish laughter and other sounds of a carnal nature! You kick open the door to reveal your son in bed with a secret lover!\n\nTo your horror, you recognize the girl as [julia.GetTitledFirstName] of the despicable [julia.GetOnlyDynastyName] family! As you furiously scold your son for bringing such shame to the family, the girl leaps out of bed wearing only the bedsheets and runs away in tears. The sound of her bawling echoes throughout the palace corridors, and it is matched in volume only by your voice as you discipline your son.;;;;;;;;;;;Bû ïðîñíóëèñü ñðåäè íî÷è ïîñëå áåñïîêîéíîãî ñíà, è ðåøèëè ïðîãóëÿòüñÿ ïî ïóñòûì êîðèäîðàì. Ïî êàêîé-òî ïðè÷èíå, Âû íå ìîæåòå èçáàâèòüñÿ îò îùóùåíèÿ, ÷òî ÷òî-òî íå òàê. Ïðîõîäÿ ìèìî êîìíàòû Âàøåãî ñûíà, Âû ñëûøèòå ñëàáûé äåâè÷èé ñìåõ è äðóãèå ïëîòñêèå çâóêè. Âûáèâàÿ äâåðü íîãîé, Âû îáíàðóæèâàåòå ñâîåãî ñûíà ñ ïîñòåëè ñ ëþáîâíèöåé!\nÊ Âàøåìó óæàñó, äåâóøêîé îêàçàëàñü [From.GetTitledFirstName] èç ïðåçðåííîé ñåìüè [From.GetOnlyDynastyName]! Ïîêà Âû íåèñòîâî ðóãàåòå ñûíà çà ïîçîð, êîòîðûé îí ïðèí¸ñ â ñåìüþ, äåâóøêà, îáåðíóâøèñü îäíîé ïðîñòûí¸é, ñî ñëåçàìè âûáåãàåò ïðî÷ü.;;x
EVTDESC_REP_164;"You are eating supper when the doors to your palace's dining room suddenly fly open and [romeo.Father.GetTitledFirstName] storms inside, chased by your guards. ""Where is he?"" [romeo.Father.GetFirstName] demands, pounding his fist on the table. ""Damn it, [Root.GetFirstName]! Where is my son?!"" He slams a piece of paper on the table. ""I expressly forbade him from having anything to do with that harlot daughter of yours, but today I found this note!""\n\nHe reads with a somber voice: ""'Father, since you would deny me the love of my life and since...' etc, etc, '...my love and I have decided to end it all. Farewell.'"" With a gasp, you push the table aside and rush up the stairs towards your daughter's room with [romeo.Father.GetFirstName] on your heels. There, embracing each other on the floor, the two lovers lie dead next to an empty bottle of poison...";;;;;;;;;;;"Bû ìèðíî óæèíàëè, êîãäà âíåçàïíî [FromFrom.Father.GetTitledFirstName] âîðâàëñÿ â ñòîëîâóþ, ïðåñëåäóåìûé Âàøåé ñòðàæåé. ""Ãäå îí?"" — êðèêíóë [FromFrom.Father.GetFirstName], óäàðèâ êóëàêîì ïî ñòîëó. ""×¸ðò ïîáåðè, [Root.GetFirstName]! Ãäå ìîé ñûí?!"". ""ß ïðÿìî çàïðåòèë åìó èìåòü êàêèå-ëèáî îòíîøåíèÿ ñ ýòîé øëþõîé, òâîåé äî÷åðüþ, íî ñåãîäíÿ íàøåë åãî çàïèñêó!"" — îí äîñòàë ëèñò áóìàãè è áðîñèë åãî íà ñòîë.\nÌðà÷íûì ãîëîñîì îí íà÷àë ÷èòàòü: ""Îòåö, ïîñêîëüêó òû çàïðåòèë ìíå áûòü ñ ëþáîâüþ âñåé ìîåé æèçíè...'è ò.ä. è ò.ï.'... ìû ðåøèëè çàêîí÷èòü âñ¸ ýòî. Ïðîùàé."" Òÿæåëî âçäîõíóâ è îòîäâèíóâ ñòîë, Âû ïîáåæàëè ââåðõ ïî ëåñòíèöå ê êîìíàòå ñâîåé äî÷åðè. [FromFrom.Father.GetFirstName] ïîñëåäîâàë çà Âàìè. Òàì, îáíÿâ äðóã ñ äðóãà, äâîå ì¸ðòâûõ âëþáë¸ííûõ ëåæàëè íà ïîëó ðÿäîì ñ ïóñòîé áóòûëêîé ÿäà...";;x
EVTDESC_REP_165;"You are eating supper when the doors to your palace's dining room suddenly fly open and [julia.Father.GetTitledFirstName] storms inside, chased by your guards. ""Where is she?"" [julia.Father.GetFirstName] demands, pounding his fist on the table. ""Damn it, [Root.GetFirstName]! Where is my daughter?!"" He slams a piece of paper on the table. ""I expressly forbade her from having anything to do with that no-good son of yours, but today I found this note!""\n\nHe reads with a somber voice: ""'Father, since you would deny me the love of my life and since...' etc, etc, '...my love and I have decided to end it all. Farewell.'"" With a gasp, you push the table aside and rush up the stairs towards your son's room with [julia.Father.GetFirstName] on your heels. There, embracing each other on the floor, the two lovers lie dead next to an empty bottle of poison...";;;;;;;;;;;"Bû ìèðíî óæèíàëè, êîãäà âíåçàïíî [FromFrom.Father.GetTitledFirstName] âîðâàëñÿ â ñòîëîâóþ, ïðåñëåäóåìûé Âàøåé ñòðàæåé. ""Ãäå îíà?"" — êðèêíóë [FromFrom.Father.GetFirstName], óäàðèâ êóëàêîì ïî ñòîëó. ""×¸ðò ïîáåðè, [Root.GetFirstName]! Ãäå ìîÿ äî÷ü?!"". ""ß ïðÿìî çàïðåòèë åé èìåòü êàêèå-ëèáî îòíîøåíèÿ òâîèì íåãîäíûì ñûíîì, íî ñåãîäíÿ íàøåë å¸ çàïèñêó!"" — îí äîñòàë ëèñò áóìàãè è áðîñèë åãî íà ñòîë.\nÌðà÷íûì ãîëîñîì îí íà÷àë ÷èòàòü: ""Îòåö, ïîñêîëüêó òû çàïðåòèë ìíå áûòü ñ ëþáîâüþ âñåé ìîåé æèçíè...'è ò.ä. è ò.ï.'... ìû ðåøèëè çàêîí÷èòü âñ¸ ýòî. Ïðîùàé."" Òÿæåëî âçäîõíóâ è îòîäâèíóâ ñòîë, Âû ïîáåæàëè ââåðõ ïî ëåñòíèöå â êîìíàòó ñâîåãî ñûíà. [FromFrom.Father.GetFirstName] ïîñëåäîâàë çà Âàìè. Òàì, îáíÿâ äðóã ñ äðóãà, äâîå ì¸ðòâûõ âëþáë¸ííûõ ëåæàëè íà ïîëó ðÿäîì ñ ïóñòîé áóòûëêîé ÿäà...";;x
EVTDESC_REP_166;It is a day of joyous celebration! Despite the bitter rivalry between the [Root.GetOnlyDynastyName] and [rival_kid.GetOnlyDynastyName] families, love found a way to bridge that gap and bring a young couple together. You decided not to intervene, and it seems [rival_kid.Father.GetTitledFirstName] shared your sentiments and gave his blessings to the couple. Today they are joined in the sacred union of marriage.\n\nThis will hopefully be the start of a lasting peace between your families, and a new era of friendship. As the ceremony is completed and the festivities commence, you and [rival_kid.Father.GetFirstName] shake hands and share some wine together.;;;;;;;;;;;Â ýòîò òîðæåñòâåííûé äåíü, íåñìîòðÿ íà ðàçíîãëàñèÿ ìåæäó ñåìüÿìè [Root.GetOnlyDynastyName] è [FromFrom.GetOnlyDynastyName], ëþáîâü íàøëà ñïîñîá óñòðàíèòü ýòîò ðàçðûâ, ñâÿçàâ ìîëîäóþ ïàðó âìåñòå. Âû ðåøèëè íå âìåøèâàòüñÿ, è ïîõîæå, ÷òî [FromFrom.Father.GetTitledFirstName] ðàçäåëÿåò Âàøè ÷óâñòâà. Îí äàë ñâî¸ áëàãîñëîâåíèå. Ñåãîäíÿ îíè ñîåäèíÿþòñÿ ñâÿùåííûìè óçàìè áðàêà.\nÝòî ìîæåò ñòàòü õîðîøèì íà÷àëîì äëÿ ïðî÷íîãî ìèðà è äðóæáû ìåæäó äâóìÿ ñåìüÿìè. Ïîñëå öåðåìîíèè íà÷àëñÿ ïðàçäíèê, Âû è [FromFrom.Father.GetFirstName] ïîæèìàåòå äðóã äðóãó ðóêè è âûïèâàåòå çà çäîðîâüå ìîëîäûõ.;;x
EVTDESC_REP_168;The [Root.GetOnlyDynastyName] and the [rival_kid.GetOnlyDynastyName] families have come together on this day to mourn the recent loss of their two children. Yet amidst all the gloom there is a glimmer of hope for the future. You and [rival_kid.GetTitledFirstName] are meeting with all the ranking members of your two respective houses.\n\nTogether you have decided to finally end the bitter feud that has been raging longer than anyone can remember. It may be too late for your closest kin, but future generations of [Root.GetOnlyDynastyName] and [rival_kid.GetOnlyDynastyName] children will no longer grow up seeing each other as mortal enemies.;;;;;;;;;;;Cåìüè [Root.GetOnlyDynastyName] è [From.GetOnlyDynastyName] ñîáðàëèñü â ýòîò äåíü, ÷òîáû ïî÷òèòü ïàìÿòü äâóõ ñâîèõ äåòåé. Íî âñ¸ æå ñðåäè ìðàêà åñòü ïðîáëåñê íàäåæäû íà áóäóùåå. Âû è [From.GetTitledFirstName] âñòðåòèëèñü ñ óâàæàåìûìè ïðåäñòàâèòåëÿìè ñâîèõ ðîäîâ.\nÂìåñòå âû ðåøèëè ïðåêðàòèòü ãîðüêóþ âðàæäó, êîòîðàÿ ñëèøêîì äîëãî áóøåâàëà ìåæäó âàìè. Âîçìîæíî, óæå ñëèøêîì ïîçäíî äëÿ áëèæàéøèõ ðîäíûõ, íî áóäóùèå ïîêîëåíèÿ ñåìåé [Root.GetOnlyDynastyName] è [From.GetOnlyDynastyName] íå áóäóò ðàñòè, âèäÿ äðóã äðóãà çàêëÿòûìè âðàãàìè.;;x
EVTDESC_REP_182;You have long suspected that the dastardly [feuding_patrician.GetOnlyDynastyName] family are smuggling illegal goods into [Root.MercRepCapital.GetName], but now you have finally managed to confirm it through your sources. You have no proof, of course - [feuding_patrician.GetTitledFirstName] is too clever for that. As you contemplate your options in your study, your son [ambushing_son.GetFirstName] enters and presents a plan.\n\nHe has learned that a [feuding_patrician.GetOnlyDynastyName] smuggler is due to arrive in [Root.MercRepCapital.GetName] tomorrow night with a full hold. Together with some trusted men, he will lie in wait and seize the cargo as soon as the ship moors at the dock. The [feuding_patrician.GetOnlyDynastyName] smugglers won't know what hit them, and even if [feuding_patrician.GetFirstName] learns the truth, he won't be able to act against you without revealing the smuggling activities of his house. You could profit greatly by selling the smuggled goods...;;;;;;;;;;;Bû äàâíî ïîäîçðåâàëè ïîäëóþ ñåìüþ [FromFrom.GetOnlyDynastyName] â êîíòðàáàíäå òîâàðîâ â ãîðîäå [Root.MercRepCapital.GetName], íî òåïåðü Âàì óäàëîñü íàéòè ýòîìó ïîäòâåðæäåíèÿ îò íàäåæíûõ èñòî÷íèêîâ. Êîíå÷íî, äîêàçàòåëüñòâ ó Âàñ íåò, [FromFrom.GetTitledFirstName] íå òàê óæ ãëóï. Ïîêà Âû îáäóìûâàëè âàðèàíòû ó ñåáÿ â êàáèíåòå, Âàø ñûí [From.GetFirstName] âìåøàëñÿ è ïðåäëîæèë ñâîé ïëàí.\nÂû óçíàëè, ÷òî èõ êîíòðàáàíäèñò ïðèáóäåò â ãîðîä [Root.MercRepCapital.GetName] çàâòðà íî÷üþ ñ ïîëíûì òðþìîì. Ñ íàäåæíûìè ëþäüìè îí áóäåò æäàòü òàì è çàõâàòèò ãðóç, êàê òîëüêî ñóäíî ïðèøâàðòóåòñÿ. Êîíòðàáàíäèñòû íå áóäóò çíàòü, êòî èõ îáìàíóë, è äàæå åñëè [FromFrom.GetFirstName] óçíàåò ïðàâäó, òî íå ñìîæåò äåéñòâîâàòü ïðîòèâ Âàñ áåç òîãî, ÷òîáû ðàñêðûòü ãðÿçíûå äåëèøêè ñâîåãî äîìà. È òàê Âû ñìîæåòå íàâàðèòüñÿ íà ïðîäàæå ýòèõ òîâàðîâ...;;x
EVTDESC_REP_185;As night falls over the docks of [Root.MercRepCapital.GetName], the smugglers quietly slip into port with their galley. They leave their lanterns unlit and skillfully rely on the moonlight to guide them in.\n\nWithout warning, masked men wearing dark robes suddenly leap onboard as the ship moors at the dock. Daggers glint in the moonlight and arrows whistle through the air. Soon five dead smugglers are floating with their faces down in the murky water below the docks, and the galley and its cargo, now under the command of [ambushing_son.GetFirstName], slips away towards a [Root.GetOnlyDynastyName] port.;;;;;;;;;;;Kîãäà [Root.MercRepCapital.GetName] ïîãðóæàåòñÿ âî òüìó, êîíòðàáàíäèñòû òèõî ïðîïëûâàþò â ïîðò, óìåëî ïîëàãàÿñü íà ëóííûé ñâåò è íå çàæèãàÿ ñâîè ôîíàðè.\nÂíåçàïíî, ëþäè â ìàñêàõ è ò¸ìíûõ ïëàùàõ çàïðûãèâàþò ê íèì íà áîðò. Áëåñê êèíæàëîâ, ñâèñò ñòðåë, è ïÿòåðî ì¸ðòâûõ êîíòðàáàíäèñòîâ ïëàâàåò ëèöîì âíèç... Âîò òàê [From.GetFirstName] ïîòåðÿë ñâîé ãðóç. Òåïåðü òîâàð â ïîðòó ñåìüè [Root.GetOnlyDynastyName].;;x
EVTDESC_REP_186;"You are drawn to your balcony in the middle of the night by someone calling your name. A group of riders with torches are standing just outside the walls of your palace, and you recognize [feuding_patrician.GetTitledFirstName] among them. In front of them, with his hands tied behind his back, stands [ambushing_son.GetFirstName]. ""One of my ships had a visit from some of your men, [Root.GetFirstName],"" [feuding_patrician.GetFirstName] calls out. ""They have all been dealt with, but I want a little something for the effort I spent tracking down your whelp.""\n\nYour son pulls free from the riders, and shouts up at you: ""Don't do it, father! Don't trust these [feuding_patrician.GetOnlyDynastyName] bastards!"" [feuding_patrician.GetFirstName] knocks [ambushing_son.GetFirstName] to the ground with the pommel of his sword. ""Give me what I want, [Root.GetFirstName], and your boy will live. Otherwise..."" He levels his sword at your son's head.";;;;;;;;;;;"Cðåäè íî÷è Âû íàïðàâèëèñü ê áàëêîíó, óñëûøàâ, êàê êòî-òî çîâ¸ò Âàñ ïî èìåíè. Ãðóïïà âñàäíèêîâ ñ ôàêåëàìè îñòàíîâèëàñü âîçëå Âàøèõ ñòåí. Âû óçíàåòå îäíîãî èç íèõ. Ýòî [FromFrom.GetTitledFirstName]. Ïåðåä íèìè ñî ñâÿçàííûìè ðóêàìè ñòîèò Âàø ñûí [From.GetFirstName]. ""Âàøè ëþäè, [Root.GetFirstName], íàâåäàëèñü â îäèí èç ìîèõ êîðàáëåé!"", — âûêðèêèâàåò ïîõèòèòåëü. ""Ñ íèìè ÿ óæå ðàçîáðàëñÿ, íî õî÷ó êîå-÷òî åù¸ â íàãðàäó çà óñèëèÿ, êîòîðûå ïîòðàòèë, ðàçûñêèâàÿ Âàøåãî ùåíêà.""\nÂàø ñûí, ïûòàÿñü âûðâàòüñÿ, êðè÷èò Âàì: ""Íå äåëàé ýòîãî, îòåö, ñåìüÿ [FromFrom.GetOnlyDynastyName] - ïîäëûå óáëþäêè, íå âåðü èì!"". [FromFrom.GetFirstName] áü¸ò Âàøåãî ñûíà ðóêîÿòêîé îò ìå÷à. ""Äàé òî, ÷òî ìíå íóæíî, [Root.GetFirstName], è ýòîò ïàðåíü áóäåò æèòü. Èíà÷å..."". Îí çàíîñèò ñâîé ìå÷ íàä ãîëîâîé Âàøåãî ñûíà.";;x
EVTDESC_REP_191;The port in [Root.MercRepCapital.GetName] is particularly busy today, but you have decided to take a small trip on one of your family's galleys and have no intention of cancelling your plans. Your captain skillfully guides the ship through the jumble of merchant vessels and towards the open sea. \n\nYou have nearly left the harbor area when another galley flying [feuding_patrician.GetOnlyDynastyName] colors recklessly cuts in front of you! The two galleys collide with the sound of splintering wood, but with the exception of several broken oars, there doesn't seem to be any serious damage to either ship. From the deck of the [feuding_patrician.GetOnlyDynastyName] galley, [feuding_patrician.GetTitledFirstName] screams obscenities at you and accuses you of trying to ram his ship on purpose. He demands the right of way to leave the port before you.;;;;;;;;;;;[Root.MercRepCapital.County.GetAdjective]ñêèé ïîðò ïåðåãðóæåí ñåãîäíÿ, íî Âû ðåøèëè, íåñìîòðÿ íà ýòî, ñîâåðøèòü ïóòåøåñòâèå íà îäíîé èç ñåìåéíûõ ãàëåð, íå ñîáèðàÿñü ìåíÿòü ñâîè ïëàíû. Âàø êàïèòàí óìåëî íàïðàâëÿë ñóäíî, óâîäÿ åãî îò ñêîïëåíèÿ òîðãîâûõ êîðàáëåé â ñòîðîíó îòêðûòîãî ìîðÿ.\nÍî íå óñïåâ âûéòè çà ïðåäåëû ãàâàíè, Âû ñòîëêíóëèñü ñ ãàëåðîé, èäóùåé ïîä ôëàãîì ñåìüè [From.GetOnlyDynastyName]! Íåñìîòðÿ íà æóòêèé òðåñê äåðåâà, îáà êîðàáëÿ íå ïîëó÷èëè ïîâðåæäåíèé, çà èñêëþ÷åíèåì ïàðû ñëîìàííûõ â¸ñåë. Ñ ïàëóáû ñóäíà äîìà [From.GetOnlyDynastyName] [From.GetTitledFirstName] ïðèíÿëñÿ êðè÷àòü è ìàòåðèòü Âàñ, îáâèíÿÿ â ïîïûòêå åãî ïðîòàðàíèòü. Òåïåðü îí òðåáóåò ïðîïóñòèòü åãî âïåð¸ä.;;x
EVTDESC_REP_192;Your ship is readied for battle, and [feuding_patrician.GetTitledFirstName] immediately responds in kind. Bowmen take up position at the railing and hails of flaming arrows are soon exchanged between the ships. Nearby merchant vessels hurry to distance themselves from the duel, and as the furious battle continues both galleys drift out of the harbor and far out to sea.\n\nThe rigging of the [feuding_patrician.GetOnlyDynastyName] galley has caught fire, but you have little time to celebrate this victory as your own ship is taking on water. A savage boarding action unfolds as both crews fight to escape their equally doomed ships. When the smoke settles, both galleys have slipped beneath the waves and you and [feuding_patrician.GetFirstName] are desperately clutching to the same piece of flotsam, shouting insults at each other.;;;;;;;;;;;Âû ïðèãîòîâèëè ñâîé êîðàáëü ê áîþ, è [FromFrom.GetTitledFirstName] ïîñòóïèë[FromFrom.GetEndA] òî÷íî òàê æå. Ëó÷íèêè çàíÿëè ïîçèöèè ó áàðüåðà è ãðàä îãíåííûõ ñòðåë âñêîðå îáðóøèëñÿ îáåèõ ñòîðîí. Áëèæàéøèå òîðãîâûå ñóäà ïîñïåøèëè äèñòàíöèðîâàòüñÿ îò äóýëè, îáà êîðàáëÿ âûøëè èç áóõòû, è ÿðîñòíûé áîé ïðîäîëæèëñÿ â îòêðûòîì ìîðå.\nÊîðàáëü ñåìüè [FromFrom.GetOnlyDynastyName] îõâàòèë îãîíü, íî Âàì ðàíî ïðàçäíîâàòü ïîáåäó, Âàø êîðàáëü òàêæå çàãîðåëñÿ. Îáå êîìàíäû äèêî ìå÷óòñÿ ïî ïàëóáàì â ïîèñêàõ ñïàñåíèÿ. Êîãäà äûì ðàññåÿëñÿ, îáà êîðàáëÿ óæå ñêðûëèñü ïó÷èíå âîëí. Âû è [FromFrom.GetFirstName] îò÷àÿííî öåïëÿÿñü çà îáëîìêè, âûêðèêèâàëè äðóã äðóãó ïðîêëÿòüÿ.;;x
EVTDESC_REP_194;"You drift at sea for what seems like days, until you and [feuding_patrician.GetTitledFirstName] are finally picked up by a passing galley. Your relief at being rescued is shortlived, however, when the grinning captain announces to his crew: ""Looks like the spider just caught a couple of flies.""\n\nTo the sound of cracking whips and a steady drumbeat, you and [feuding_patrician.GetFirstName] are chained and put to work as oarsmen along with the other slaves on the pirate galley. The hours pass in a haze as you toil at the oars, and you are nearly at the point of passing out when [feuding_patrician.GetFirstName] shares his water ration with you. He receives a severe whipping for this, but as the guards are busy with him you notice that one of the links in your rusty chains looks ready to snap. The ship is passing close to shore, and you could probably make it...";;;;;;;;;;;"Âû íåñêîëüêî äíåé áåñöåëüíî ïëàâàëè â îòêðûòîì ìîðå, ïîêà [From.GetTitledFirstName] íàêîíåö íå çàìåòèë[From.GetEndA] ïðîïëûâàþùèé ìèìî êîðàáëü, êîòîðûé è ïîäîáðàë âàñ. Âàøà ðàäîñòü îêàçàëàñü íåäîëãîé, êîãäà êàïèòàí ñêàçàë ñâîåé êîìàíäå: ""Ïîõîæå, ìóõè ñàìè ïîïàëèñü â íàøè ñåòè"".\nÏîä çâóêè êíóòà è áàðàáàííîãî áîÿ, Âû è [From.GetFirstName], çàêîâàííûå â öåïè, îêàçàëèñü íà ïèðàòñêîé ãàëåðå â êà÷åñòâå ðàáîâ-ãðåáöîâ. Äíè ïðîøëè, êàê â òóìàíå, Âû óæå áûëè íà ãðàíè îáìîðîêà, íî âäðóã [From.GetFirstName] ðåøèë[From.GetEndA] îòäàòü Âàì ñâîþ âîäó, çà ÷òî òóò æå ïîëó÷èë[From.GetEndA] íåñêîëüêî óäàðîâ êíóòîì. Íî ïîêà íàäçèðàòåëü èçáèâàë [From.GetHersHis], Âû çàìåòèëè, ÷òî îäíî èç çâåíüåâ Âàøåé öåïè ïðîðæàâåëî. Êîðàáëü êàê ðàç ïîäîø¸ë áëèçêî ê áåðåãó, è âåðîÿòíî, Âû ñìîæåòå ñáåæàòü...";;x
EVTDESC_REP_195;"Using your chain, you strangle the guard whipping [feuding_patrician.GetFirstName] and break free. The rest of the slaves take this as a cue to lash out at any pirate within their reach, and the ensuing commotion gives you enough time to sever [feuding_patrician.GetFirstName]'s chains with the fallen guard's scimitar. Together you work to free the rest of the slaves, and soon a full mutiny has broken out.\n\nMany slaves are cut down, but there are enough of them to overwhelm the pirates and within moments only their injured captain is left alive. ""What now?"" you ask [feuding_patrician.GetFirstName] as you sail back towards [Root.MercRepCapital.GetName]. ""What now? Let me tell you what now,"" [feuding_patrician.GetFirstName] says. ""We're even now. The feud between our families is no more. We've been through too much together."" He offers you his hand in friendship...";;;;;;;;;;;"Ïîêà [From.GetFirstName] ïîëó÷àë[From.GetEndA] óäàðû êíóòîì îò ïèðàòà, Âû ïîäêðàëèñü ê ïèðàòó ñçàäè è çàäóøèëè åãî. Äðóãèå ðàáû âîñïðèíÿëè ýòî, êàê ñèãíàë è áðîñèëèñü íà ïèðàòîâ. Õàîñ, íà÷àâøèéñÿ íà íèæíèõ ïàëóáàõ, äàë Âàì äîñòàòî÷íî âðåìåíè, ÷òîáû ðàçðóáèòü öåïè Âàøåãî íàïàðíèêà ñàáëåé ïèðàòà. Âìåñòå âû îñâîáîäèëè îñòàëüíûõ ðàáîâ è âñêîðå ìÿòåæ ïåðåêèíóëñÿ íà âåðõíèå ïàëóáû.\nÌíîãèå ðàáû ïîãèáëè, íî òåõ, êòî âûæèë, îêàçàëîñü äîñòàòî÷íî, ÷òîáû ñîêðóøèòü ïèðàòîâ, è ÷åðåç íåñêîëüêî ìãíîâåíèé â æèâûõ îñòàëñÿ òîëüêî êàïèòàí ñóäíà. ""×òî òåïåðü?"" — ñïðîñèëè Âû ïî ìåðå âîçâðàùåíèÿ äîìîé. ""×òî òåïåðü? ß ñêàæó òåáå, ÷òî òåïåðü."" — ñêàçàë[From.GetEndA] [From.GetFirstName]. ""Òåïåðü ìû êâèòû. Âðàæäà îêîí÷åíà. Ìû ñëèøêîì ìíîãîå ïåðåæèëè âìåñòå."" Îí ïðîòÿíóë[From.GetEndA] Âàì ñâîþ ðóêó...";;x
EVTDESC_REP_201;These are hard times for the [Root.GetOnlyDynastyName] family. Your sworn enemies, the vile and untrustworthy [Liege.GetOnlyDynastyName] dynasty under the leadership of [Liege.GetTitledFirstName], have managed to secure rulership of the Republic using guile and treachery.\n\nAs the [Liege.GetTitle] is still dependant on the favor of the majority of the patrician families, [Liege.GetFirstName] is hesitant to take overt action against your family and its supporters. This hasn't stopped him, however, from using every other avenue at his disposal to tarnish the [Root.GetOnlyDynastyName] name.;;;;;;;;;;;Äëÿ ñåìüè [Root.GetOnlyDynastyName] íàñòàëè òÿæ¸ëûå âðåìåíà. Âàøè çàêëÿòûå âðàãè, ïîäëàÿ è ëæèâàÿ ñåìüÿ [From.GetOnlyDynastyName] è åå ãëàâà - [From.GetTitledFirstName], ñìîãëè îáåñïå÷èòü êîíòðîëü íàä ðåñïóáëèêîé êîâàðñòâîì è ïðåäàòåëüñòâîì.\nÏîñêîëüêó [From.GetTitle] âñ¸ åùå çàâèñèò îò ïîääåðæêè çíàòè, îí íå ñïåøèò ïðèíèìàòü ðåøèòåëüíûå äåéñòâèÿ ïðîòèâ Âàøåé ñåìüè è å¸ ñòîðîííèêîâ. Îäíàêî ýòî íå ïîìåøàëî åìó èñïîëüçîâàòü ëþáóþ âîçìîæíîñòü î÷åðíèòü èìÿ [Root.GetOnlyDynastyName].;;x
EVTDESC_REP_203;As [Root.GetTitle], you are in a unique position to act against the [feuding_patrician.GetOnlyDynastyName] family, your old enemies. Striking at them directly might draw the ire of the other patrician families, whose continued favor is necessary to cement your dynasty's rule over the Republic, however.\n\nThe [feuding_patrician.GetOnlyDynastyName]s still enjoy a lot of support in many quarters of [Root.MercRepCapital.GetName], but new, insidious ways of hurting them are open to you now with your current office. You have managed to tarnish their family's name and standing through an intensive lobby campaign.;;;;;;;;;;;Kàê [Root.GetTitle], Âû íàõîäèòåñü â óíèêàëüíîì ïîëîæåíèè, ïîçâîëÿþùåì äåéñòâîâàòü ïðîòèâ Âàøèõ ñòàðûõ âðàãîâ - ñåìüè [From.GetOnlyDynastyName]. Êàê áû òî íè áûëî, ïðÿìîé óäàð ïî íèì ìîæåò íàâëå÷ü ãíåâ äðóãèõ ñåìåé, ÷üÿ áëàãîñêëîííîñòü íåîáõîäèìà Âàì äëÿ çàêðåïëåíèÿ Âàøåé äèíàñòèè ó âëàñòè.\n[Root.MercRepCapital.GetName] ïî ïðåæíåìó îêàçûâàåò áîëüøóþ ïîääåðæêó äîìó [From.GetOnlyDynastyName] â áîëüøèíñòâå êâàðòàëîâ, íî Âàøà äîëæíîñòü äà¸ò Âàì íîâûå êîâàðíûå ñïîñîáû âîçäåéñòâèÿ. Âû ñóìåëè î÷åðíèòü èìÿ èõ ñåìüè ïðè ïîìîùè àêòèâíîé ïðîïàãàíäû.;;x
EVTDESC_REP_206;Supporters of your family have clashed with [feuding_patrician.GetOnlyDynastyName] hooligans on the streets of [Root.MercRepCapital.GetName]! What started as a bar-room brawl quickly turned into a riot when hundreds of sailors from the merchant fleets of both families joined in the destructive melee.\n\nNearly a dozen dead have so far been reported by the city guard, and several stores were looted during the commotion. The other patrician families are not amused by this disturbance of the peace.;;;;;;;;;;;Còîðîííèêè Âàøåé ñåìüè ñòîëêíóëèñü ñ áàíäîé [From.GetOnlyDynastyName] íà óëèöàõ ãîðîäà [Root.MercRepCapital.GetName]! Óëè÷íàÿ ññîðà áûñòðî ïåðåðîñëà â áóíò, êîãäà ñîòíè ìîðÿêîâ òîðãîâîãî ôëîòà ñ ñòîðîíû îáåèõ ñåìåé ââÿçàëèñü â äðàêó.\nÏî ñîîáùåíèÿì ãîðîäñêîé ñòðàæè íåñêîëüêî ëàâîê áûëè ðàçãðàáëåíû â ðåçóëüòàòå èíöèäåíòà è îêîëî äåñÿòêà ÷åëîâåê ïîãèáëî. Äðóãèå çíàòíûå ñåìüè ÿâíî íå â âîñòîðãå îò ïðîèçîøåäøåãî.;;x
EVTNAME_REP_101;The Great Ball;;;;;;;;;;;Båëèêèé áàë;;x
EVTNAME_REP_102;Arriving at the Ball...;;;;;;;;;;;Bèçèò íà áàë...;;x
EVTNAME_REP_104;The Even Greater Ball;;;;;;;;;;;Pîñêîøíûé Áàë;;x
EVTNAME_REP_105;The Day of the Ball;;;;;;;;;;;Tîðæåñòâåííûé äåíü;;x
EVTNAME_REP_151;The [feuding_patrician.GetOnlyDynastyName] Flagship;;;;;;;;;;;Båëèêèé ôëàãìàí ñåìüè [From.GetOnlyDynastyName];;x
EVTNAME_REP_152;The Marriage of the Sea;;;;;;;;;;;Oáðó÷åíèå ñ ìîðåì;;x
EVTNAME_REP_153;The Ship is Launched;;;;;;;;;;;Kîðàáëü ñïóùåí íà âîäó;;x
EVTNAME_REP_154;The Lion of the Sea;;;;;;;;;;;Mîðñêîé âîëê;;x
EVTNAME_REP_155;You Are Cordially Invited...;;;;;;;;;;;Cåðäå÷íî ïðèãëàøàåì Âàñ...;;x
EVTNAME_REP_161;A Nightly Visit;;;;;;;;;;;Hî÷íîé âèçèò;;x
EVTNAME_REP_164;Never Was a Story of More Woe...;;;;;;;;;;;Håò ïîâåñòè ïå÷àëüíåå íà ñâåòå...;;x
EVTNAME_REP_166;Wedding Bells;;;;;;;;;;;Câàäåáíûå êîëîêîëà;;x
EVTNAME_REP_168;Two Funerals and a Truce;;;;;;;;;;;Håò õóäà áåç äîáðà;;x
EVTNAME_REP_182;The Smugglers of [Root.MercRepCapital.GetName];;;;;;;;;;;Kîíòðàáàíäèñòû ãîðîäà [Root.MercRepCapital.GetName];;x
EVTNAME_REP_185;The Only Good Smuggler...;;;;;;;;;;;Xîðîøèé êîíòðàáàíäèñò - ...;;x
EVTNAME_REP_186;The Ultimate Sacrifice;;;;;;;;;;;Båëèêàÿ æåðòâà;;x
EVTNAME_REP_191;The Right of Way;;;;;;;;;;;Pàçðåøåíèå íà ïðîõîä;;x
EVTNAME_REP_192;Battle is Joined!;;;;;;;;;;;Bðåìÿ äëÿ áèòâû!;;x
EVTNAME_REP_194;Days of Toil and Hardship;;;;;;;;;;;Tÿæ¸ëûå äíè;;x
EVTNAME_REP_195;The Mutiny;;;;;;;;;;;Mÿòåæ;;x
EVTNAME_REP_201;The Wrath of the [merchant_republic_leader.GetTitle];;;;;;;;;;;Kîãäà [From.GetTitle] â ãíåâå;;x
EVTNAME_REP_206;Riots in [Root.MercRepCapital.GetName]!;;;;;;;;;;;Còîëèöà îõâà÷åíà áåñïîðÿäêàìè!;;x
EVTOPTA_REP_101;Ready my carriage!;;;;;;;;;;;Êàðåòó ìíå!;;x
EVTOPTA_REP_102;You will live to regret this, [feuding_patrician.GetFirstName]! Mark my words!;;;;;;;;;;;Òû ïîæàëååøü îá ýòîì, [FromFrom.GetFirstName]! Ïîìÿíè ìî¸ ñëîâî!;;x
EVTOPTA_REP_104;Make it happen! Spare no expense!;;;;;;;;;;;Ïóñòü ýòî ñëó÷èòñÿ! Íå æàëåéòå äåíåã!;;x
EVTOPTA_REP_105;Ha! Let him run.;;;;;;;;;;;Õà! Ïóñòü áåæèò!;;x
EVTOPTA_REP_151;Brilliant! Send in the men!;;;;;;;;;;;Áëåñòÿùå! Ïóñòü ïðèñòóïàþò!;;x
EVTOPTA_REP_152;Hahaha!;;;;;;;;;;;Õà-õà-õà!;;x
EVTOPTA_REP_154;Gggh... that insufferable...!;;;;;;;;;;;Ðððð... ýòî íåâûíîñèìî...!;;x
EVTOPTA_REP_155;Let's go to damage control...;;;;;;;;;;;Äàâàéòå ïðèñòóïèì ê ðåìîíòó...;;x
EVTOPTA_REP_161;You are not to see him again!;;;;;;;;;;;Òû áîëüøå åãî íå óâèäèøü!;;x
EVTOPTA_REP_163;You are not to see her again!;;;;;;;;;;;Òû íå áóäåøü ñ íåé áîëüøå âèäåòüñÿ!;;x
EVTOPTA_REP_164;This feud has cost us everything... it has to end.;;;;;;;;;;;Ýòà âðàæäà îòíÿëà ó íàñ âñ¸... îíà äîëæíà çàêîí÷èòüñÿ.;;x
EVTOPTA_REP_166;A toast to the continued prosperity of our two families!;;;;;;;;;;;Òàê ïîäíèìåì æå áîêàëû çà äàëüíåéøåå ïðîöâåòàíèå íàøèõ ñåìåé!;;x
EVTOPTA_REP_168;Let us never forget this day.;;;;;;;;;;;Ìû íèêîãäà íå çàáóäåì ýòîò äåíü.;;x
EVTOPTA_REP_182;An excellent plan, [From.GetFirstName]. I am proud of you.;;;;;;;;;;;Îòëè÷íûé ïëàí, [From.GetFirstName]. ß ãîðæóñü òîáîé.;;x
EVTOPTA_REP_185;Well done, my boy!;;;;;;;;;;;Îòëè÷íî ñðàáîòàíî, ìîé ìàëü÷èê!;;x
EVTOPTA_REP_186;I don't have that kind of money, damn you!;;;;;;;;;;;Ó ìåíÿ íåò òàêèõ äåíåã, áóäü òû ïðîêëÿò!;;x
EVTOPTA_REP_191;That does it. Ready the ship for battle!;;;;;;;;;;;Íó ïóñòü ïîïðîáóåò. Êîðàáëü ê áîþ!;;x
EVTOPTA_REP_192;I hope you're happy now!;;;;;;;;;;;Íàäåþñü, òåïåðü òû ñ÷àñòëèâ!;;x
EVTOPTA_REP_194;So long, fools!;;;;;;;;;;;Ïîêà, äóðà÷ü¸!;;x
EVTOPTA_REP_195;So be it, friend.;;;;;;;;;;;Äà áóäåò òàê, äðóã.;;x
EVTOPTA_REP_201;Some day, the boot will be on the other foot...;;;;;;;;;;;Íó íè÷åãî... Îäíàæäû âñ¸ èçìåíèòñÿ.;;x
EVTOPTA_REP_203;Heed the words of the [Root.GetTitle]!;;;;;;;;;;;[Root.GetTitle] ïëîõîãî íå ïîñîâåòóåò!;;x
EVTOPTA_REP_206;They started it!;;;;;;;;;;;Îíè íà÷àëè ýòî!;;x
EVTOPTB_REP_101;Oh well. What's a ball? I suppose it would be frightfully dull, and...;;;;;;;;;;;Íó è ëàäíî. Áàë? Ïîëàãàþ, ýòî áûëî áû óæàñíî ñêó÷íî...;;x
EVTOPTB_REP_104;I refuse to stoop to their childish level.;;;;;;;;;;;ß îòêàçûâàþñü îïóñêàòüñÿ äî ýòîãî ðåáÿ÷åñòâà.;;x
EVTOPTB_REP_151;This hare-brained scheme will never work.;;;;;;;;;;;Ýòà áðåäîâàÿ çàòåÿ íå ñðàáîòàåò.;;x
EVTOPTB_REP_161;Perhaps I acted in haste.... I will not stand in the way of true love.;;;;;;;;;;;Âîçìîæíî, ÿ ïîãîðÿ÷èëñÿ.... ß íå áóäó ñòîÿòü íà ïóòè èñòèííîé ëþáâè.;;x
EVTOPTB_REP_164;Y-you killed her! My sweet daughter!;;;;;;;;;;;Òû... òû óáèë å¸! Ìîþ ìèëóþ ïðåêðàñíóþ äåâî÷êó!;;x
EVTOPTB_REP_165;Y-you killed him! My poor boy!;;;;;;;;;;;Òû... òû óáèë åãî! Î, ìîé áåäíûé ìàëü÷èê!;;x
EVTOPTB_REP_182;No, it is too risky.;;;;;;;;;;;Íåò, ýòî ñëèøêîì ðèñêîâàííî.;;x
EVTOPTB_REP_186;You'll have your money! Just let [ambushing_son.GetFirstName] go!;;;;;;;;;;;Âîò òâîè äåíüãè! Òåïåðü îòïóñòè ìîåãî ñûíà!;;x
EVTOPTC_REP_186;Be proud, my son. Chin up. Show these dogs how a [Root.GetOnlyDynastyName] dies.;;;;;;;;;;;Âûøå íîñ, ñûíîê. Ïîêàæè ýòèì ñîáàêàì, êàê óìèðàåò [Root.GetOnlyDynastyName].;;x
EVTOPTB_REP_191;Oh, let that childish fool go first.;;;;;;;;;;;Äà ïóñòü âàëèò, ïðîïóñòèòå èäèîòà.;;x
EVTOPTB_REP_194;I can't leave without [feuding_patrician.GetFirstName]...;;;;;;;;;;;ß íå ìîãó ñáåæàòü áåç í[From.GetHersHim]...;;x
EVTOPTB_REP_195;After everything your family has done? Never!;;;;;;;;;;;Ïîñëå âñåãî òîãî, ÷òî òâîÿ ñåìüÿ ñäåëàëà? Íèêîãäà!;;x
EVTTOOLTIP_REP_102;You decide to grace the ball with your presence, invitation or not.;;;;;;;;;;;Âû ïîéä¸òå íà áàë, ñ ïðèãëàøåíèåì èëè áåç íåãî;;x
EVTTOOLTIP_REP_105;You make arrangements to hold a splendid ball.;;;;;;;;;;;Ïðèíÿòü ìåðû, ÷òîáû îðãàíèçîâàòü âåëèêîëåïíûé áàë;;x
EVTTOOLTIP_REP_500;Your petition is heard.;;;;;;;;;;;Âàøå ïðîøåíèå óñëûøàíî.;;x
EVTTOOLTIP_REP_502;You inform the Patrician that he will have to part with some of his Trade Posts.;;;;;;;;;;;Âû èíôîðìèðóåòå ïåðñîíàæà î òîì, ÷òî åìó ïðèäåòñÿ ðàññòàòüñÿ ñ íåêîòîðûìè èç ôàêòîðèé.;;x
EVTTOOLTIP_REP_503;You have no choice but to grant his request.;;;;;;;;;;;Ó Âàñ íåò âûáîðà, êðîìå êàê óäîâëåòâîðèòü [From.GetHersHis] ïðîñüáó.;;x
EVTTOOLTIP_REP_504;You inform the Patrician that his request has been granted.;;;;;;;;;;;Âû ïðîèíôîðìèðóåòå ïðîñÿùóþ ñòîðîíó îá óäîâëåòâîðåíèè çàïðîñà.;;x
EVTTOOLTIP_REP_508;You inform the Patrician that you did your best.;;;;;;;;;;;Âû ñîîáùèòå, ÷òî ñäåëàëè âñ¸ âîçìîæíîå.;;x
EVTTOOLTIP_REP_510;You present your demand for several Trade Posts.;;;;;;;;;;;Âû ïðåäñòàâèòå ñâîé çàïðîñ íà íåñêîëüêî òîðãîâûõ êîíòîð.;;x
EVTTOOLTIP_REP_512;With your high level of stewardship, you can easily prove that the Trade Posts will do far better under your continued rule.;;;;;;;;;;;Îáëàäàÿ âûñîêèì íàâûêîì óïðàâëåíèÿ, Âû ìîæåòå ëåãêî äîêàçàòü, ÷òî ôàêòîðèè áóäóò íàìíîãî ýôôåêòèâíåå, îñòàâàÿñü ïîä Âàøèì ðóêîâîäñòâîì;;x
EVTTOOLTIP_REP_513;You use your diplomatic skill to point out the folly of this request, and how it threatens the very foundation of the Republic.;;;;;;;;;;;Âû èñïîëüçóåòå ñâîè äèïëîìàòè÷åñêèå íàâûêè, ÷òîáû ïîêàçàòü ãëóïîñòü ýòîé ïðîñüáû, êîòîðàÿ ñòàâèò ïîä óãðîçó ñàìè îñíîâû ðåñïóáëèêè.;;x
EVTTOOLTIP_REP_514;With your skill at intrigue, you have already taken steps to ensure the continued loyalty of the men serving at these Trade Posts.;;;;;;;;;;;Ñ Âàøèì íàâûêîì èíòðèãè, Âû óæå ïðèíÿëè ìåðû ïî îáåñïå÷åíèþ ïðåäàííîñòè ëþäåé, ñëóæàùèõ â ýòèõ ôàêòîðèÿõ.;;x
