EVTDESC_TOG_500;You have decided to commission and raise a grand runestone for future generations to gaze upon. What should be carved into it?;;;;;;;;;;;Âû ðåøèëè çàêàçàòü è âîçâåñòè âåëèêèé ðóííûé êàìåíü, ÷òîáû áóäóùèå ïîêîëåíèÿ âçèðàëè íà íåãî ñ ïî÷òåíèåì. ×òî íà í¸ì äîëæíî áûòü âûðåçàíî?;;x
EVTDESC_TOG_501;The artisans who will carve and paint the runestone are asking for instructions. Which of your qualities should it speak of?;;;;;;;;;;;Ìàñòåðà, êîòîðûå ðàñïèñûâàþò è âûðåçàþò Ðóííûé Êàìåíü ïðîñÿò èíñòðóêöèé. Êàêîå èç Âàøèõ êà÷åñòâ äîëæíî èì ïîìî÷ü?;;x
EVTDESC_TOG_510;The runestone you commissioned has been finished and raised on the spot you chose for it. You examine the runes:\n\nThis stone was raised by [Root.GetFirstName] in memory of [Root.Father.GetFirstName], [Root.GetHerHis] father and [Root.Father.Father.GetFirstName]'s son. He lived a good life and died peacefully in bed. Ever will stand this memorial.\n\nYou leave the stone, content in the knowledge that many centuries from now, when its paint has long since faded, scholars will be studying these rune carvings in an effort to glean the wisdom of their words.;;;;;;;;;;;Çàêàçàííûé Âàìè Ðóííûé Êàìåíü áûë çàâåðø¸í è óñòàíîâëåí íà âûáðàííîå Âàìè ìåñòî. Âû ïðî÷èòàëè Ðóíû:\n[Root.GetFirstName] âîçäâèã[Root.GetNoneE] ýòîò êàìåíü â ïàìÿòü î ñâî¸ì îòöå. [Root.Father.GetFirstName] ïðîæèë õîðîøóþ æèçíü è ìèðíî óìåð â ïîñòåëè.\nÂû ïîêèíóëè êàìåíü, çíàÿ ÷òî ÷åðåç ìíîãî ñòîëåòèé, êîãäà êðàñêà íà í¸ì óæå èñòëååò, ìóäðåöû áóäóò èçó÷àòü ýòè âûðåçàííûå ðóíû, ÷òîáû ïî÷åðïíóòü îò íèõ ìóäðîñòü.;;x
EVTDESC_TOG_511;The runestone you commissioned has been finished and raised on the spot you chose for it. You examine the runes:\n\nThis stone was raised by [Root.GetFirstName] in memory of [Root.Father.GetFirstName], [Root.GetHerHis] father and [Root.Father.Father.GetFirstName]'s son. He died bravely in battle against his foes, axe firmly in hand. Ever will stand this memorial.\n\nYou leave the stone, content in the knowledge that many centuries from now, when its paint has long since faded, scholars will be studying these rune carvings in an effort to glean the wisdom of their words.;;;;;;;;;;;Çàêàçàííûé Âàìè Ðóííûé Êàìåíü áûë çàâåðø¸í è óñòàíîâëåí íà âûáðàííîå Âàìè ìåñòî. Âû ïðî÷èòàëè Ðóíû:\n[Root.GetFirstName] âîçäâèã[Root.GetNoneE] ýòîò êàìåíü â ïàìÿòü î ñâî¸ì îòöå. [Root.Father.GetFirstName] ïîãèá õðàáðî â ñðàæåíèè ïðîòèâ ñâîèõ âðàãîâ, êðåïêî äåðæà òîïîð â ðóêå.\nÂû ïîêèíóëè êàìåíü, çíàÿ ÷òî ÷åðåç ìíîãî ñòîëåòèé, êîãäà êðàñêà íà í¸ì óæå èñòëååò, ìóäðåöû áóäóò èçó÷àòü ýòè âûðåçàííûå ðóíû, ÷òîáû ïî÷åðïíóòü îò íèõ ìóäðîñòü.;;x
EVTDESC_TOG_512;The runestone you commissioned has been finished and raised on the spot you chose for it. You examine the runes:\n\nThis stone was raised by [Root.GetFirstName] in memory of [Root.Father.GetFirstName], [Root.GetHerHis] father and [Root.Father.Father.GetFirstName]'s son. He was unjustly denied a death in battle, and his life was instead taken by the cowardly hangman. Ever will stand this memorial.\n\nYou leave the stone, content in the knowledge that many centuries from now, when its paint has long since faded, scholars will be studying these rune carvings in an effort to glean the wisdom of their words.;;;;;;;;;;;Çàêàçàííûé Âàìè Ðóííûé Êàìåíü áûë çàâåðø¸í è óñòàíîâëåí íà âûáðàííîå Âàìè ìåñòî. Âû ïðî÷èòàëè Ðóíû:\n[Root.GetFirstName] âîçäâèã[Root.GetNoneE] ýòîò êàìåíü â ïàìÿòü î ñâî¸ì îòöå. [Root.Father.GetFirstName] ïîëó÷èë íåñïðàâåäëèâûé îòêàç â ñëàâíîé ñìåðòè â áîþ, è åãî æèçíü áûëà òðóñëèâî îòíÿòà ïàëà÷îì.\nÂû ïîêèíóëè êàìåíü, çíàÿ ÷òî ÷åðåç ìíîãî ñòîëåòèé, êîãäà êðàñêà íà í¸ì óæå èñòëååò, ìóäðåöû áóäóò èçó÷àòü ýòè âûðåçàííûå ðóíû, ÷òîáû ïî÷åðïíóòü îò íèõ ìóäðîñòü.;;x
EVTDESC_TOG_513;The runestone you commissioned has been finished and raised on the spot you chose for it. You examine the runes:\n\nThis stone was raised by [Root.GetFirstName] in memory of [Root.Father.GetFirstName], [Root.GetHerHis] father and [Root.Father.Father.GetFirstName]'s son. He was murdered in cold-blood by his jealous enemies. May his killer one day know justice. Ever will stand this memorial.\n\nYou leave the stone, content in the knowledge that many centuries from now, when its paint has long since faded, scholars will be studying these rune carvings in an effort to glean the wisdom of their words.;;;;;;;;;;;Çàêàçàííûé Âàìè Ðóííûé Êàìåíü áûë çàâåðø¸í è óñòàíîâëåí íà âûáðàííîå Âàìè ìåñòî. Âû ïðî÷èòàëè Ðóíû:\n[Root.GetFirstName] âîçäâèã[Root.GetNoneE] ýòîò êàìåíü â ïàìÿòü î ñâî¸ì îòöå. [Root.Father.GetFirstName] áûë õëàäíîêðîâíî óáèò çàâèñòëèâûìè âðàãàìè. Ïóñòü åãî óáèéöà îäíàæäû ïîçíàåò ïðàâîñóäèå.\nÂû ïîêèíóëè êàìåíü, çíàÿ ÷òî ÷åðåç ìíîãî ñòîëåòèé, êîãäà êðàñêà íà í¸ì óæå èñòëååò, ìóäðåöû áóäóò èçó÷àòü ýòè âûðåçàííûå ðóíû, ÷òîáû ïî÷åðïíóòü îò íèõ ìóäðîñòü.;;x
EVTDESC_TOG_515;The runestone you commissioned has been finished and raised on the spot you chose for it. You examine the runes:\n\nThis stone was raised by [Root.GetFirstName] in memory of [Root.Father.GetFirstName], [Root.GetHerHis] father and [Root.Father.Father.GetFirstName]'s son. He was taken from this world before his time had come in a tragic accident. Ever will stand this memorial.\n\nYou leave the stone, content in the knowledge that many centuries from now, when its paint has long since faded, scholars will be studying these rune carvings in an effort to glean the wisdom of their words.;;;;;;;;;;;Çàêàçàííûé Âàìè Ðóííûé Êàìåíü áûë çàâåðø¸í è óñòàíîâëåí íà âûáðàííîå Âàìè ìåñòî. Âû ïðî÷èòàëè Ðóíû:\n[Root.GetFirstName] âîçäâèã[Root.GetNoneE] ýòîò êàìåíü â ïàìÿòü î ñâî¸ì îòöå. [Root.Father.GetFirstName] ïîêèíóë ýòîò ìèð ïî òðàãè÷åñêîé ñëó÷àéíîñòè.\nÂû ïîêèíóëè êàìåíü, çíàÿ ÷òî ÷åðåç ìíîãî ñòîëåòèé, êîãäà êðàñêà íà í¸ì óæå èñòëååò, ìóäðåöû áóäóò èçó÷àòü ýòè âûðåçàííûå ðóíû, ÷òîáû ïî÷åðïíóòü îò íèõ ìóäðîñòü.;;x
EVTDESC_TOG_516;The runestone you commissioned has been finished and raised on the spot you chose for it. You examine the runes:\n\nThis stone was raised by [Root.GetFirstName] in memory of [Root.Father.GetFirstName], [Root.GetHerHis] father and [Root.Father.Father.GetFirstName]'s son. He perished while locked away in a dark dungeon, out of sight but not forgotten. Ever will stand this memorial.\n\nYou leave the stone, content in the knowledge that many centuries from now, when its paint has long since faded, scholars will be studying these rune carvings in an effort to glean the wisdom of their words.;;;;;;;;;;;Çàêàçàííûé Âàìè Ðóííûé Êàìåíü áûë çàâåðø¸í è óñòàíîâëåí íà âûáðàííîå Âàìè ìåñòî. Âû ïðî÷èòàëè Ðóíû:\n[Root.GetFirstName] âîçäâèã[Root.GetNoneE] ýòîò êàìåíü â ïàìÿòü î ñâî¸ì îòöå. [Root.Father.GetFirstName] ïîãèá çàòî÷åííûé â òåìíîì ïîäçåìåëüå, íåäîñÿãàåìûé äëÿ âçîðà, íî íå çàáûòûé.\nÂû ïîêèíóëè êàìåíü, çíàÿ ÷òî ÷åðåç ìíîãî ñòîëåòèé, êîãäà êðàñêà íà í¸ì óæå èñòëååò, ìóäðåöû áóäóò èçó÷àòü ýòè âûðåçàííûå ðóíû, ÷òîáû ïî÷åðïíóòü îò íèõ ìóäðîñòü.;;x
EVTDESC_TOG_517;The runestone you commissioned has been finished and raised on the spot you chose for it. You examine the runes:\n\nThis stone was raised by [Root.GetFirstName] in memory of [Root.Father.GetFirstName], [Root.GetHerHis] father and [Root.Father.Father.GetFirstName]'s son. He met his end in an effort to please the Old Gods. May they suffer his presence so that we do not have to. Ever will stand this memorial.\n\nYou leave the stone, content in the knowledge that many centuries from now, when its paint has long since faded, scholars will be studying these rune carvings in an effort to glean the wisdom of their words.;;;;;;;;;;;Çàêàçàííûé Âàìè Ðóííûé Êàìåíü áûë çàâåðø¸í è óñòàíîâëåí íà âûáðàííîå Âàìè ìåñòî. Âû ïðî÷èòàëè Ðóíû:\n[Root.GetFirstName] âîçäâèã[Root.GetNoneE] ýòîò êàìåíü â ïàìÿòü î ñâî¸ì îòöå. [Root.Father.GetFirstName] âñòðåòèë ñâîþ ñìåðòü, ïûòàÿñü óãîäèòü Ñòàðûì áîãàì. Òàê ïóñòü æå îíè ïîòåðïÿò åãî ïðèñóòñòâèå, òàê êàê ó íàñ óæå çàêîí÷èëîñü òåðïåíèå.\nÂû ïîêèíóëè êàìåíü, çíàÿ ÷òî ÷åðåç ìíîãî ñòîëåòèé, êîãäà êðàñêà íà í¸ì óæå èñòëååò, ìóäðåöû áóäóò èçó÷àòü ýòè âûðåçàííûå ðóíû, ÷òîáû ïî÷åðïíóòü îò íèõ ìóäðîñòü.;;x
EVTDESC_TOG_518;The runestone you commissioned has been finished and raised on the spot you chose for it. You examine the runes:\n\nThis stone was raised by [Root.GetFirstName] in memory of [Root.Father.GetFirstName], [Root.GetHerHis] father and [Root.Father.Father.GetFirstName]'s son. His untimely death came in an epic hólmganga that will long be remembered. Ever will stand this memorial.\n\nYou leave the stone, content in the knowledge that many centuries from now, when its paint has long since faded, scholars will be studying these rune carvings in an effort to glean the wisdom of their words.;;;;;;;;;;;Çàêàçàííûé Âàìè Ðóííûé Êàìåíü áûë çàâåðø¸í è óñòàíîâëåí íà âûáðàííîå Âàìè ìåñòî. Âû ïðî÷èòàëè Ðóíû:\n[Root.GetFirstName] âîçäâèã[Root.GetNoneE] ýòîò êàìåíü â ïàìÿòü î ñâî¸ì îòöå. [Root.Father.GetFirstName] áåçâðåìåííî ïîãèá íà õîëüìãàíãå â ãåðîè÷åñêîì áîþ, êîòîðûé áóäóò ïîìíèòü â âåêàõ.\nÂû ïîêèíóëè êàìåíü, çíàÿ ÷òî ÷åðåç ìíîãî ñòîëåòèé, êîãäà êðàñêà íà í¸ì óæå èñòëååò, ìóäðåöû áóäóò èçó÷àòü ýòè âûðåçàííûå ðóíû, ÷òîáû ïî÷åðïíóòü îò íèõ ìóäðîñòü.;;x
EVTDESC_TOG_519;The runestone you commissioned has been finished and raised on the spot you chose for it. You examine the runes:\n\nThis stone was raised by [Root.GetFirstName] in memory of [Root.Father.GetFirstName], [Root.GetHerHis] father and [Root.Father.Father.GetFirstName]'s son. The poor wretch died by his own hands. May he know in death the peace he never found in life. Ever will stand this memorial.\n\nYou leave the stone, content in the knowledge that many centuries from now, when its paint has long since faded, scholars will be studying these rune carvings in an effort to glean the wisdom of their words.;;;;;;;;;;;Çàêàçàííûé Âàìè Ðóííûé Êàìåíü áûë çàâåðø¸í è óñòàíîâëåí íà âûáðàííîå Âàìè ìåñòî. Âû ïðî÷èòàëè Ðóíû:\n[Root.GetFirstName] âîçäâèã[Root.GetNoneE] ýòîò êàìåíü â ïàìÿòü î ñâî¸ì îòöå. Áåäíÿãà [Root.Father.GetFirstName] íàëîæèë íà ñåáÿ ðóêè. Òàê ïóñòü æå îí ïîçíàåò â ñìåðòè ïîêîé, ÷åãî íå ñìîã ïîëó÷èòü îò æèçíè.\nÂû ïîêèíóëè êàìåíü, çíàÿ ÷òî ÷åðåç ìíîãî ñòîëåòèé, êîãäà êðàñêà íà í¸ì óæå èñòëååò, ìóäðåöû áóäóò èçó÷àòü ýòè âûðåçàííûå ðóíû, ÷òîáû ïî÷åðïíóòü îò íèõ ìóäðîñòü.;;x
EVTDESC_TOG_520;The runestone you commissioned has been finished and raised on the spot you chose for it. You examine the runes:\n\nThis stone was raised by [Root.GetFirstName] in memory of [Root.Father.GetFirstName], [Root.GetHerHis] father and [Root.Father.Father.GetFirstName]'s son. He lived a good life and died peacefully in bed. His death was not the result of foul-play, and [Root.GetFirstName] certainly had nothing to do with it. Ever will stand this memorial.\n\nYou leave the stone, content in the knowledge that many centuries from now, when its paint has long since faded, scholars will be studying these rune carvings in an effort to glean the wisdom of their words.;;;;;;;;;;;Çàêàçàííûé Âàìè Ðóííûé Êàìåíü áûë çàâåðø¸í è óñòàíîâëåí íà âûáðàííîå Âàìè ìåñòî. Âû ïðî÷èòàëè Ðóíû:\n[Root.GetFirstName] âîçäâèã[Root.GetNoneE] ýòîò êàìåíü â ïàìÿòü î ñâî¸ì îòöå. [Root.Father.GetFirstName] ïðîæèë õîðîøóþ æèçíü è ìèðíî óìåð â ïîñòåëè.  Åãî ñìåðòü, êîòîðàÿ íå ÿâëÿåòñÿ ðåçóëüòàòîì ïîäëîãî óáèéñòâà, è [Root.GetFirstName], êîíå÷íî, íå èìååò ê ýòîìó îòíîøåíèÿ.\nÂû ïîêèíóëè êàìåíü, çíàÿ ÷òî ÷åðåç ìíîãî ñòîëåòèé, êîãäà êðàñêà íà í¸ì óæå èñòëååò, ìóäðåöû áóäóò èçó÷àòü ýòè âûðåçàííûå ðóíû, ÷òîáû ïî÷åðïíóòü îò íèõ ìóäðîñòü.;;x
EVTDESC_TOG_521;The runestone you commissioned has been finished and raised on the spot you chose for it. You examine the runes:\n\nThis stone was raised by [Root.GetFirstName] in memory of [Root.Father.GetFirstName], [Root.GetHerHis] father and [Root.Father.Father.GetFirstName]'s son. He was a caring father and husband, and lived a good life. Ever will stand this memorial.\n\nYou leave the stone, content in the knowledge that many centuries from now, when its paint has long since faded, scholars will be studying these rune carvings in an effort to glean the wisdom of their words.;;;;;;;;;;;Çàêàçàííûé Âàìè Ðóííûé Êàìåíü áûë çàâåðø¸í è óñòàíîâëåí íà âûáðàííîå Âàìè ìåñòî. Âû ïðî÷èòàëè Ðóíû:\n[Root.GetFirstName] âîçäâèã[Root.GetNoneE] ýòîò êàìåíü â ïàìÿòü î ñâî¸ì îòöå. [Root.Father.GetFirstName] áûë çàáîòëèâûì îòöîì è ìóæåì, è ïðîæèë õîðîøóþ æèçíü.\nÂû ïîêèíóëè êàìåíü, çíàÿ ÷òî ÷åðåç ìíîãî ñòîëåòèé, êîãäà êðàñêà íà í¸ì óæå èñòëååò, ìóäðåöû áóäóò èçó÷àòü ýòè âûðåçàííûå ðóíû, ÷òîáû ïî÷åðïíóòü îò íèõ ìóäðîñòü.;;x
EVTDESC_TOG_530;The runestone you commissioned has been finished and raised on the spot you chose for it. You examine the runes:\n\nThis stone was raised by [Root.GetFirstName] in memory of [Root.Mother.GetFirstName], [Root.GetHerHis] mother and [Root.Mother.Mother.GetFirstName]'s daughter. She lived a good life and died peacefully in bed. Ever will stand this memorial.\n\nYou leave the stone, content in the knowledge that many centuries from now, when its paint has long since faded, scholars will be studying these rune carvings in an effort to glean the wisdom of their words.;;;;;;;;;;;Çàêàçàííûé Âàìè Ðóííûé Êàìåíü áûë çàâåðø¸í è óñòàíîâëåí íà âûáðàííîå Âàìè ìåñòî. Âû ïðî÷èòàëè Ðóíû:\n[Root.GetFirstName] âîçäâèã[Root.GetNoneE] ýòîò êàìåíü â ïàìÿòü î ñâîåé ìàòåðè. [Root.Mother.GetFirstName] ïðîæèëà õîðîøóþ æèçíü è ìèðíî óìåðëà â ïîñòåëè.\nÂû ïîêèíóëè êàìåíü, çíàÿ ÷òî ÷åðåç ìíîãî ñòîëåòèé, êîãäà êðàñêà íà í¸ì óæå èñòëååò, ìóäðåöû áóäóò èçó÷àòü ýòè âûðåçàííûå ðóíû, ÷òîáû ïî÷åðïíóòü îò íèõ ìóäðîñòü.;;x
EVTDESC_TOG_531;The runestone you commissioned has been finished and raised on the spot you chose for it. You examine the runes:\n\nThis stone was raised by [Root.GetFirstName] in memory of [Root.Mother.GetFirstName], [Root.GetHerHis] mother and [Root.Mother.Mother.GetFirstName]'s daughter. She was robbed of her life by the cowardly hangman for reasons too petty to mention. Ever will stand this memorial.\n\nYou leave the stone, content in the knowledge that many centuries from now, when its paint has long since faded, scholars will be studying these rune carvings in an effort to glean the wisdom of their words.;;;;;;;;;;;Çàêàçàííûé Âàìè Ðóííûé Êàìåíü áûë çàâåðø¸í è óñòàíîâëåí íà âûáðàííîå Âàìè ìåñòî. Âû ïðî÷èòàëè Ðóíû:\n[Root.GetFirstName] âîçäâèã[Root.GetNoneE] ýòîò êàìåíü â ïàìÿòü î ñâîåé ìàòåðè. [Root.Mother.GetFirstName] áûëà ëèøåíà æèçíè òðóñëèâûì ïàëà÷îì èç-çà íè÷òîæíûõ ïðè÷èí, íåäîñòîéíûõ óïîìèíàíèÿ.\nÂû ïîêèíóëè êàìåíü, çíàÿ ÷òî ÷åðåç ìíîãî ñòîëåòèé, êîãäà êðàñêà íà í¸ì óæå èñòëååò, ìóäðåöû áóäóò èçó÷àòü ýòè âûðåçàííûå ðóíû, ÷òîáû ïî÷åðïíóòü îò íèõ ìóäðîñòü.;;x
EVTDESC_TOG_532;The runestone you commissioned has been finished and raised on the spot you chose for it. You examine the runes:\n\nThis stone was raised by [Root.GetFirstName] in memory of [Root.Mother.GetFirstName], [Root.GetHerHis] mother and [Root.Mother.Mother.GetFirstName]'s daughter. She was murdered in cold-blood by her jealous enemies. May her killer one day know justice. Ever will stand this memorial.\n\nYou leave the stone, content in the knowledge that many centuries from now, when its paint has long since faded, scholars will be studying these rune carvings in an effort to glean the wisdom of their words.;;;;;;;;;;;Çàêàçàííûé Âàìè Ðóííûé Êàìåíü áûë çàâåðø¸í è óñòàíîâëåí íà âûáðàííîå Âàìè ìåñòî. Âû ïðî÷èòàëè Ðóíû:\n[Root.GetFirstName] âîçäâèã[Root.GetNoneE] ýòîò êàìåíü â ïàìÿòü î ñâîåé ìàòåðè. [Root.Mother.GetFirstName] áûëà õëàäíîêðîâíî óáèòà çàâèñòëèâûìè âðàãàìè. Ïóñòü åå óáèéöà îäíàæäû ïîçíàåò ïðàâîñóäèå. \n Âû ïîêèíóëè êàìåíü, çíàÿ ÷òî ÷åðåç ìíîãî ñòîëåòèé, êîãäà êðàñêà íà í¸ì óæå èñòëååò, ìóäðåöû áóäóò èçó÷àòü ýòè âûðåçàííûå ðóíû, ÷òîáû ïî÷åðïíóòü îò íèõ ìóäðîñòü.;;x
EVTDESC_TOG_534;The runestone you commissioned has been finished and raised on the spot you chose for it. You examine the runes:\n\nThis stone was raised by [Root.GetFirstName] in memory of [Root.Mother.GetFirstName], [Root.GetHerHis] mother and [Root.Mother.Mother.GetFirstName]'s daughter. She was taken from this world before her time had come in a tragic accident. Ever will stand this memorial.\n\nYou leave the stone, content in the knowledge that many centuries from now, when its paint has long since faded, scholars will be studying these rune carvings in an effort to glean the wisdom of their words.;;;;;;;;;;;Çàêàçàííûé Âàìè Ðóííûé Êàìåíü áûë çàâåðø¸í è óñòàíîâëåí íà âûáðàííîå Âàìè ìåñòî. Âû ïðî÷èòàëè Ðóíû:\n[Root.GetFirstName] âîçäâèã[Root.GetNoneE] ýòîò êàìåíü â ïàìÿòü î ñâîåé ìàòåðè. [Root.Mother.GetFirstName] ïîêèíóëà ýòîò ìèð ïî òðàãè÷åñêîé ñëó÷àéíîñòè.\nÂû ïîêèíóëè êàìåíü, çíàÿ ÷òî ÷åðåç ìíîãî ñòîëåòèé, êîãäà êðàñêà íà í¸ì óæå èñòëååò, ìóäðåöû áóäóò èçó÷àòü ýòè âûðåçàííûå ðóíû, ÷òîáû ïî÷åðïíóòü îò íèõ ìóäðîñòü.;;x
EVTDESC_TOG_535;The runestone you commissioned has been finished and raised on the spot you chose for it. You examine the runes:\n\nThis stone was raised by [Root.GetFirstName] in memory of [Root.Mother.GetFirstName], [Root.GetHerHis] mother and [Root.Mother.Mother.GetFirstName]'s daughter. She perished while locked away in a dark dungeon, out of sight but not forgotten. Ever will stand this memorial.\n\nYou leave the stone, content in the knowledge that many centuries from now, when its paint has long since faded, scholars will be studying these rune carvings in an effort to glean the wisdom of their words.;;;;;;;;;;;Çàêàçàííûé Âàìè Ðóííûé Êàìåíü áûë çàâåðø¸í è óñòàíîâëåí íà âûáðàííîå Âàìè ìåñòî. Âû ïðî÷èòàëè Ðóíû:\n[Root.GetFirstName] âîçäâèã[Root.GetNoneE] ýòîò êàìåíü â ïàìÿòü î ñâîåé ìàòåðè. [Root.Mother.GetFirstName] ïîãèáëà çàòî÷åííîé â òåìíîì ïîäçåìåëüå, íåäîñÿãàåìîé äëÿ âçîðà, íî íå çàáûòîé.\nÂû ïîêèíóëè êàìåíü, çíàÿ ÷òî ÷åðåç ìíîãî ñòîëåòèé, êîãäà êðàñêà íà í¸ì óæå èñòëååò, ìóäðåöû áóäóò èçó÷àòü ýòè âûðåçàííûå ðóíû, ÷òîáû ïî÷åðïíóòü îò íèõ ìóäðîñòü.;;x
EVTDESC_TOG_536;The runestone you commissioned has been finished and raised on the spot you chose for it. You examine the runes:\n\nThis stone was raised by [Root.GetFirstName] in memory of [Root.Mother.GetFirstName], [Root.GetHerHis] mother and [Root.Mother.Mother.GetFirstName]'s daughter. She met her end in an effort to please the Old Gods. May they suffer her presence so that we do not have to. Ever will stand this memorial.\n\nYou leave the stone, content in the knowledge that many centuries from now, when its paint has long since faded, scholars will be studying these rune carvings in an effort to glean the wisdom of their words.;;;;;;;;;;;Çàêàçàííûé Âàìè Ðóííûé Êàìåíü áûë çàâåðø¸í è óñòàíîâëåí íà âûáðàííîå Âàìè ìåñòî. Âû ïðî÷èòàëè Ðóíû:\n[Root.GetFirstName] âîçäâèã[Root.GetNoneE] ýòîò êàìåíü â ïàìÿòü î ñâîåé ìàòåðè. [Root.Mother.GetFirstName] âñòðåòèëà ñâîþ ñìåðòü, ïûòàÿñü óãîäèòü Ñòàðûì áîãàì. Òàê ïóñòü æå îíè ïîòåðïÿò å¸ ïðèñóòñòâèå, òàê êàê ó íàñ óæå çàêîí÷èëîñü òåðïåíèå.\nÂû ïîêèíóëè êàìåíü, çíàÿ ÷òî ÷åðåç ìíîãî ñòîëåòèé, êîãäà êðàñêà íà í¸ì óæå èñòëååò, ìóäðåöû áóäóò èçó÷àòü ýòè âûðåçàííûå ðóíû, ÷òîáû ïî÷åðïíóòü îò íèõ ìóäðîñòü.;;x
EVTDESC_TOG_537;The runestone you commissioned has been finished and raised on the spot you chose for it. You examine the runes:\n\nThis stone was raised by [Root.GetFirstName] in memory of [Root.Mother.GetFirstName], [Root.GetHerHis] mother and [Root.Mother.Mother.GetFirstName]'s daughter. The poor wretch died by her own hands. May she know in death the peace she never found in life. Ever will stand this memorial.\n\nYou leave the stone, content in the knowledge that many centuries from now, when its paint has long since faded, scholars will be studying these rune carvings in an effort to glean the wisdom of their words.;;;;;;;;;;;Çàêàçàííûé Âàìè Ðóííûé Êàìåíü áûë çàâåðø¸í è óñòàíîâëåí íà âûáðàííîå Âàìè ìåñòî. Âû ïðî÷èòàëè Ðóíû:\n[Root.GetFirstName] âîçäâèã[Root.GetNoneE] ýòîò êàìåíü â ïàìÿòü î ñâîåé ìàòåðè. Áåäíÿãà [Root.Mother.GetFirstName] íàëîæèëà íà ñåáÿ ðóêè. Òàê ïóñòü æå îíà ïîçíàåò â ñìåðòè ïîêîé, ÷åãî íå ñìîãëà ïîëó÷èòü îò æèçíè.\nÂû ïîêèíóëè êàìåíü, çíàÿ ÷òî ÷åðåç ìíîãî ñòîëåòèé, êîãäà êðàñêà íà í¸ì óæå èñòëååò, ìóäðåöû áóäóò èçó÷àòü ýòè âûðåçàííûå ðóíû, ÷òîáû ïî÷åðïíóòü îò íèõ ìóäðîñòü.;;x
EVTDESC_TOG_538;The runestone you commissioned has been finished and raised on the spot you chose for it. You examine the runes:\n\nThis stone was raised by [Root.GetFirstName] in memory of [Root.Mother.GetFirstName], [Root.GetHerHis] mother and [Root.Mother.Mother.GetFirstName]'s daughter. She lived a good life and died peacefully in bed. Her death was not the result of foul-play, and [Root.GetFirstName] certainly had nothing to do with it. Ever will stand this memorial.\n\nYou leave the stone, content in the knowledge that many centuries from now, when its paint has long since faded, scholars will be studying these rune carvings in an effort to glean the wisdom of their words.;;;;;;;;;;;Çàêàçàííûé Âàìè Ðóííûé Êàìåíü áûë çàâåðø¸í è óñòàíîâëåí íà âûáðàííîå Âàìè ìåñòî. Âû ïðî÷èòàëè Ðóíû:\n[Root.GetFirstName] âîçäâèã[Root.GetNoneE] ýòîò êàìåíü â ïàìÿòü î ñâîåé ìàòåðè. [Root.Mother.GetFirstName] ïðîæèëà õîðîøóþ æèçíü è ìèðíî óìåðëà â ïîñòåëè. Åå ñìåðòü, êîòîðàÿ íå ÿâëÿåòñÿ ðåçóëüòàòîì ïîäëîãî óáèéñòâà, è [Root.GetFirstName], êîíå÷íî, íå èìååò ê ýòîìó îòíîøåíèÿ.\nÂû ïîêèíóëè êàìåíü, çíàÿ ÷òî ÷åðåç ìíîãî ñòîëåòèé, êîãäà êðàñêà íà í¸ì óæå èñòëååò, ìóäðåöû áóäóò èçó÷àòü ýòè âûðåçàííûå ðóíû, ÷òîáû ïî÷åðïíóòü îò íèõ ìóäðîñòü.;;x
EVTDESC_TOG_539;The runestone you commissioned has been finished and raised on the spot you chose for it. You examine the runes:\n\nThis stone was raised by [Root.GetFirstName] in memory of [Root.Mother.GetFirstName], [Root.GetHerHis] mother and [Root.Mother.Mother.GetFirstName]'s daughter. She was a caring mother and wife, and lived a good life. Ever will stand this memorial.\n\nYou leave the stone, content in the knowledge that many centuries from now, when its paint has long since faded, scholars will be studying these rune carvings in an effort to glean the wisdom of their words.;;;;;;;;;;;Çàêàçàííûé Âàìè Ðóííûé Êàìåíü áûë çàâåðø¸í è óñòàíîâëåí íà âûáðàííîå Âàìè ìåñòî. Âû ïðî÷èòàëè Ðóíû:\n[Root.GetFirstName] âîçäâèã[Root.GetNoneE] ýòîò êàìåíü â ïàìÿòü î ñâîåé ìàòåðè. [Root.Mother.GetFirstName] áûëà çàáîòëèâîé ìàòåðüþ è æåíîé, è ïðîæèëà õîðîøóþ æèçíüþ.\nÂû ïîêèíóëè êàìåíü, çíàÿ ÷òî ÷åðåç ìíîãî ñòîëåòèé, êîãäà êðàñêà íà í¸ì óæå èñòëååò, ìóäðåöû áóäóò èçó÷àòü ýòè âûðåçàííûå ðóíû, ÷òîáû ïî÷åðïíóòü îò íèõ ìóäðîñòü.;;x
EVTDESC_TOG_550;The runestone you commissioned has been finished and raised on the spot you chose for it. You examine the runes:\n\n[Root.GetFirstName], [Root.GetSonDaughter] of [Root.Father.GetFirstName] and [Root.Mother.GetFirstName], had this stone raised in [Root.GetHerHis] own memory while [Root.GetSheHe] lived. May [Root.GetSheHe] be remembered with joy and happiness.\n\nYou leave the stone, content in the knowledge that many centuries from now, when its paint has long since faded, scholars will be studying these rune carvings in an effort to glean the wisdom of their words.;;;;;;;;;;;"Çàêàçàííûé Âàìè Ðóííûé Êàìåíü áûë çàâåðø¸í è óñòàíîâëåí íà âûáðàííîå Âàìè ìåñòî. Âû ïðî÷èòàëè Ðóíû:\n[Root.GetFirstName], [Root.GetSonDaughter] ñîþçà ""[Root.Father.GetFirstName] è [Root.Mother.GetFirstName]"", âîçäâèãàÿ ýòîò êàìåíü, ñäåëàë[Root.GetEndA] ýòî â ñâîþ ÷åñòü, êîãäà ñåðäöå åù¸ áèëîñü â [Root.GetHersHis] ãðóäè. Ïóñòü æå [Root.GetSheHe] çàïîìíèòñÿ âñåì ðàäîñòí[Root.GetOyYm] è ñ÷àñòëèâ[Root.GetOyYm].\nÂû ïîêèíóëè êàìåíü, çíàÿ ÷òî ÷åðåç ìíîãî ñòîëåòèé, êîãäà êðàñêà íà í¸ì óæå èñòëååò, ìóäðåöû áóäóò èçó÷àòü ýòè âûðåçàííûå ðóíû, ÷òîáû ïî÷åðïíóòü îò íèõ ìóäðîñòü.";;x
EVTDESC_TOG_550B;The runestone you commissioned has been finished and raised on the spot you chose for it. You examine the runes:\n\n[Root.GetFirstName], [Root.GetSonDaughter] of the wild, had this stone raised in [Root.GetHerHis] own memory while [Root.GetSheHe] lived. May [Root.GetSheHe] be remembered with joy and happiness.\n\nYou leave the stone, content in the knowledge that many centuries from now, when its paint has long since faded, scholars will be studying these rune carvings in an effort to glean the wisdom of their words.;;;;;;;;;;;Çàêàçàííûé Âàìè Ðóííûé Êàìåíü áûë çàâåðøåí è óñòàíîâëåí íà âûáðàííîå Âàìè ìåñòî. Âû ïðî÷èòàëè Ðóíû:\n[Root.GetFirstName], [Root.GetSonDaughter] äèêîé ïðèðîäû, âîçäâèã[Root.GetNoneE] ýòîò êàìåíü â ïàìÿòü î ñåáå è ñâîåé ñ÷àñòëèâîé æèçíè ïîëíîé óäîâîëüñòâèÿ.\nÂû ïîêèíóëè êàìåíü, çíàÿ ÷òî ÷åðåç ìíîãî ñòîëåòèé, êîãäà êðàñêà íà í¸ì óæå èñòëååò, ìóäðåöû áóäóò èçó÷àòü ýòè âûðåçàííûå ðóíû, ÷òîáû ïî÷åðïíóòü îò íèõ ìóäðîñòü.;;x
EVTDESC_TOG_551;The runestone you commissioned has been finished and raised on the spot you chose for it. You examine the runes:\n\n[Root.GetFirstName], proud [Root.GetSonDaughter] of a holy union between Odin, a wild mare and three forest gnomes, paid Óleifr handsomely to carve these runes. With [Root.GetHerHis] flying longship and its crew of twelve singing rabbits, [Root.GetFirstName] earned [Root.GetHerHis] fame by sailing across the Norse lands solving crime. May the Shining Tentacle preserve us all.\n\nYou leave the stone, content in the knowledge that many centuries from now, when its paint has long since faded, scholars will be studying these rune carvings in an effort to glean the wisdom of their words.;;;;;;;;;;;Çàêàçàííûé Âàìè Ðóííûé Êàìåíü áûë çàâåðø¸í è óñòàíîâëåí íà âûáðàííîå Âàìè ìåñòî. Âû ïðî÷èòàëè Ðóíû:\n[Root.GetFirstName], [Root.GetSonDaughter] ñâÿùåííîãî ñîþçà ñ Îäèíîì, äèêîé êîáûëèöåé è òðåìÿ ëåñíûìè ãíîìàìè, ùåäðî ïëàòèò Ëåéôðó ÷òî áû òîò âûðåçàë ýòè ðóíû. Ñî ñâîèì äðàêêàðîì è êîìàíäîé èç äâåíàäöàòè ïîþùèõ êðîëèêîâ, [Root.GetFirstName] îáðåë[Root.GetEndA] ñëàâó, ïóòåøåñòâóÿ ïî ñêàíäèíàâñêèì çåìëÿì, ñîâåðøàÿ ïðàâîñóäèå. Ïóñòü ýòî Ñèÿþùåå Ùóïàëüöå ñîõðàíèò íàñ âñåõ.\nÂû ïîêèíóëè êàìåíü, çíàÿ ÷òî ÷åðåç ìíîãî ñòîëåòèé, êîãäà êðàñêà íà í¸ì óæå èñòëååò, ìóäðåöû áóäóò èçó÷àòü ýòè âûðåçàííûå ðóíû, ÷òîáû ïî÷åðïíóòü îò íèõ ìóäðîñòü.;;x
EVTDESC_TOG_552;The runestone you commissioned has been finished and raised on the spot you chose for it. You examine the runes:\n\n[Root.GetFirstName], [Root.GetSonDaughter] of [Root.Father.GetFirstName] and [Root.Mother.GetFirstName], had this stone raised in memory of [Root.GetHerselfHimself] in his own lifetime. Let it be said that [Root.GetHerHis] love for mead and spirits was second to none.\n\nYou leave the stone, content in the knowledge that many centuries from now, when its paint has long since faded, scholars will be studying these rune carvings in an effort to glean the wisdom of their words.;;;;;;;;;;;"Çàêàçàííûé Âàìè Ðóííûé Êàìåíü áûë çàâåðø¸í è óñòàíîâëåí íà âûáðàííîå Âàìè ìåñòî. Âû ïðî÷èòàëè Ðóíû:\n[Root.GetFirstName], [Root.GetSonDaughter] ñîþçà ""[Root.Father.GetFirstName] è [Root.Mother.GetFirstName]"", âîçäâèã[Root.GetNoneE] ýòîò êàìåíü â ïàìÿòü î ñåáå, êîãäà ñåðäöå åù¸ áèëîñü â [Root.GetHersHis] ãðóäè. Ïóñòü ýòîò êàìåíü ðàññêàæåò î [Root.GetHersHis] íåïðåâçîéä¸ííîé ëþáâè ê ìåäîâóõå è õìåëüíûì çåëüÿì.\nÂû ïîêèíóëè êàìåíü, çíàÿ ÷òî ÷åðåç ìíîãî ñòîëåòèé, êîãäà êðàñêà íà í¸ì óæå èñòëååò, ìóäðåöû áóäóò èçó÷àòü ýòè âûðåçàííûå ðóíû, ÷òîáû ïî÷åðïíóòü îò íèõ ìóäðîñòü.";;x
EVTDESC_TOG_552B;The runestone you commissioned has been finished and raised on the spot you chose for it. You examine the runes:\n\n[Root.GetFirstName], [Root.GetSonDaughter] of the wild, had this stone raised in memory of [Root.GetHerselfHimself] in his own lifetime. Let it be said that [Root.GetHerHis] love for mead and spirits was second to none.\n\nYou leave the stone, content in the knowledge that many centuries from now, when its paint has long since faded, scholars will be studying these rune carvings in an effort to glean the wisdom of their words.;;;;;;;;;;;Çàêàçàííûé Âàìè Ðóííûé Êàìåíü áûë çàâåðøåí è óñòàíîâëåí íà âûáðàííîå Âàìè ìåñòî. Âû ïðî÷èòàëè Ðóíû:\n[Root.GetFirstName], [Root.GetSonDaughter] äèêîé ïðèðîäû, âîçäâèã[Root.GetNoneE] ýòîò êàìåíü â ïàìÿòü î ñåáå è ñâîåé æèçíè. Ïóñòü ýòîò êàìåíü ðàññêàæåò î [Root.GetHersHis] íåïðåâçîéä¸ííîé ëþáâè ê ìåäîâóõå è õìåëüíûì çåëüÿì.\nÂû ïîêèíóëè êàìåíü, çíàÿ ÷òî ÷åðåç ìíîãî ñòîëåòèé, êîãäà êðàñêà íà í¸ì óæå èñòëååò, ìóäðåöû áóäóò èçó÷àòü ýòè âûðåçàííûå ðóíû, ÷òîáû ïî÷åðïíóòü îò íèõ ìóäðîñòü.;;x
EVTDESC_TOG_553;The runestone you commissioned has been finished and raised on the spot you chose for it. You examine the runes:\n\n[Root.GetFirstName], the [Root.GetSonDaughter] of [Root.Father.GetFirstName], ordered this stone raised during [Root.GetHerHis] own lifetime. It is true that [Root.GetHerHis] beauty and fair features were without equal in all the lands settled by men. Alfr carved, Einarr painted.\n\nYou leave the stone, content in the knowledge that many centuries from now, when its paint has long since faded, scholars will be studying these rune carvings in an effort to glean the wisdom of their words.;;;;;;;;;;;Çàêàçàííûé Âàìè Ðóííûé Êàìåíü áûë çàâåðø¸í è óñòàíîâëåí íà âûáðàííîå Âàìè ìåñòî. Âû ïðî÷èòàëè Ðóíû:\n[Root.GetFirstName], çàêàçàë[Root.GetEndA] ïîñòðîéêó ýòîãî êàìíÿ ïðè ñâîåé æèçíè. Èñòèíó ìîëâÿò, ÷òî [Root.GetHersHis] êðàñîòà è îáàÿíèå íå çíàëè ñåáå ðàâíûõ â çàñåëåííûõ ëþäüìè çåìëÿõ. Àëüâð âûðåçàë, Ýéíàð ðàñêðàñèë.\nÂû ïîêèíóëè êàìåíü, çíàÿ ÷òî ÷åðåç ìíîãî ñòîëåòèé, êîãäà êðàñêà íà í¸ì óæå èñòëååò, ìóäðåöû áóäóò èçó÷àòü ýòè âûðåçàííûå ðóíû, ÷òîáû ïî÷åðïíóòü îò íèõ ìóäðîñòü.;;x
EVTDESC_TOG_553B;The runestone you commissioned has been finished and raised on the spot you chose for it. You examine the runes:\n\n[Root.GetFirstName], [Root.GetSonDaughter] of the wild, ordered this stone raised during [Root.GetHerHis] own lifetime. It is true that [Root.GetHerHis] beauty and fair features were without equal in all the lands settled by men. Alfr carved, Einarr painted.\n\nYou leave the stone, content in the knowledge that many centuries from now, when its paint has long since faded, scholars will be studying these rune carvings in an effort to glean the wisdom of their words.;;;;;;;;;;;Çàêàçàííûé Âàìè Ðóííûé Êàìåíü áûë çàâåðøåí è óñòàíîâëåí íà âûáðàííîå Âàìè ìåñòî. Âû ïðî÷èòàëè Ðóíû:\n[Root.GetFirstName], [Root.GetSonDaughter] äèêîé ïðèðîäû, çàêàçàë[Root.GetEndA] ïîñòðîéêó ýòîãî êàìíÿ ïðè ñâîåé æèçíè. Èñòèíó ìîëâÿò, ÷òî [Root.GetHersHis] êðàñîòà è îáàÿíèå íå çíàëè ñåáå ðàâíûõ â çàñåëåííûõ ëþäüìè çåìëÿõ. Àëüâð âûðåçàë, Ýéíàð ðàñêðàñèë.\nÂû ïîêèíóëè êàìåíü, çíàÿ ÷òî ÷åðåç ìíîãî ñòîëåòèé, êîãäà êðàñêà íà í¸ì óæå èñòëååò, ìóäðåöû áóäóò èçó÷àòü ýòè âûðåçàííûå ðóíû, ÷òîáû ïî÷åðïíóòü îò íèõ ìóäðîñòü.;;x
EVTDESC_TOG_554;The runestone you commissioned has been finished and raised on the spot you chose for it. You examine the runes:\n\n[Root.GetFirstName], [Root.GetSonDaughter] of [Root.Father.GetFirstName] and [Root.Mother.GetFirstName], had this stone carved in [Root.GetHerHis] own memory. Though [Root.GetSheHe] was slight of size, [Root.GetFirstName] had the will of a giant. Oddr carved this memorial while [Root.GetSheHe] lived.\n\nYou leave the stone, content in the knowledge that many centuries from now, when its paint has long since faded, scholars will be studying these rune carvings in an effort to glean the wisdom of their words.;;;;;;;;;;;"Çàêàçàííûé Âàìè Ðóííûé Êàìåíü áûë çàâåðø¸í è óñòàíîâëåí íà âûáðàííîå Âàìè ìåñòî. Âû ïðî÷èòàëè Ðóíû:\n[Root.GetFirstName], [Root.GetSonDaughter] ñîþçà ""[Root.Father.GetFirstName] è [Root.Mother.GetFirstName]"", âûðåçàë[Root.GetEndA] ýòîò êàìåíü â ñâîþ ÷åñòü. Íåñìîòðÿ íà íåáîëüøîé ðîñò, [Root.GetSheHe] îáëàäàë[Root.GetEndA] âîëåé ãèãàíòà. Îääð âûðåçàë ýòîò ïàìÿòíèê ïîêà ñåðäöå åù¸ áèëîñü â [Root.GetHersHis] ãðóäè.\nÂû ïîêèíóëè êàìåíü, çíàÿ ÷òî ÷åðåç ìíîãî ñòîëåòèé, êîãäà êðàñêà íà í¸ì óæå èñòëååò, ìóäðåöû áóäóò èçó÷àòü ýòè âûðåçàííûå ðóíû, ÷òîáû ïî÷åðïíóòü îò íèõ ìóäðîñòü.";;x
EVTDESC_TOG_554B;The runestone you commissioned has been finished and raised on the spot you chose for it. You examine the runes:\n\n[Root.GetFirstName], [Root.GetSonDaughter] of the wild, had this stone carved in [Root.GetHerHis] own memory. Though [Root.GetSheHe] was slight of size, [Root.GetFirstName] had the will of a giant. Oddr carved this memorial while [Root.GetSheHe] lived.\n\nYou leave the stone, content in the knowledge that many centuries from now, when its paint has long since faded, scholars will be studying these rune carvings in an effort to glean the wisdom of their words.;;;;;;;;;;;Çàêàçàííûé Âàìè Ðóííûé Êàìåíü áûë çàâåðøåí è óñòàíîâëåí íà âûáðàííîå Âàìè ìåñòî. Âû ïðî÷èòàëè Ðóíû:\n[Root.GetFirstName], [Root.GetSonDaughter] äèêîé ïðèðîäû, âûðåçàë[Root.GetEndA] ýòîò êàìåíü â ñâîþ ÷åñòü. Íåñìîòðÿ íà íåáîëüøîé ðîñò, [Root.GetSheHe] îáëàäàë[Root.GetEndA] âîëåé ãèãàíòà. Îääð âûðåçàë ýòîò ïàìÿòíèê ïîêà [Root.GetHersHis] ñåðäöå åù¸ áèëîñü â ãðóäè.\nÂû ïîêèíóëè êàìåíü, çíàÿ ÷òî ÷åðåç ìíîãî ñòîëåòèé, êîãäà êðàñêà íà í¸ì óæå èñòëååò, ìóäðåöû áóäóò èçó÷àòü ýòè âûðåçàííûå ðóíû, ÷òîáû ïî÷åðïíóòü îò íèõ ìóäðîñòü.;;x
EVTDESC_TOG_555;The runestone you commissioned has been finished and raised on the spot you chose for it. You examine the runes:\n\nThis stone was raised by [Root.GetFirstName], [Root.Father.GetFirstName]'s [Root.GetSonDaughter], to celebrate [Root.GetHerHis] great wisdom. Truly no greater thinker lived in this era, or the ones before. Toke carved these runes.\n\nYou leave the stone, content in the knowledge that many centuries from now, when its paint has long since faded, scholars will be studying these rune carvings in an effort to glean the wisdom of their words.;;;;;;;;;;;Çàêàçàííûé Âàìè Ðóííûé Êàìåíü áûë çàâåðø¸í è óñòàíîâëåí íà âûáðàííîå Âàìè ìåñòî. Âû ïðî÷èòàëè Ðóíû:\nÝòîò êàìåíü ñòîèò, ïîòîìó ÷òî [Root.GetFirstName], [Root.GetSonDaughter] ñâîåãî îòöà ([Root.Father.GetFirstName]) îòìåòèë[Root.GetEndA] ñâîþ âåëèêóþ ìóäðîñòü. Âîèñòèíó íå áûëî íè îäíîãî òàêîãî ìóäðåöà íè ñðåäè æèâøèõ â òî âðåìÿ, íè äî ýòîãî. Òóê âûðåçàë ýòè ðóíû.\nÂû ïîêèíóëè êàìåíü, çíàÿ ÷òî ÷åðåç ìíîãî ñòîëåòèé, êîãäà êðàñêà íà í¸ì óæå èñòëååò, ìóäðåöû áóäóò èçó÷àòü ýòè âûðåçàííûå ðóíû, ÷òîáû ïî÷åðïíóòü îò íèõ ìóäðîñòü.;;x
EVTDESC_TOG_555B;The runestone you commissioned has been finished and raised on the spot you chose for it. You examine the runes:\n\nThis stone was raised by [Root.GetFirstName], [Root.GetSonDaughter] of the wild, to celebrate [Root.GetHerHis] great wisdom. Truly no greater thinker lived in this era, or the ones before. Toke carved these runes.\n\nYou leave the stone, content in the knowledge that many centuries from now, when its paint has long since faded, scholars will be studying these rune carvings in an effort to glean the wisdom of their words.;;;;;;;;;;;Çàêàçàííûé Âàìè Ðóííûé Êàìåíü áûë çàâåðøåí è óñòàíîâëåí íà âûáðàííîå Âàìè ìåñòî. Âû ïðî÷èòàëè Ðóíû:\nÝòîò êàìåíü ñòîèò, ïîòîìó ÷òî [Root.GetFirstName], [Root.GetSonDaughter] äèêîé ïðèðîäû, îòìåòèë[Root.GetEndA] ñâîþ âåëèêóþ ìóäðîñòü. Âîèñòèíó íå áûëî íè îäíîãî òàêîãî ìóäðåöà íè ñðåäè æèâøèõ â òî âðåìÿ, íè äî ýòîãî. Òóê âûðåçàë ýòè ðóíû.\nÂû ïîêèíóëè êàìåíü, çíàÿ ÷òî ÷åðåç ìíîãî ñòîëåòèé, êîãäà êðàñêà íà í¸ì óæå èñòëååò, ìóäðåöû áóäóò èçó÷àòü ýòè âûðåçàííûå ðóíû, ÷òîáû ïî÷åðïíóòü îò íèõ ìóäðîñòü.;;x
EVTDESC_TOG_556;The runestone you commissioned has been finished and raised on the spot you chose for it. You examine the runes:\n\n[Root.GetFirstName] the Hapless, [Root.GetSonDaughter] of [Root.Father.GetFirstName] and [Root.Mother.GetFirstName], somehow managed to see this stone raised in [Root.GetHerHis] own memory. Many said [Root.GetSheHe] was worthless and would amount to nothing, and perhaps they were right. The great Tjudmund, whose skill with women was legendary, took pity and carved these words.\n\nYou leave the stone, content in the knowledge that many centuries from now, when its paint has long since faded, scholars will be studying these rune carvings in an effort to glean the wisdom of their words.;;;;;;;;;;;"Çàêàçàííûé Âàìè Ðóííûé Êàìåíü áûë çàâåðø¸í è óñòàíîâëåí íà âûáðàííîå Âàìè ìåñòî. Âû ïðî÷èòàëè Ðóíû:\n[Root.GetFirstName], [Root.GetSonDaughter] ñîþçà ""[Root.Father.GetFirstName] è [Root.Mother.GetFirstName]"", êàêèì-òî íåïîñòèæèìûì îáðàçîì âñ¸-òàêè âîçäâèã[Root.GetNoneE] ýòîò êàìåíü â ñâîþ ÷åñòü. Ìíîãèå ñêàçàëè áû, ÷òî [Root.GetHersHis] óäåëîì áûëà ëèøü íèê÷¸ìíîñòü è âîçìîæíî îíè áûëè áû ïðàâû. Âåëèêèé Òüþäìóíä, ÷üå óìåíèå îáðàùàòüñÿ ñ æåíùèíàìè áûëî ëåãåíäàðíûì ñæàëèëñÿ è âûðåçàë ýòè ñëîâà íà êàìíå.\nÂû ïîêèíóëè êàìåíü, çíàÿ ÷òî ÷åðåç ìíîãî ñòîëåòèé, êîãäà êðàñêà íà í¸ì óæå èñòëååò, ìóäðåöû áóäóò èçó÷àòü ýòè âûðåçàííûå ðóíû, ÷òîáû ïî÷åðïíóòü îò íèõ ìóäðîñòü.";;x
EVTDESC_TOG_556B;The runestone you commissioned has been finished and raised on the spot you chose for it. You examine the runes:\n\n[Root.GetFirstName] the Hapless, [Root.GetSonDaughter] of the wild, somehow managed to see this stone raised in [Root.GetHerHis] own memory. Many said [Root.GetSheHe] was worthless and would amount to nothing, and perhaps they were right. The great Tjudmund, whose skill with women was legendary, took pity and carved these words.\n\nYou leave the stone, content in the knowledge that many centuries from now, when its paint has long since faded, scholars will be studying these rune carvings in an effort to glean the wisdom of their words.;;;;;;;;;;;Çàêàçàííûé Âàìè Ðóííûé Êàìåíü áûë çàâåðøåí è óñòàíîâëåí íà âûáðàííîå Âàìè ìåñòî. Âû ïðî÷èòàëè Ðóíû:\n[Root.GetFirstName], [Root.GetSonDaughter] íåñ÷àñòüÿ, êàêèì-òî íåïîñòèæèìûì îáðàçîì âñ¸-òàêè âîçäâèã[Root.GetNoneE] ýòîò êàìåíü â ñâîþ ÷åñòü. Ìíîãèå ñêàçàëè áû, ÷òî [Root.GetHersHis] óäåëîì áûëà ëèøü íèê÷¸ìíîñòü è âîçìîæíî îíè áûëè áû ïðàâû. Âåëèêèé Òüþäìóíä, ÷üå óìåíèå îáðàùàòüñÿ ñ æåíùèíàìè áûëî ëåãåíäàðíûì ñæàëèëñÿ è âûðåçàë ýòè ñëîâà íà êàìíå.\nÂû ïîêèíóëè êàìåíü, çíàÿ ÷òî ÷åðåç ìíîãî ñòîëåòèé, êîãäà êðàñêà íà í¸ì óæå èñòëååò, ìóäðåöû áóäóò èçó÷àòü ýòè âûðåçàííûå ðóíû, ÷òîáû ïî÷åðïíóòü îò íèõ ìóäðîñòü.;;x
EVTDESC_TOG_557;The runestone you commissioned has been finished and raised on the spot you chose for it. You examine the runes:\n\n[Root.GetFirstName], [Root.GetSonDaughter] of [Root.Father.GetFirstName] and [Root.Mother.GetFirstName], commanded that this stone be erected in [Root.GetHerHis] lifetime. It was said that [Root.GetSheHe] had the strength of ten men, and no one dared oppose this claim. The stone was carved by Orm.\n\nYou leave the stone, content in the knowledge that many centuries from now, when its paint has long since faded, scholars will be studying these rune carvings in an effort to glean the wisdom of their words.;;;;;;;;;;;"Çàêàçàííûé Âàìè Ðóííûé Êàìåíü áûë çàâåðø¸í è óñòàíîâëåí íà âûáðàííîå Âàìè ìåñòî. Âû ïðî÷èòàëè Ðóíû:\n[Root.GetFirstName], [Root.GetSonDaughter] ñîþçà ""[Root.Father.GetFirstName] è [Root.Mother.GetFirstName]"", ïîâåëåë[Root.GetEndA] âîçäâèãíóòü ýòîò êàìåíü ïðè ñâîåé æèçíè. Êàìåíü ãîâîðèò î [Root.GetHersHis] ñèëå, ñðàâíèìîé ñ ñèëîé äåñÿòè ìóæ÷èí - íèêòî íå îñìåëèâàëñÿ áðîñèòü [Root.GetHerHim] âûçîâ. Êàìåíü áûë âûðåçàí Îðìîì.\nÂû ïîêèíóëè êàìåíü, çíàÿ ÷òî ÷åðåç ìíîãî ñòîëåòèé, êîãäà êðàñêà íà í¸ì óæå èñòëååò, ìóäðåöû áóäóò èçó÷àòü ýòè âûðåçàííûå ðóíû, ÷òîáû ïî÷åðïíóòü îò íèõ ìóäðîñòü.";;x
EVTDESC_TOG_557B;The runestone you commissioned has been finished and raised on the spot you chose for it. You examine the runes:\n\n[Root.GetFirstName], [Root.GetSonDaughter] of the wild, commanded that this stone be erected in [Root.GetHerHis] lifetime. It was said that [Root.GetSheHe] had the strength of ten men, and no one dared oppose this claim. The stone was carved by Orm.\n\nYou leave the stone, content in the knowledge that many centuries from now, when its paint has long since faded, scholars will be studying these rune carvings in an effort to glean the wisdom of their words.;;;;;;;;;;;Çàêàçàííûé Âàìè Ðóííûé Êàìåíü áûë çàâåðøåí è óñòàíîâëåí íà âûáðàííîå Âàìè ìåñòî. Âû ïðî÷èòàëè Ðóíû:\n[Root.GetFirstName], [Root.GetSonDaughter] äèêîé ïðèðîäû, ïîâåëåë[Root.GetEndA] âîçäâèãíóòü ýòîò êàìåíü ïðè ñâîåé æèçíè. Êàìåíü ãîâîðèò î [Root.GetHersHis] ñèëå, ñðàâíèìîé ñ ñèëîé äåñÿòè ìóæ÷èí - íèêòî íå îñìåëèâàëñÿ áðîñèòü [Root.GetHerHim] âûçîâ. Êàìåíü áûë âûðåçàí Îðìîì.\nÂû ïîêèíóëè êàìåíü, çíàÿ ÷òî ÷åðåç ìíîãî ñòîëåòèé, êîãäà êðàñêà íà í¸ì óæå èñòëååò, ìóäðåöû áóäóò èçó÷àòü ýòè âûðåçàííûå ðóíû, ÷òîáû ïî÷åðïíóòü îò íèõ ìóäðîñòü.;;x
EVTDESC_TOG_558;The runestone you commissioned has been finished and raised on the spot you chose for it. You examine the runes:\n\n[Root.GetFirstName] the Learned, who was the [Root.GetSonDaughter] of [Root.Father.GetFirstName] and [Root.Mother.GetFirstName], asked for this stone to be raised in [Root.GetHerHis] name. The knowledge [Root.GetSheHe] held of the world and all of its wonders was the envy of all. Hrolfr carved these words.\n\nYou leave the stone, content in the knowledge that many centuries from now, when its paint has long since faded, scholars will be studying these rune carvings in an effort to glean the wisdom of their words.;;;;;;;;;;;"Çàêàçàííûé Âàìè Ðóííûé Êàìåíü áûë çàâåðø¸í è óñòàíîâëåí íà âûáðàííîå Âàìè ìåñòî. Âû ïðî÷èòàëè Ðóíû:\n[Root.GetFirstName], [Root.GetSonDaughter] Çíàíèÿ è ñîþçà ""[Root.Father.GetFirstName] è [Root.Mother.GetFirstName]"", ïîïðîñèë[Root.GetEndA] âîçäâèãíóòü ýòîò êàìåíü â ñâîþ ÷åñòü. Âñå çàâèäóþò çíàíèÿì, êîòîðûå [Root.GetSheHe] õðàíèò î ìèðå è âñåõ åãî ÷óäåñàõ. Õðîëüô âûðåçàë ýòè ñëîâà.\nÂû ïîêèíóëè êàìåíü, çíàÿ ÷òî ÷åðåç ìíîãî ñòîëåòèé, êîãäà êðàñêà íà í¸ì óæå èñòëååò, ìóäðåöû áóäóò èçó÷àòü ýòè âûðåçàííûå ðóíû, ÷òîáû ïî÷åðïíóòü îò íèõ ìóäðîñòü.";;x
EVTDESC_TOG_558B;The runestone you commissioned has been finished and raised on the spot you chose for it. You examine the runes:\n\n[Root.GetFirstName] the Learned, [Root.GetSonDaughter] of the wild, asked for this stone to be raised in [Root.GetHerHis] name. The knowledge [Root.GetSheHe] held of the world and all of its wonders was the envy of all. Hrolfr carved these words.\n\nYou leave the stone, content in the knowledge that many centuries from now, when its paint has long since faded, scholars will be studying these rune carvings in an effort to glean the wisdom of their words.;;;;;;;;;;;Çàêàçàííûé Âàìè Ðóííûé Êàìåíü áûë çàâåðøåí è óñòàíîâëåí íà âûáðàííîå Âàìè ìåñòî. Âû ïðî÷èòàëè Ðóíû:\n[Root.GetFirstName], [Root.GetSonDaughter] çíàíèÿ, ïðîñèë[Root.GetEndA] âîçäâèãíóòü ýòîò êàìåíü â ñâîþ ÷åñòü. Âñå çàâèäóþò çíàíèÿì, êîòîðûå [Root.GetSheHe] õðàíèò î ìèðå è âñåõ åãî ÷óäåñàõ. Õðîëüô âûðåçàë ýòè ñëîâà.\nÂû ïîêèíóëè êàìåíü, çíàÿ ÷òî ÷åðåç ìíîãî ñòîëåòèé, êîãäà êðàñêà íà í¸ì óæå èñòëååò, ìóäðåöû áóäóò èçó÷àòü ýòè âûðåçàííûå ðóíû, ÷òîáû ïî÷åðïíóòü îò íèõ ìóäðîñòü.;;x
EVTDESC_TOG_559;The runestone you commissioned has been finished and raised on the spot you chose for it. You examine the runes:\n\n[Root.GetFirstName], [Root.GetSonDaughter] of [Root.Father.GetFirstName] and [Root.Mother.GetFirstName], had this stone raised and painted with the blood of [Root.GetHerHis] enemies while [Root.GetSheHe] still lived. Those foolish enough to go against [Root.GetFirstName] met their end impaled on a pole. Egil carved these runes before he suffered this very fate.\n\nYou leave the stone, content in the knowledge that many centuries from now, when its paint has long since faded, scholars will be studying these rune carvings in an effort to glean the wisdom of their words.;;;;;;;;;;;"Çàêàçàííûé Âàìè Ðóííûé Êàìåíü áûë çàâåðø¸í è óñòàíîâëåí íà âûáðàííîå Âàìè ìåñòî. Âû ïðî÷èòàëè Ðóíû:\n[Root.GetFirstName], [Root.GetSonDaughter] ñîþçà ""[Root.Father.GetFirstName] è [Root.Mother.GetFirstName]"", âîçäâèã[Root.GetNoneE] ýòîò êàìåíü, âûðåçàâ íà í¸ì ðóíû è ðàñêðàñèâ êðîâüþ ñâîèõ âðàãîâ åù¸ ïðè ñâîåé æèçíè. Îíè áûëè íàñòîëüêî ãëóïû, ÷òîáû ïîéòè ïðîòèâ í[Root.GetHersHis] è âñòðåòèëè ñâîé êîíåö íà êîëüÿõ. Ýãèëü âûðåçàë ýòè ðóíû ïåðåä òåì, êàê åãî íàñòèã çëîé ðîê.\nÂû ïîêèíóëè êàìåíü, çíàÿ ÷òî ÷åðåç ìíîãî ñòîëåòèé, êîãäà êðàñêà íà í¸ì óæå èñòëååò, ìóäðåöû áóäóò èçó÷àòü ýòè âûðåçàííûå ðóíû, ÷òîáû ïî÷åðïíóòü îò íèõ ìóäðîñòü.";;x
EVTDESC_TOG_559B;The runestone you commissioned has been finished and raised on the spot you chose for it. You examine the runes:\n\n[Root.GetFirstName], [Root.GetSonDaughter] of the wild, had this stone raised and painted with the blood of [Root.GetHerHis] enemies while [Root.GetSheHe] still lived. Those foolish enough to go against [Root.GetFirstName] met their end impaled on a pole. Egil carved these runes before he suffered this very fate.\n\nYou leave the stone, content in the knowledge that many centuries from now, when its paint has long since faded, scholars will be studying these rune carvings in an effort to glean the wisdom of their words.;;;;;;;;;;;Çàêàçàííûé Âàìè Ðóííûé Êàìåíü áûë çàâåðøåí è óñòàíîâëåí íà âûáðàííîå Âàìè ìåñòî. Âû ïðî÷èòàëè Ðóíû:\n[Root.GetFirstName], [Root.GetSonDaughter] äèêîé ïðèðîäû, âîçäâèã[Root.GetNoneE] ýòîò êàìåíü, âûðåçàâ íà í¸ì ðóíû è ðàñêðàñèâ êðîâüþ ñâîèõ âðàãîâ åù¸ ïðè ñâîåé æèçíè. Îíè áûëè íàñòîëüêî ãëóïû, ÷òîáû ïîéòè ïðîòèâ í[Root.GetHersHis] è âñòðåòèëè ñâîé êîíåö íà êîëüÿõ. Ýãèëü âûðåçàë ýòè ðóíû ïåðåä òåì, êàê åãî íàñòèã çëîé ðîê.\nÂû ïîêèíóëè êàìåíü, çíàÿ ÷òî ÷åðåç ìíîãî ñòîëåòèé, êîãäà êðàñêà íà í¸ì óæå èñòëååò, ìóäðåöû áóäóò èçó÷àòü ýòè âûðåçàííûå ðóíû, ÷òîáû ïî÷åðïíóòü îò íèõ ìóäðîñòü.;;x
EVTDESC_TOG_560;The runestone you commissioned has been finished and raised on the spot you chose for it. You examine the runes:\n\nThis stone was raised by [Root.GetFirstName], [Root.Father.GetFirstName]'s [Root.GetSonDaughter], to celebrate the beauty of the world. Like a shining rainbow or the glittering sea, [Root.GetFirstName] brought joy and light into the life of those who met [Root.GetHerHim]. Asbjörn reluctantly carved these words.\n\nYou leave the stone, content in the knowledge that many centuries from now, when its paint has long since faded, scholars will be studying these rune carvings in an effort to glean the wisdom of their words.;;;;;;;;;;;Çàêàçàííûé Âàìè Ðóííûé Êàìåíü áûë çàâåðø¸í è óñòàíîâëåí íà âûáðàííîå Âàìè ìåñòî. Âû ïðî÷èòàëè Ðóíû:\nÝòîò êàìåíü ñòîèò, ïîòîìó ÷òî [Root.GetFirstName], [Root.GetSonDaughter] ñâîåãî îòöà ([Root.Father.GetFirstName]), îòìåòèë[Root.GetEndA] êðàñîòó îêðóæàþùåãî ìèðà. Ñëîâíî ñèÿþùàÿ ðàäóãà èëè áëåñòÿùåå ìîðå, [Root.GetFirstName] íåñ[Root.GetNoneE] ðàäîñòü è ñâåò â æèçíè òåõ, êîãî [Root.GetHerHim] óäàëîñü ïîâñòðå÷àòü. Àñáüîðí íåîõîòíî âûðåçàë ýòè ñëîâà.\nÂû ïîêèíóëè êàìåíü, çíàÿ ÷òî ÷åðåç ìíîãî ñòîëåòèé, êîãäà êðàñêà íà í¸ì óæå èñòëååò, ìóäðåöû áóäóò èçó÷àòü ýòè âûðåçàííûå ðóíû, ÷òîáû ïî÷åðïíóòü îò íèõ ìóäðîñòü.;;x
EVTDESC_TOG_560B;The runestone you commissioned has been finished and raised on the spot you chose for it. You examine the runes:\n\nThis stone was raised by [Root.GetFirstName], [Root.GetSonDaughter] of the wild, to celebrate the beauty of the world. Like a shining rainbow or the glittering sea, [Root.GetFirstName] brought joy and light into the life of those who met [Root.GetHerHim]. Asbjörn reluctantly carved these words.\n\nYou leave the stone, content in the knowledge that many centuries from now, when its paint has long since faded, scholars will be studying these rune carvings in an effort to glean the wisdom of their words.;;;;;;;;;;;Çàêàçàííûé Âàìè Ðóííûé Êàìåíü áûë çàâåðøåí è óñòàíîâëåí íà âûáðàííîå Âàìè ìåñòî. Âû ïðî÷èòàëè Ðóíû:\nÝòîò êàìåíü ñòîèò, ïîòîìó ÷òî [Root.GetFirstName], [Root.GetSonDaughter] äèêîé ïðèðîäû, îòìåòèë[Root.GetEndA] êðàñîòó îêðóæàþùåãî ìèðà. Ñëîâíî ñèÿþùàÿ ðàäóãà èëè áëåñòÿùåå ìîðå, [Root.GetFirstName] ïðèíåñ[Root.GetNoneE] ðàäîñòü è ñâåò â æèçíè òåõ, êîãî [Root.GetHerHim] óäàëîñü ïîâñòðå÷àòü. Àñáüîðí íåîõîòíî âûðåçàë ýòè ñëîâà.\nÂû ïîêèíóëè êàìåíü, çíàÿ ÷òî ÷åðåç ìíîãî ñòîëåòèé, êîãäà êðàñêà íà í¸ì óæå èñòëååò, ìóäðåöû áóäóò èçó÷àòü ýòè âûðåçàííûå ðóíû, ÷òîáû ïî÷åðïíóòü îò íèõ ìóäðîñòü.;;x
EVTDESC_TOG_561;The runestone you commissioned has been finished and raised on the spot you chose for it. You examine the runes:\n\n[Root.GetFirstName], [Root.GetSonDaughter] of [Root.Father.GetFirstName] and [Root.Mother.GetFirstName], likely parent of countless bastards, had this stone raised in memory of [Root.GetHerselfHimself]. Let no one deny the love [Root.GetSheHe] felt for others. Anund carved, Gorm painted.\n\nYou leave the stone, content in the knowledge that many centuries from now, when its paint has long since faded, scholars will be studying these rune carvings in an effort to glean the wisdom of their words.;;;;;;;;;;;"Çàêàçàííûé Âàìè Ðóííûé Êàìåíü áûë çàâåðø¸í è óñòàíîâëåí íà âûáðàííîå Âàìè ìåñòî. Âû ïðî÷èòàëè Ðóíû:\n[Root.GetFirstName], [Root.GetSonDaughter] ñîþçà ""[Root.Father.GetFirstName] è [Root.Mother.GetFirstName]"", ïîðîäèâ áåñ÷èñëåííûõ áàñòàðäîâ, âîçäâèã[Root.GetNoneE] ýòîò êàìåíü â ïàìÿòü î ñåáå. Òàê ïóñòü æå íèêòî íå îòðèöàåò [Root.GetHersHis] ëþáîâü ê äðóãèì. Àíóíä âûðåçàë, Ãîðì ðàñêðàñèë.\nÂû ïîêèíóëè êàìåíü, çíàÿ ÷òî ÷åðåç ìíîãî ñòîëåòèé, êîãäà êðàñêà íà í¸ì óæå èñòëååò, ìóäðåöû áóäóò èçó÷àòü ýòè âûðåçàííûå ðóíû, ÷òîáû ïî÷åðïíóòü îò íèõ ìóäðîñòü.";;x
EVTDESC_TOG_561B;The runestone you commissioned has been finished and raised on the spot you chose for it. You examine the runes:\n\n[Root.GetFirstName], [Root.GetSonDaughter] of the wild, likely parent of countless bastards, had this stone raised in memory of [Root.GetHerselfHimself]. Let no one deny the love [Root.GetSheHe] felt for others. Anund carved, Gorm painted.\n\nYou leave the stone, content in the knowledge that many centuries from now, when its paint has long since faded, scholars will be studying these rune carvings in an effort to glean the wisdom of their words.;;;;;;;;;;;Çàêàçàííûé Âàìè Ðóííûé Êàìåíü áûë çàâåðøåí è óñòàíîâëåí íà âûáðàííîå Âàìè ìåñòî. Âû ïðî÷èòàëè Ðóíû:\n[Root.GetFirstName], [Root.GetSonDaughter] äèêîé ïðèðîäû, ïîðîäèâ áåñ÷èñëåííûõ áàñòàðäîâ, âîçäâèã[Root.GetNoneE] ýòîò êàìåíü â ïàìÿòü î ñåáå. Òàê ïóñòü æå íèêòî íå îòðèöàåò [Root.GetHersHis] ëþáîâü ê äðóãèì. Àíóíä âûðåçàë, Ãîðì ðàñêðàñèë.\nÂû ïîêèíóëè êàìåíü, çíàÿ ÷òî ÷åðåç ìíîãî ñòîëåòèé, êîãäà êðàñêà íà í¸ì óæå èñòëååò, ìóäðåöû áóäóò èçó÷àòü ýòè âûðåçàííûå ðóíû, ÷òîáû ïî÷åðïíóòü îò íèõ ìóäðîñòü.;;x
EVTDESC_TOG_562;The runestone you commissioned has been finished and raised on the spot you chose for it. You examine the runes:\n\n[Root.GetFirstName], the [Root.GetSonDaughter] of [Root.Father.GetFirstName], raised this stone in [Root.GetHerHis] own lifetime. Like no one before [Root.GetHerHim], [Root.GetFirstName] could appreciate a good meal. Here is the recipe for roasted boar the way [Root.GetSheHe] prefers it...\n\nYou leave the stone, content in the knowledge that many centuries from now, when its paint has long since faded, scholars will be studying these rune carvings in an effort to glean the wisdom of their words.;;;;;;;;;;;Çàêàçàííûé Âàìè Ðóííûé Êàìåíü áûë çàâåðø¸í è óñòàíîâëåí íà âûáðàííîå Âàìè ìåñòî. Âû ïðî÷èòàëè Ðóíû:\n[Root.GetFirstName], âîçäâèã[Root.GetNoneE] ýòîò êàìåíü ïðè ñâîåé æèçíè. Íè îäèí ñìåðòíûé òàê íå öåíèë âêóñíóþ åäó, êàê [Root.GetFirstName]. Çäåñü òàêæå âûðåçàí ðåöåïò [Root.GetHersHis] ëþáèìîãî æàðåíîãî êàáàíà...\nÂû ïîêèíóëè êàìåíü, çíàÿ ÷òî ÷åðåç ìíîãî ñòîëåòèé, êîãäà êðàñêà íà í¸ì óæå èñòëååò, ìóäðåöû áóäóò èçó÷àòü ýòè âûðåçàííûå ðóíû, ÷òîáû ïî÷åðïíóòü îò íèõ ìóäðîñòü.;;x
EVTDESC_TOG_562B;The runestone you commissioned has been finished and raised on the spot you chose for it. You examine the runes:\n\n[Root.GetFirstName], [Root.GetSonDaughter] of the wild, raised this stone in [Root.GetHerHis] own lifetime. Like no one before [Root.GetHerHim], [Root.GetFirstName] could appreciate a good meal. Here is the recipe for roasted boar the way [Root.GetSheHe] prefers it...\n\nYou leave the stone, content in the knowledge that many centuries from now, when its paint has long since faded, scholars will be studying these rune carvings in an effort to glean the wisdom of their words.;;;;;;;;;;;Çàêàçàííûé Âàìè Ðóííûé Êàìåíü áûë çàâåðøåí è óñòàíîâëåí íà âûáðàííîå Âàìè ìåñòî. Âû ïðî÷èòàëè Ðóíû:\n[Root.GetFirstName], [Root.GetSonDaughter] äèêîé ïðèðîäû, âîçäâèã[Root.GetNoneE] ýòîò êàìåíü ïðè ñâîåé æèçíè. Íè îäèí ñìåðòíûé òàê íå öåíèë âêóñíóþ åäó, êàê [Root.GetFirstName]. Çäåñü òàêæå âûðåçàí ðåöåïò [Root.GetHersHis] ëþáèìîãî æàðåíîãî êàáàíà...\nÂû ïîêèíóëè êàìåíü, çíàÿ ÷òî ÷åðåç ìíîãî ñòîëåòèé, êîãäà êðàñêà íà í¸ì óæå èñòëååò, ìóäðåöû áóäóò èçó÷àòü ýòè âûðåçàííûå ðóíû, ÷òîáû ïî÷åðïíóòü îò íèõ ìóäðîñòü.;;x
EVTDESC_TOG_563;The runestone you commissioned has been finished and raised on the spot you chose for it. You examine the runes:\n\n[Root.GetFirstName], [Root.GetSonDaughter] of [Root.Father.GetFirstName] and [Root.Mother.GetFirstName], had this stone erected with the help of Sigtrygg. Throughout the land, [Root.GetFirstName] was known for [Root.GetHerHis] great charity to others. No wanderer seeking food or shelter at one of [Root.GetHerHis] holdings was turned away.\n\nYou leave the stone, content in the knowledge that many centuries from now, when its paint has long since faded, scholars will be studying these rune carvings in an effort to glean the wisdom of their words.;;;;;;;;;;;"Çàêàçàííûé Âàìè Ðóííûé Êàìåíü áûë çàâåðø¸í è óñòàíîâëåí íà âûáðàííîå Âàìè ìåñòî. Âû ïðî÷èòàëè Ðóíû:\n[Root.GetFirstName], [Root.GetSonDaughter] ñîþçà ""[Root.Father.GetFirstName] è [Root.Mother.GetFirstName]"", âîçâåë[Root.GetEndA] ýòîò êàìåíü ñ ïîìîùüþ Ñèãòðèãà. Âñÿ ñòðàíà çíàåò î [Root.GetHersHis] âåëèêîé ùåäðîñòè ê äðóãèì. Íè îäíîìó ñòðàííèêó èùóùåìó ïèùó èëè êðîâ â [Root.GetHersHis] âëàäåíèÿõ íå áûëî îòêàçàíî.\nÂû ïîêèíóëè êàìåíü, çíàÿ ÷òî ÷åðåç ìíîãî ñòîëåòèé, êîãäà êðàñêà íà í¸ì óæå èñòëååò, ìóäðåöû áóäóò èçó÷àòü ýòè âûðåçàííûå ðóíû, ÷òîáû ïî÷åðïíóòü îò íèõ ìóäðîñòü.";;x
EVTDESC_TOG_563B;The runestone you commissioned has been finished and raised on the spot you chose for it. You examine the runes:\n\n[Root.GetFirstName], [Root.GetSonDaughter] of the wild, had this stone erected with the help of Sigtrygg. Throughout the land, [Root.GetFirstName] was known for [Root.GetHerHis] great charity to others. No wanderer seeking food or shelter at one of [Root.GetHerHis] holdings was turned away.\n\nYou leave the stone, content in the knowledge that many centuries from now, when its paint has long since faded, scholars will be studying these rune carvings in an effort to glean the wisdom of their words.;;;;;;;;;;;Çàêàçàííûé Âàìè Ðóííûé Êàìåíü áûë çàâåðøåí è óñòàíîâëåí íà âûáðàííîå Âàìè ìåñòî. Âû ïðî÷èòàëè Ðóíû:\n[Root.GetFirstName], [Root.GetSonDaughter] äèêîé ïðèðîäû, âîçâåë[Root.GetEndA] ýòîò êàìåíü ñ ïîìîùüþ Ñèãòðèãà. Âñÿ ñòðàíà çíàåò î [Root.GetHersHis] âåëèêîé ùåäðîñòè ê äðóãèì. Íè îäíîìó ñòðàííèêó èùóùåìó ïèùó èëè êðîâ â [Root.GetHersHis] âëàäåíèÿõ íå áûëî îòêàçàíî.\nÂû ïîêèíóëè êàìåíü, çíàÿ ÷òî ÷åðåç ìíîãî ñòîëåòèé, êîãäà êðàñêà íà í¸ì óæå èñòëååò, ìóäðåöû áóäóò èçó÷àòü ýòè âûðåçàííûå ðóíû, ÷òîáû ïî÷åðïíóòü îò íèõ ìóäðîñòü.;;x
EVTDESC_TOG_564;The runestone you commissioned has been finished and raised on the spot you chose for it. You examine the runes:\n\nThis stone was raised by [Root.GetFirstName], [Root.Father.GetFirstName]'s [Root.GetSonDaughter], who was renowned for [Root.GetHerHis] great kindness to all things living. May [Root.GetSheHe] be treated by all others, now and in the afterlife, in that same manner.\n\nYou leave the stone, content in the knowledge that many centuries from now, when its paint has long since faded, scholars will be studying these rune carvings in an effort to glean the wisdom of their words.;;;;;;;;;;;Çàêàçàííûé Âàìè Ðóííûé Êàìåíü áûë çàâåðø¸í è óñòàíîâëåí íà âûáðàííîå Âàìè ìåñòî. Âû ïðî÷èòàëè Ðóíû:\nÝòîò êàìåíü ñòîèò, ïîòîìó ÷òî [Root.GetFirstName], [Root.GetSonDaughter] ñâîåãî îòöà ([Root.Father.GetFirstName]), îòìåòèë[Root.GetEndA] ñâîþ âåëèêóþ äîáðîòó êî âñåìó æèâîìó. Ïóñòü æå è ê í[Root.GetHerHim] òàê îòíîñÿòñÿ äðóãèå, îòíûíå è ïîñëå ñìåðòè.\nÂû ïîêèíóëè êàìåíü, çíàÿ ÷òî ÷åðåç ìíîãî ñòîëåòèé, êîãäà êðàñêà íà í¸ì óæå èñòëååò, ìóäðåöû áóäóò èçó÷àòü ýòè âûðåçàííûå ðóíû, ÷òîáû ïî÷åðïíóòü îò íèõ ìóäðîñòü.;;x
EVTDESC_TOG_564B;The runestone you commissioned has been finished and raised on the spot you chose for it. You examine the runes:\n\nThis stone was raised by [Root.GetFirstName], [Root.GetSonDaughter] of the wild, who was renowned for [Root.GetHerHis] great kindness to all things living. May [Root.GetSheHe] be treated by all others, now and in the afterlife, in that same manner.\n\nYou leave the stone, content in the knowledge that many centuries from now, when its paint has long since faded, scholars will be studying these rune carvings in an effort to glean the wisdom of their words.;;;;;;;;;;;Çàêàçàííûé Âàìè Ðóííûé Êàìåíü áûë çàâåðøåí è óñòàíîâëåí íà âûáðàííîå Âàìè ìåñòî. Âû ïðî÷èòàëè Ðóíû:\nÝòîò êàìåíü ñòîèò, ïîòîìó ÷òî [Root.GetFirstName], [Root.GetSonDaughter] äèêîé ïðèðîäû, îòìåòèë[Root.GetEndA] ñâîþ âåëèêóþ äîáðîòó êî âñåìó æèâîìó. Ïóñòü æå è ê í[Root.GetHerHim] òàê îòíîñÿòñÿ äðóãèå, îòíûíå è ïîñëå ñìåðòè.\nÂû ïîêèíóëè êàìåíü, çíàÿ ÷òî ÷åðåç ìíîãî ñòîëåòèé, êîãäà êðàñêà íà í¸ì óæå èñòëååò, ìóäðåöû áóäóò èçó÷àòü ýòè âûðåçàííûå ðóíû, ÷òîáû ïî÷åðïíóòü îò íèõ ìóäðîñòü.;;x
EVTDESC_TOG_565;The runestone you commissioned has been finished and raised on the spot you chose for it. You examine the runes:\n\n[Root.GetFirstName] the Great, who was the favored [Root.GetSonDaughter] of [Root.Father.GetFirstName] and [Root.Mother.GetFirstName], raised this stone to honor the legacy of [Root.GetHerHis] famous deeds. In the world of Men, no one was [Root.GetHerHis] equal.\n\nYou leave the stone, content in the knowledge that many centuries from now, when its paint has long since faded, scholars will be studying these rune carvings in an effort to glean the wisdom of their words.;;;;;;;;;;;"Çàêàçàííûé Âàìè Ðóííûé Êàìåíü áûë çàâåðø¸í è óñòàíîâëåí íà âûáðàííîå Âàìè ìåñòî. Âû ïðî÷èòàëè Ðóíû:\n[Root.GetFirstName] [Root.GetSonDaughter] Âåëè÷èÿ è ñîþçà ""[Root.Father.GetFirstName] è [Root.Mother.GetFirstName]"", âîçäâèã[Root.GetNoneE] ýòîò êàìåíü, ÷òîáû ïî÷òèòü íàñëåäèå ñâîèõ ñëàâíûõ äåë. Âî âñåì ìèðå íå áûëî íè îäíîãî ÷åëîâåêà, ïðèáëèçèâøåãîñÿ ê [Root.GetHersHis] ñâåðøåíèÿì.\nÂû ïîêèíóëè êàìåíü, çíàÿ ÷òî ÷åðåç ìíîãî ñòîëåòèé, êîãäà êðàñêà íà í¸ì óæå èñòëååò, ìóäðåöû áóäóò èçó÷àòü ýòè âûðåçàííûå ðóíû, ÷òîáû ïî÷åðïíóòü îò íèõ ìóäðîñòü.";;x
EVTDESC_TOG_565B;The runestone you commissioned has been finished and raised on the spot you chose for it. You examine the runes:\n\n[Root.GetFirstName] the Great, [Root.GetSonDaughter] of the wild, raised this stone to honor the legacy of [Root.GetHerHis] famous deeds. In the world of Men, no one was [Root.GetHerHis] equal.\n\nYou leave the stone, content in the knowledge that many centuries from now, when its paint has long since faded, scholars will be studying these rune carvings in an effort to glean the wisdom of their words.;;;;;;;;;;;Çàêàçàííûé Âàìè Ðóííûé Êàìåíü áûë çàâåðøåí è óñòàíîâëåí íà âûáðàííîå Âàìè ìåñòî. Âû ïðî÷èòàëè Ðóíû:\n[Root.GetFirstName], [Root.GetSonDaughter] âåëèêîé ñëàâû, âîçäâèã[Root.GetNoneE] ýòîò êàìåíü, ÷òîáû ïî÷òèòü íàñëåäèå ñâîèõ âåëèêèõ äåë. Âî âñåì ìèðå íå áûëî íè îäíîãî ÷åëîâåêà, ïðèáëèçèâøåãîñÿ ê [Root.GetHersHis] ñâåðøåíèÿì.\nÂû ïîêèíóëè êàìåíü, çíàÿ ÷òî ÷åðåç ìíîãî ñòîëåòèé, êîãäà êðàñêà íà í¸ì óæå èñòëååò, ìóäðåöû áóäóò èçó÷àòü ýòè âûðåçàííûå ðóíû, ÷òîáû ïî÷åðïíóòü îò íèõ ìóäðîñòü.;;x
EVTDESC_TOG_566;The runestone you commissioned has been finished and raised on the spot you chose for it. You examine the runes:\n\nThe words on this stone belong to [Root.GetFirstName], [Root.GetSonDaughter] of [Root.Father.GetFirstName] and [Root.Mother.GetFirstName], but the carving was done by Tyke and Ragnvald painted. Let it be known that [Root.GetFirstName] lived a simple life without distractions, grateful for the company and friendship those around [Root.GetHerHim] provided.\n\nYou leave the stone, content in the knowledge that many centuries from now, when its paint has long since faded, scholars will be studying these rune carvings in an effort to glean the wisdom of their words.;;;;;;;;;;;"Çàêàçàííûé Âàìè Ðóííûé Êàìåíü áûë çàâåðø¸í è óñòàíîâëåí íà âûáðàííîå Âàìè ìåñòî. Âû ïðî÷èòàëè Ðóíû:\n[Root.GetFirstName], [Root.GetSonDaughter] ñîþçà ""[Root.Father.GetFirstName] è [Root.Mother.GetFirstName]"", äàðîâàë[Root.GetEndA] ñëîâà íà ýòîì êàìíå, âûðåçàííîì Òóêîì è ðàñïèñàííîì Ðàãíâàëüäîì. Äà áóäåò èçâåñòíî, ÷òî [Root.GetFirstName] öåíèò ïðîñòóþ æèçíü, êîòîðàÿ íè íà ÷òî íå îòâëåêàåò, è áëàãîäàðèò çà òåïëî è äðóæáó ñâîèõ áëèçêèõ.\nÂû ïîêèíóëè êàìåíü, çíàÿ ÷òî ÷åðåç ìíîãî ñòîëåòèé, êîãäà êðàñêà íà í¸ì óæå èñòëååò, ìóäðåöû áóäóò èçó÷àòü ýòè âûðåçàííûå ðóíû, ÷òîáû ïî÷åðïíóòü îò íèõ ìóäðîñòü.";;x
EVTDESC_TOG_566B;The runestone you commissioned has been finished and raised on the spot you chose for it. You examine the runes:\n\nThe words on this stone belong to [Root.GetFirstName], [Root.GetSonDaughter] of the wild, but the carving was done by Tyke and Ragnvald painted. Let it be known that [Root.GetFirstName] lived a simple life without distractions, grateful for the company and friendship those around [Root.GetHerHim] provided.\n\nYou leave the stone, content in the knowledge that many centuries from now, when its paint has long since faded, scholars will be studying these rune carvings in an effort to glean the wisdom of their words.;;;;;;;;;;;Çàêàçàííûé Âàìè Ðóííûé Êàìåíü áûë çàâåðøåí è óñòàíîâëåí íà âûáðàííîå Âàìè ìåñòî. Âû ïðî÷èòàëè Ðóíû:\nÑëîâàìè íà ýòîì êàìíå âîñïåâàåòñÿ [Root.GetFirstName], [Root.GetSonDaughter] äèêîé ïðèðîäû, íî âûðåçàë èõ Òóê, à ðàñïèñàë Ðàíãâàëüä. Äà áóäåò èçâåñòíî, ÷òî [Root.GetFirstName] öåíèë[Root.GetEndA] ïðîñòóþ æèçíü, êîòîðàÿ íè íà ÷òî íå îòâëåêàåò, è áëàãîäàðèë[Root.GetEndA] çà òåïëî è äðóæáó ñâîèõ áëèçêèõ.\nÂû ïîêèíóëè êàìåíü, çíàÿ ÷òî ÷åðåç ìíîãî ñòîëåòèé, êîãäà êðàñêà íà í¸ì óæå èñòëååò, ìóäðåöû áóäóò èçó÷àòü ýòè âûðåçàííûå ðóíû, ÷òîáû ïî÷åðïíóòü îò íèõ ìóäðîñòü.;;x
EVTDESC_TOG_567;The runestone you commissioned has been finished and raised on the spot you chose for it. You examine the runes:\n\nWhile [Root.GetSheHe] still lived, [Root.GetFirstName], [Root.GetSonDaughter] of [Root.Father.GetFirstName] and [Root.Mother.GetFirstName], had this stone raised in [Root.GetHerHis] own memory. Even [Root.GetHerHis] enemies cannot deny the great courage of [Root.GetFirstName]. Those who knew [Root.GetHerHim] can swear that when faced with danger, [Root.GetSheHe] was always without fear.\n\nYou leave the stone, content in the knowledge that many centuries from now, when its paint has long since faded, scholars will be studying these rune carvings in an effort to glean the wisdom of their words.;;;;;;;;;;;"Çàêàçàííûé Âàìè Ðóííûé Êàìåíü áûë çàâåðø¸í è óñòàíîâëåí íà âûáðàííîå Âàìè ìåñòî. Âû ïðî÷èòàëè Ðóíû:\nÏðè ñâîåé æèçíè, [Root.GetFirstName], [Root.GetSonDaughter] ñîþçà ""[Root.Father.GetFirstName] è [Root.Mother.GetFirstName]"", ñîçäàë[Root.GetEndA] ýòîò êàìåíü â ïàìÿòü î ñåáå. Äàæå âðàãè íå â ñèëàõ îòðèöàòü [Root.GetHersHis] âåëèêîå ìóæåñòâî. Òå, êòî çíàë [Root.GetHersHis] ìîãóò ïîêëÿñòüñÿ, â ìîìåíòû èñòèííîé îïàñíîñòè áåññòðàøèå - [Root.GetHersHis] âåðíûé ïîïóò÷èê.\nÂû ïîêèíóëè êàìåíü, çíàÿ ÷òî ÷åðåç ìíîãî ñòîëåòèé, êîãäà êðàñêà íà í¸ì óæå èñòëååò, ìóäðåöû áóäóò èçó÷àòü ýòè âûðåçàííûå ðóíû, ÷òîáû ïî÷åðïíóòü îò íèõ ìóäðîñòü.";;x
EVTDESC_TOG_567B;The runestone you commissioned has been finished and raised on the spot you chose for it. You examine the runes:\n\nWhile [Root.GetSheHe] still lived, [Root.GetFirstName], [Root.GetSonDaughter] of the wild, had this stone raised in [Root.GetHerHis] own memory. Even [Root.GetHerHis] enemies cannot deny the great courage of [Root.GetFirstName]. Those who knew [Root.GetHerHim] can swear that when faced with danger, [Root.GetSheHe] was always without fear.\n\nYou leave the stone, content in the knowledge that many centuries from now, when its paint has long since faded, scholars will be studying these rune carvings in an effort to glean the wisdom of their words.;;;;;;;;;;;Çàêàçàííûé Âàìè Ðóííûé Êàìåíü áûë çàâåðøåí è óñòàíîâëåí íà âûáðàííîå Âàìè ìåñòî. Âû ïðî÷èòàëè Ðóíû:\nÏðè ñâîåé æèçíè, [Root.GetFirstName], [Root.GetSonDaughter] äèêîé ïðèðîäû, ñîçäàë[Root.GetEndA] ýòîò êàìåíü â ïàìÿòü î ñåáå. Äàæå âðàãè íå â ñèëàõ îòðèöàòü [Root.GetHersHis] âåëèêîå ìóæåñòâî. Òå, êòî çíàë [Root.GetHersHis] ìîãóò ïîêëÿñòüñÿ, â ìîìåíòû èñòèííîé îïàñíîñòè áåññòðàøèå - [Root.GetHersHis] âåðíûé ïîïóò÷èê.\nÂû ïîêèíóëè êàìåíü, çíàÿ ÷òî ÷åðåç ìíîãî ñòîëåòèé, êîãäà êðàñêà íà í¸ì óæå èñòëååò, ìóäðåöû áóäóò èçó÷àòü ýòè âûðåçàííûå ðóíû, ÷òîáû ïî÷åðïíóòü îò íèõ ìóäðîñòü.;;x
EVTDESC_TOG_568;The runestone you commissioned has been finished and raised on the spot you chose for it. You examine the runes:\n\n[Root.GetFirstName], the [Root.GetSonDaughter] of [Root.Father.GetFirstName], had this stone raised in [Root.GetHerHis] own lifetime. There was no one more fair and just in all things. Men and women traveled far to seek [Root.GetHerHis] counsel in disputes. Kolbjörn carved these runes.\n\nYou leave the stone, content in the knowledge that many centuries from now, when its paint has long since faded, scholars will be studying these rune carvings in an effort to glean the wisdom of their words.;;;;;;;;;;;Çàêàçàííûé Âàìè Ðóííûé Êàìåíü áûë çàâåðø¸í è óñòàíîâëåí íà âûáðàííîå Âàìè ìåñòî. Âû ïðî÷èòàëè Ðóíû:\n[Root.GetFirstName], âîçäâèã[Root.GetNoneE] ýòîò êàìåíü ïðè ñâîåé æèçíè. Íå áûëî íèêîãî áîëåå ñïðàâåäëèâîãî è ÷åñòíîãî âî âñåõ îòíîøåíèÿõ. Ìóæ÷èíû è æåíùèíû øëè ê í[Root.GetHerHim] èçäàëåêà ÷òîáû ðàçðåøèòü ñâîè ñïîðû. Êîëäáüîðí âûðåçàë ýòè ðóíû.\nÂû ïîêèíóëè êàìåíü, çíàÿ ÷òî ÷åðåç ìíîãî ñòîëåòèé, êîãäà êðàñêà íà í¸ì óæå èñòëååò, ìóäðåöû áóäóò èçó÷àòü ýòè âûðåçàííûå ðóíû, ÷òîáû ïî÷åðïíóòü îò íèõ ìóäðîñòü.;;x
EVTDESC_TOG_568B;The runestone you commissioned has been finished and raised on the spot you chose for it. You examine the runes:\n\n[Root.GetFirstName], [Root.GetSonDaughter] of the wild, had this stone raised in [Root.GetHerHis] own lifetime. There was no one more fair and just in all things. Men and women traveled far to seek [Root.GetHerHis] counsel in disputes. Kolbjörn carved these runes.\n\nYou leave the stone, content in the knowledge that many centuries from now, when its paint has long since faded, scholars will be studying these rune carvings in an effort to glean the wisdom of their words.;;;;;;;;;;;Çàêàçàííûé Âàìè Ðóííûé Êàìåíü áûë çàâåðøåí è óñòàíîâëåí íà âûáðàííîå Âàìè ìåñòî. Âû ïðî÷èòàëè Ðóíû:\n[Root.GetFirstName], [Root.GetSonDaughter] äèêîé ïðèðîäû, âîçäâèã[Root.GetNoneE] ýòîò êàìåíü ïðè ñâîåé æèçíè. Íå áûëî íèêîãî áîëåå ñïðàâåäëèâîãî è ÷åñòíîãî âî âñåõ îòíîøåíèÿõ. Ìóæ÷èíû è æåíùèíû øëè ê í[Root.GetHerHim] èçäàëåêà, ÷òîáû ðàçðåøèòü ñâîè ñïîðû. Êîëäáüîðí âûðåçàë ýòè ðóíû.\nÂû ïîêèíóëè êàìåíü, çíàÿ ÷òî ÷åðåç ìíîãî ñòîëåòèé, êîãäà êðàñêà íà í¸ì óæå èñòëååò, ìóäðåöû áóäóò èçó÷àòü ýòè âûðåçàííûå ðóíû, ÷òîáû ïî÷åðïíóòü îò íèõ ìóäðîñòü.;;x
EVTDESC_TOG_569;The runestone you commissioned has been finished and raised on the spot you chose for it. You examine the runes:\n\n[Root.GetFirstName], [Root.GetSonDaughter] of [Root.Father.GetFirstName] and [Root.Mother.GetFirstName], ordered this stone raised in honor of the Gods. No one was more devoted to Odin, and no one was more deserving of a place in Valhalla. These runes were carved by Grim and painted by Borkvard.\n\nYou leave the stone, content in the knowledge that many centuries from now, when its paint has long since faded, scholars will be studying these rune carvings in an effort to glean the wisdom of their words.;;;;;;;;;;;"Çàêàçàííûé Âàìè Ðóííûé Êàìåíü áûë çàâåðø¸í è óñòàíîâëåí íà âûáðàííîå Âàìè ìåñòî. Âû ïðî÷èòàëè Ðóíû:\n[Root.GetFirstName], [Root.GetSonDaughter] ñîþçà ""[Root.Father.GetFirstName] è [Root.Mother.GetFirstName]"", ïðèêàçàë[Root.GetEndA] âîçäâèãíóòü ýòîò êàìåíü âî ñëàâó Áîãîâ. Íèêòî íå áûë òàê ñèëüíî ïîñâÿùåí Îäèíó è íèêòî òàê ñèëüíî íå çàñëóæèâàåò ìåñòà â Âàëãàëëå. Ýòè ðóíû áûëè âûðåçàíû Ãðèìîì è ðàñêðàøåíû Áîðêâàðäîì.\nÂû ïîêèíóëè êàìåíü, çíàÿ ÷òî ÷åðåç ìíîãî ñòîëåòèé, êîãäà êðàñêà íà í¸ì óæå èñòëååò, ìóäðåöû áóäóò èçó÷àòü ýòè âûðåçàííûå ðóíû, ÷òîáû ïî÷åðïíóòü îò íèõ ìóäðîñòü.";;x
EVTDESC_TOG_569B;The runestone you commissioned has been finished and raised on the spot you chose for it. You examine the runes:\n\n[Root.GetFirstName], [Root.GetSonDaughter] of the wild, ordered this stone raised in honor of the Gods. No one was more devoted to Odin, and no one was more deserving of a place in Valhalla. These runes were carved by Grim and painted by Borkvard.\n\nYou leave the stone, content in the knowledge that many centuries from now, when its paint has long since faded, scholars will be studying these rune carvings in an effort to glean the wisdom of their words.;;;;;;;;;;;Çàêàçàííûé Âàìè Ðóííûé Êàìåíü áûë çàâåðøåí è óñòàíîâëåí íà âûáðàííîå Âàìè ìåñòî. Âû ïðî÷èòàëè Ðóíû:\n[Root.GetFirstName], [Root.GetSonDaughter] äèêîé ïðèðîäû, ïðèêàçàë[Root.GetEndA] âîçäâèãíóòü ýòîò êàìåíü âî ñëàâó Áîãîâ. Íèêòî íå áûë òàê ñèëüíî ïîñâÿù¸í Îäèíó è íèêòî òàê ñèëüíî íå çàñëóæèë ìåñòà â Âàëüõàëëå. Ýòè ðóíû áûëè âûðåçàíû Ãðèìîì è ðàñêðàøåíû Áîðêâàðäîì.\nÂû ïîêèíóëè êàìåíü, çíàÿ ÷òî ÷åðåç ìíîãî ñòîëåòèé, êîãäà êðàñêà íà í¸ì óæå èñòëååò, ìóäðåöû áóäóò èçó÷àòü ýòè âûðåçàííûå ðóíû, ÷òîáû ïî÷åðïíóòü îò íèõ ìóäðîñòü.;;x
EVTDESC_TOG_570;The runestone you commissioned has been finished and raised on the spot you chose for it. You examine the runes:\n\n[Root.GetFirstName], [Root.GetSonDaughter] of [Root.Father.GetFirstName] and [Root.Mother.GetFirstName], ordered this stone raised in the name of Christ and Saint Michael. May God preserve [Root.GetHerHis] soul, and lead [Root.GetHerHim] safely to light and paradise. These runes were carved by Thorolf and painted by Balder.\n\nYou leave the stone, content in the knowledge that many centuries from now, when its paint has long since faded, scholars will be studying these rune carvings in an effort to glean the wisdom of their words.;;;;;;;;;;;"Çàêàçàííûé Âàìè Ðóííûé Êàìåíü áûë çàâåðø¸í è óñòàíîâëåí íà âûáðàííîå Âàìè ìåñòî. Âû ïðî÷èòàëè Ðóíû:\n[Root.GetFirstName], [Root.GetSonDaughter] ñîþçà ""[Root.Father.GetFirstName] è [Root.Mother.GetFirstName]"", ïðèêàçàë[Root.GetEndA] âîçäâèãíóòü ýòîò êàìåíü âî ñëàâó Õðèñòà è ñâÿòîãî Ìèõàèëà. Ïóñòü ñïàñ¸ò Áîã [Root.GetHersHis] äóøó è ïðèâåäåò å¸ ê ñâåòó è ðàþ. Ýòè ðóíû áûëè âûðåçàíû Òîðîëüôîì è ðàñêðàøåíû Áàëüäåðîì.\nÂû ïîêèíóëè êàìåíü, çíàÿ ÷òî ÷åðåç ìíîãî ñòîëåòèé, êîãäà êðàñêà íà í¸ì óæå èñòëååò, ìóäðåöû áóäóò èçó÷àòü ýòè âûðåçàííûå ðóíû, ÷òîáû ïî÷åðïíóòü îò íèõ ìóäðîñòü.";;x
EVTDESC_TOG_570B;The runestone you commissioned has been finished and raised on the spot you chose for it. You examine the runes:\n\n[Root.GetFirstName], [Root.GetSonDaughter] of the wild, ordered this stone raised in the name of Christ and Saint Michael. May God preserve [Root.GetHerHis] soul, and lead [Root.GetHerHim] safely to light and paradise. These runes were carved by Thorolf and painted by Balder.\n\nYou leave the stone, content in the knowledge that many centuries from now, when its paint has long since faded, scholars will be studying these rune carvings in an effort to glean the wisdom of their words.;;;;;;;;;;;Çàêàçàííûé Âàìè Ðóííûé Êàìåíü áûë çàâåðøåí è óñòàíîâëåí íà âûáðàííîå Âàìè ìåñòî. Âû ïðî÷èòàëè Ðóíû:\n[Root.GetFirstName], [Root.GetSonDaughter] äèêîé ïðèðîäû, ïðèêàçàë[Root.GetEndA] âîçäâèãíóòü ýòîò êàìåíü âî ñëàâó Õðèñòà è ñâÿòîãî Ìèõàèëà. Ïóñòü ñïàñ¸ò Áîã [Root.GetHersHis] äóøó è ïðèâåäåò å¸ ê ñâåòó è ðàþ. Ýòè ðóíû áûëè âûðåçàíû Òîðîëüôîì è ðàñêðàøåíû Áàëüäåðîì.\nÂû ïîêèíóëè êàìåíü, çíàÿ ÷òî ÷åðåç ìíîãî ñòîëåòèé, êîãäà êðàñêà íà í¸ì óæå èñòëååò, ìóäðåöû áóäóò èçó÷àòü ýòè âûðåçàííûå ðóíû, ÷òîáû ïî÷åðïíóòü îò íèõ ìóäðîñòü.;;x
EVTDESC_TOG_571;The runestone you commissioned has been finished and raised on the spot you chose for it. You examine the runes:\n\n[Root.GetFirstName], [Root.GetSonDaughter] of [Root.Father.GetFirstName] and [Root.Mother.GetFirstName], had these runes carved in [Root.GetHerHis] own lifetime. No one was more feared than [Root.GetFirstName] in the realm of Men, and [Root.GetHerHis] enemies suffered the pains of a thousand deaths for daring to oppose [Root.GetHerHim].\n\nYou leave the stone, content in the knowledge that many centuries from now, when its paint has long since faded, scholars will be studying these rune carvings in an effort to glean the wisdom of their words.;;;;;;;;;;;"Çàêàçàííûé Âàìè Ðóííûé Êàìåíü áûë çàâåðø¸í è óñòàíîâëåí íà âûáðàííîå Âàìè ìåñòî. Âû ïðî÷èòàëè Ðóíû:\n[Root.GetFirstName], [Root.GetSonDaughter] ñîþçà ""[Root.Father.GetFirstName] è [Root.Mother.GetFirstName]"", âûðåçàë[Root.GetEndA] ýòè ðóíû ïðè ñâîåé æèçíè. Íå áûëî íèêîãî óæàñíåå â öàðñòâå ëþäåé. Òûñÿ÷è âðàãîâ ñòðàäàëè îò áîëè â ïîïûòêàõ ïðîòèâîñòîÿòü [Root.GetHerHim].\nÂû ïîêèíóëè êàìåíü, çíàÿ ÷òî ÷åðåç ìíîãî ñòîëåòèé, êîãäà êðàñêà íà í¸ì óæå èñòëååò, ìóäðåöû áóäóò èçó÷àòü ýòè âûðåçàííûå ðóíû, ÷òîáû ïî÷åðïíóòü îò íèõ ìóäðîñòü.";;x
EVTDESC_TOG_571B;The runestone you commissioned has been finished and raised on the spot you chose for it. You examine the runes:\n\n[Root.GetFirstName], [Root.GetSonDaughter] of the wild, had these runes carved in [Root.GetHerHis] own lifetime. No one was more feared than [Root.GetFirstName] in the realm of Men, and [Root.GetHerHis] enemies suffered the pains of a thousand deaths for daring to oppose [Root.GetHerHim].\n\nYou leave the stone, content in the knowledge that many centuries from now, when its paint has long since faded, scholars will be studying these rune carvings in an effort to glean the wisdom of their words.;;;;;;;;;;;Çàêàçàííûé Âàìè Ðóííûé Êàìåíü áûë çàâåðøåí è óñòàíîâëåí íà âûáðàííîå Âàìè ìåñòî. Âû ïðî÷èòàëè Ðóíû:\n[Root.GetFirstName], [Root.GetSonDaughter] äèêîé ïðèðîäû, âûðåçàë[Root.GetEndA] ýòè ðóíû ïðè ñâîåé æèçíè. Íå áûëî íèêîãî óæàñíåå â öàðñòâå ëþäåé. Òûñÿ÷è âðàãîâ ñòðàäàëè îò áîëè â ïîïûòêàõ ïðîòèâîñòîÿòü [Root.GetHerHim].\nÂû ïîêèíóëè êàìåíü, çíàÿ ÷òî ÷åðåç ìíîãî ñòîëåòèé, êîãäà êðàñêà íà í¸ì óæå èñòëååò, ìóäðåöû áóäóò èçó÷àòü ýòè âûðåçàííûå ðóíû, ÷òîáû ïî÷åðïíóòü îò íèõ ìóäðîñòü.;;x
EVTDESC_TOG_572;The runestone you commissioned has been finished and raised on the spot you chose for it. You examine the runes:\n\n[Root.GetFirstName], the human vessel of Xuhmalz, the great demonic lord of the Realm of Zulmarakh, had these runes carved to celebrate the immense power of [Root.GetHerHis] master. Quake in fear, pitiful mortals. A thousand years from now a great darkness shall descend upon the world, consuming all those unworthy and chaining the rest into eternal slavery in service of Lord Xuhmalz.\n\nYou leave the stone, content in the knowledge that many centuries from now, when its paint has long since faded, scholars will be studying these rune carvings in an effort to glean the wisdom of their words.;;;;;;;;;;;Çàêàçàííûé Âàìè Ðóííûé Êàìåíü áûë çàâåðø¸í è óñòàíîâëåí íà âûáðàííîå Âàìè ìåñòî. Âû ïðî÷èòàëè Ðóíû:\n[Root.GetFirstName], ÷åëîâå÷åñêèé ñîñóä Êñóõìàëçà, âåëèêîãî ïîâåëèòåëÿ äåìîíîâ öàðñòâà Çóëìàðàõ, âûðåçàë ýòè ðóíû, ÷òîáû îòìåòèòü îãðîìíóþ âëàñòü ñâîåãî ãîñïîäèíà. Òðåïåùèòå, æàëêèå ñìåðòíûå. Ïðîéäåò òûñÿ÷à ëåò è âåëèêàÿ òüìà ïðèä¸ò â ýòîò ïðîêëÿòûé ìèð, ïîãëîòèâ íåäîñòîéíûõ è îáðàòèâ âñåõ ïðî÷èõ â âå÷íîå ðàáñòâî.\nÂû ïîêèíóëè êàìåíü, çíàÿ ÷òî ÷åðåç ìíîãî ñòîëåòèé, êîãäà êðàñêà íà í¸ì óæå èñòëååò, ìóäðåöû áóäóò èçó÷àòü ýòè âûðåçàííûå ðóíû, ÷òîáû ïî÷åðïíóòü îò íèõ ìóäðîñòü.;;x
EVTDESC_TOG_580;The winds of change are blowing. Our people have abandoned some of our older traditions, and the practise of raising runestones is one that is no longer observed. Apparently the latest fad has people writing with ink on parchment and vellum instead.;;;;;;;;;;;Çàäóë âåòåð ïåðåìåí. Íàøè ëþäè ïîçàáûëè íåêîòîðûå íàøè ñòàðûå òðàäèöèè, è òðàäèöèÿ âîçâåäåíèÿ ðóííûõ êàìíåé áîëüøå íå ñîáëþäàåòñÿ. Âèäèìî âìåñòî ýòîãî â ìîäå â ïîñëåäíåå âðåìÿ ñòàëî ïèñàòü ÷åðíèëàìè ïî ïåðãàìåíòó.;;x
EVTNAME_TOG_510;In Memory of [Root.Father.GetFirstName];;;;;;;;;;;Bå÷íàÿ ïàìÿòü - [Root.Father.GetFirstName];;x
EVTNAME_TOG_530;In Memory of [Root.Mother.GetFirstName];;;;;;;;;;;Bå÷íàÿ ïàìÿòü - [Root.Mother.GetFirstName];;x
EVTNAME_TOG_550;The Stone is Raised;;;;;;;;;;;Kàìåíü âîçäâèãíóò;;x
EVTOPTA_TOG_500;Let it speak of me.;;;;;;;;;;;Ïóñòü îí ãîâîðèò îáî ìíå.;;x
EVTOPTA_TOG_501;Oh, I don't know. Make something up.;;;;;;;;;;;Îé, ÿ äàæå íå çíàþ. Ñäåëàéòå, êàê ñ÷èòàåòå íóæíûì.;;x
EVTOPTA_TOG_550;It's perfect!;;;;;;;;;;;Îí ïðåâîñõîäåí!;;x
EVTOPTA_TOG_580;What will they think of next?;;;;;;;;;;;Êàêîâà áóäåò èõ ñëåäóþùàÿ ìûñëü?;;x
EVTOPTB_TOG_500;It shall stand in memory of [Root.Father.GetTitledFirstName], my departed father.;;;;;;;;;;;Ìîé îòåö, [Root.Father.GetTitledFirstName] - îí áóäåò âîçäâèãíóò â åãî ÷åñòü.;;x
EVTOPTB_TOG_501;I know exactly what the stone should say...;;;;;;;;;;;ß òî÷íî çíàþ î ÷åì êàìåíü äîëæåí ãîâîðèòü...;;x
EVTOPTC_TOG_500;It shall stand in memory of [Root.Mother.GetTitledFirstName], my beloved mother.;;;;;;;;;;;Ìîÿ ìàòü, [Root.Mother.GetTitledFirstName] - îí áóäåò âîçäâèãíóò â å¸ ÷åñòü.;;x
EVTOPTC_TOG_501;It schall shpeak of mead, schpirits, *hic* and other ssusch wondersch.;;;;;;;;;;;Îí... áóäò õàâàðèòü î... ì¸äå, âèíå *èê* è äððóõèõ ùó-äåñàõ!;;x
EVTOPTD_TOG_501;It must share my beauty with the world.;;;;;;;;;;;Îí äîëæåí ïîêàçàòü ìîþ êðàñîòó ìèðó.;;x
EVTOPTE_TOG_501;Let it show what a giant I was despite my stature.;;;;;;;;;;;Ïóñêàé îí ïîêàæåò ìîþ ãðàíäèîçíîñòü, íå ñìîòðÿ íà ìîé ðîñò.;;x
EVTOPTF_TOG_501;My wisdom must be preserved.;;;;;;;;;;;Ìîÿ ìóäðîñòü äîëæíà áûòü óâåêîâå÷åíà.;;x
EVTOPTI_TOG_501;Uhm... you decide...;;;;;;;;;;;Õì... Âàì ðåøàòü...;;x
EVTOPTJ_TOG_501;The runes must say that I had the strength of ten men!;;;;;;;;;;;Ðóíû äîëæíû ãîâîðèòü, ÷òî ÿ ñèëüíåå 10 ÷åëîâåê!;;x
EVTOPTK_TOG_501;My great knowledge of the world.;;;;;;;;;;;Ìî¸ âåëèêîå çíàíèå ìèðà.;;x
EVTOPTL_TOG_501;I care not what you write, but it must show my impaled enemies!;;;;;;;;;;;Ïèøèòå, ÷òî õîòèòå, íî óïîìÿíèòå ïîâåðæåííûõ âðàãîâ.;;x
EVTOPTM_TOG_501;It should speak of summer fields, moonlit nights and...;;;;;;;;;;;Ïóñòü îí ãîâîðèò î ëåòíèõ ïîëÿõ, ëóííûõ íî÷àõ è...;;x
EVTOPTN_TOG_501;Just carve in my image and make sure it is well-endowed.;;;;;;;;;;;Âûðåæüòå ìîé ïîðòðåò è ïðîñëåäèòå, ÷òîáû îí âûøåë õîðîøî.;;x
EVTOPTO_TOG_501;Carve in all of my favorite recipes.;;;;;;;;;;;Âûðåæòå âñå ìîè ëþáèìûå ðåöåïòû.;;x
EVTOPTP_TOG_501;Let it speak of sharing.;;;;;;;;;;;Ïóñòü îí ãîâîðèò î âçàèìîïîìîùè.;;x
EVTOPTQ_TOG_501;It should mention the importance of being kind to others.;;;;;;;;;;;Ïóñòü îí ãîâîðèò î äîáðîòå.;;x
EVTOPTR_TOG_501;You will mention my greatness and the epic deeds I have performed.;;;;;;;;;;;Âû îòìåòèòå ìî¸ âåëè÷èå è ìîè âåëèêèå ñâåðøåíèÿ.;;x
EVTOPTS_TOG_501;Oh, there is not much to say...;;;;;;;;;;;Îõ, çäåñü îñîáî íå î ÷åì ãîâîðèòü...;;x
EVTOPTT_TOG_501;It will say that I feared nothing.;;;;;;;;;;;Ïóñòü ãîâîðèò î òîì, ÷òî ÿ íè÷åãî íå áîþñü.;;x
EVTOPTU_TOG_501;I wish to be known for my fairness in all things.;;;;;;;;;;;Ìíå áû õîòåëîñü èçâåñòíîñòè çà ìîþ ñïðàâåäëèâîñòü.;;x
EVTOPTV_TOG_501;My strong bonds to Odin.;;;;;;;;;;;Ìîþ êðåïêóþ ñâÿçü ñ Îäèíîì.;;x
EVTOPTX_TOG_501;My harsh but necessary actions.;;;;;;;;;;;Ìîè ñóðîâûå, íî íåîáõîäèìûå äåéñòâèÿ.;;x
EVTOPTY_TOG_501;The demon within me must be heard.;;;;;;;;;;;Äåìîí âî ìíå äîëæåí áûòü óñëûøàí.;;x
EVTOPTZ_TOG_501;My Christian faith.;;;;;;;;;;;Ìîþ õðèñòèàíñêóþ âåðó.;;x
