EVTDESC_WOL_2002;Life in the shadows is a risky affair - eavesdroppers can be discovered, plots can backfire, and vengeful victims come after you dagger in hand! I am not proud of what I do, but it is for the greater good.;;;;;;;;;;;Æèçíü â òåíè îïàñíà è íåïðåäñêàçóåìà - øïèîíîâ ìîãóò ïîéìàòü, çàãîâîðû ìîãóò îáåðíóòüñÿ ïðîòèâ Âàñ, à êàêàÿ-íèáóäü ìñòèòåëüíàÿ æåðòâà âíåçàïíî ïðèñòàâèòü êèíæàë ê Âàøåìó ãîðëó. ß íå ãîðæóñü òåì, ÷òî äåëàþ, íî âñ¸ ýòî äëÿ îáùåãî áëàãà.;;x
EVTDESC_WOL_2003;Even the mightiest army can be defeated by a single [Root.GetManWoman]. Cut off the head and the body falls. I am [Root.GetFirstName] - [Root.GetMasterMistress] of Shadows.;;;;;;;;;;;Äàæå ñàìîå ìîùíîå âîéñêî ìîæåò áûòü ïîâåðæåíî äåéñòâèÿìè îäíîãî ÷åëîâåêà, îòðåæüòå ãîëîâó è òåëî ïàä¸ò. ß, [Root.GetFirstName] - âëàäûêà òåíåé.;;x
EVTDESC_WOL_2050;I - and my trusted snoops and sneaks - will keep a very close eye on the activities of [From.GetTitledName]... a close eye indeed.;;;;;;;;;;;Ïðè ïîìîùè ñâîèõ ëþäåé, ÿ áóäó âíèìàòåëüíî ñëåäèòü çà òåì, ÷òî äåëàåò [From.GetTitledFirstName]... î÷åíü âíèìàòåëüíî.;;x
EVTDESC_WOL_2061;There is no point spying on [target_spy_on.GetTitledFirstName] anymore, considering [target_spy_on.GetSubjectPronoun] is dead!;;;;;;;;;;;[FromFromFrom.GetTitledFirstName] áîëüøå íå íóæäàåòñÿ â ìî¸ì ïðèñòàëüíîì âíèìàíèè - íåò ñìûñëà ñëåäèòü çà ìåðòâåöîì.;;x
EVTDESC_WOL_2062;[target_spy_on.GetTitledFirstName] has ended up in prison, so there's no point spying on [target_spy_on.GetObjectPronoun] anymore.;;;;;;;;;;;[FromFromFrom.GetTitledFirstName] òåïåðü â òþðüìå, íåò ñìûñëà ïðîäîëæàòü ñëåæêó.;;x
EVTDESC_WOL_2063;[target_spy_on.GetTitledFirstName], the target of my current spy efforts, has tragically fallen comatose, making the endeavour pointless.;;;;;;;;;;;[FromFromFrom.GetTitledFirstName], öåëü ìîåãî øïèîíàæà, òåïåðü â êîìå. Íåò ñìûñëà ïðîäîëæàòü ñëåæêó.;;x
EVTDESC_WOL_2064;[target_spy_on.GetTitledFirstName] is no longer present in the realm, so there is no further point to my spying.;;;;;;;;;;;[FromFromFrom.GetTitledFirstName] òåïåðü çà ïðåäåëàìè ñòðàíû, òàê ÷òî áîëüøå íåò âîçìîæíîñòè ïðîäîëæàòü ñëåæêó.;;x
EVTDESC_WOL_2065;I am not having much luck spying on [target_spy_on.GetTitledFirstName]. Perhaps I should focus my efforts elsewhere?;;;;;;;;;;;Ìîè ïîïûòêè øïèîíàæà íè ê ÷åìó íå ïðèâåëè, [FromFromFrom.GetTitledFirstName] íå äàë[FromFromFrom.GetEndA] ìíå íèêàêèõ çàöåïîê. Âîçìîæíî, ñòîèò ñîñðåäîòî÷èòü ñâîè óñèëèÿ íà ÷¸ì-òî äðóãîì?;;x
EVTDESC_WOL_2071;My spying on [target_spy_on.GetTitledName] has revealed [target_spy_on.GetPossPronoun] complicity in a shadowy plot to [uncovered_plotter.GetPlot]!;;;;;;;;;;;Ñëåæêà ïîçâîëèëà ìíå óçíàòü, ÷òî [target_spy_on.GetTitledFirstName] ó÷àñòâóåò â çàãîâîðå ñ öåëüþ [From.GetPlot]!;;x
EVTDESC_WOL_2080;My snoops overheard [target_spy_on.GetTitledName] as [target_spy_on.GetSubjectPronoun] told shocking lies about [target_spy_on.GetPossPronoun] rightful liege! How should I use this information?;;;;;;;;;;;Ìîè ëþäè óñëûøàëè, êàê [FromFromFrom.GetTitledFirstName] ðàñïðîñòðàíÿåò øîêèðóþùóþ ëîæü î ñâî¸ì çàêîííîì ñþçåðåíå! Êàê ìíå èñïîëüçîâàòü ýòè ñâåäåíèÿ?;;x
EVTDESC_WOL_2080_BASTARD;I have unearthed authentic love letters proving that [target_spy_on.GetTitledName] is actually a bastard! [target_spy_on.GetPossPronounCap] mother, [target_spy_on.Mother.GetTitledFirstName] had a torrid love affair with [target_spy_on.RealFather.GetTitledName]. How should I use this shocking information?;;;;;;;;;;;Ìíå óäàëîñü ðàñêîïàòü ïîäëèííûå ëþáîâíûå ïèñüìà, äîêàçûâàþùèå, ÷òî [FromFromFrom.GetTitledFirstName] - áàñòàðä! [FromFromFrom.Mother.GetTitledFirstName], [FromFromFrom.GetAbsPossPronoun] ìàòü, êðóòèëà áóðíûé ðîìàí íà ñòîðîíå, íàñòîÿùèé îòåö - [FromFromFrom.RealFather.GetTitledFirstName]. Êàê æå ìíå èñïîëüçîâàòü ýòè öåííûå ñâåäåíèÿ?;;x
EVTDESC_WOL_2080_DEVIANT;My eyes and ears have discovered the bizarre and repulsive truth about [target_spy_on.GetTitledName]'s sexual preferences. How should I use this juicy information?;;;;;;;;;;;Ìíå îòêðûëàñü ïðè÷óäëèâàÿ è îòâðàòèòåëüíàÿ èñòèíà - [FromFromFrom.GetTitledFirstName] âåä¸ò äîâîëüíî ñòðàííóþ æèçíü, [FromFromFrom.GetHersHis] ñêëîííîñòè è ïðåäïî÷òåíèÿ äàëåêè îò íîðì ïðèëè÷èé. Êàê æå èñïîëüçîâàòü ýòè ñâåäåíèÿ?;;x
EVTDESC_WOL_2080_HERETIC;Thanks to my loyal spies, I have found out that [target_spy_on.GetTitledName] is attempting to promote [target_spy_on.GetPossPronoun] vile heresies. How should I use this information?;;;;;;;;;;;Áëàãîäàðÿ ìîèì âåðíûì øïèîíàì, ìíå óäàëîñü óçíàòü, ÷òî [FromFromFrom.GetTitledFirstName] ïûòàåòñÿ ðàñïðîñòðàíÿòü ñâîþ ìåðçêóþ åðåñü. Êàê ìíå ëó÷øå ïðèìåíèòü ïîëó÷åííûå ñâåäåíèÿ?;;x
EVTDESC_WOL_2080_INFIDEL;My trusted informants tell me that [target_spy_on.GetTitledName] is preaching [target_spy_on.GetPossPronoun] false religion in [target_spy_on.Capital.GetName]. How should I use this information?;;;;;;;;;;;Äîâåðåííûå èíôîðìàòîðû ñîîáùàþò, ÷òî [FromFromFrom.GetTitledFirstName] ïðîïîâåäóåò ëîæíóþ ðåëèãèþ ñðåäè [FromFromFrom.Capital.County.GetAdjective]ñêîãî íàñåëåíèÿ. Êàê ìíå èñïîëüçîâàòü ýòè ñâåäåíèÿ?;;x
EVTDESC_WOL_2080_TRAITOR;Though of somewhat dubious provenance, I have received information that [target_spy_on.GetTitledName] is plotting treason against [target_spy_on.GetPossPronoun] rightful liege! How should I use this explosive information?;;;;;;;;;;;Èç ñîìíèòåëüíûõ èñòî÷íèêîâ ìíå óäàëîñü óçíàòü, ÷òî [FromFromFrom.GetTitledFirstName] çàìûøëÿåò çàãîâîð ïðîòèâ ñâîåãî ñþçåðåíà. Êàê ìíå èñïîëüçîâàòü ýòè øîêèðóþùèå ñâåäåíèÿ?;;x
EVTDESC_WOL_2081;[From.GetTitledName] claims to have proof that I have slandered [From.GetObjectPronoun] - just cause for arrest and imprisonment!;;;;;;;;;;;[From.GetTitledFirstName] îáâèíÿåò ìåíÿ â êëåâåòå è óòâåðæäàåò, ÷òî ìîæåò ýòî äîêàçàòü, à ýòî ïîâîä, ÷òîáû îòïðàâèòü ìåíÿ â òþðüìó!;;x
EVTDESC_WOL_2081_BASTARD;[From.GetTitledName] claims to have discovered proof that my real father is in fact [Root.RealFather.GetTitledName], making me a bastard! I could be arrested, or even have my titles revoked over this!;;;;;;;;;;;[From.GetTitledFirstName] óòâåðæäàåò, ÷òî ðàñêðûë ïðàâäó î òîì, ÷òî ìîé îòåö íà ñàìîì äåëå - [Root.RealFather.GetTitledFirstName], ýòî îçíà÷àåò, ÷òî ÿ - áàñòàðä! Òåïåðü ìåíÿ ìîãóò àðåñòîâàòü è îòîçâàòü òèòóëû!;;x
EVTDESC_WOL_2081_DEVIANT;[From.GetTitledName] claims to have unearthed shocking evidence of my criminal deviancy and low morals. I could be arrested over this slander.;;;;;;;;;;;[From.GetTitledFirstName] óòâåðæäàåò, ÷òî çàïîëó÷èë øîêèðóþùèå äîêàçàòåëüñòâà ìîèõ ïðåñòóïíûõ íðàâîâ è àìîðàëüíîãî ïîâåäåíèÿ. Èç-çà ýòîé êëåâåòû ìåíÿ ìîãóò àðåñòîâàòü.;;x
EVTDESC_WOL_2081_HERETIC;[From.GetTitledName] is claiming that I am promoting heresy! I could be arrested over this.;;;;;;;;;;;[From.GetTitledFirstName] óòâåðæäàåò, ÷òî ÿ ðàñïðîñòðàíÿþ åðåñü! Ìåíÿ ìîãóò àðåñòîâàòü çà ýòî.;;x
EVTDESC_WOL_2081_INFIDEL;[From.GetTitledName] is claiming that I am attempting to spread my [Root.Religion.GetGroupName] faith! I could be arrested over this.;;;;;;;;;;;[From.GetTitledFirstName] óòâåðæäàåò, ÷òî ÿ ïðîïîâåäóþ [Root.GetReligionGroupFullName]. Çà ýòî ìåíÿ ìîãóò àðåñòîâàòü.;;x
EVTDESC_WOL_2081_TRAITOR;[From.GetTitledName] is publicly denouncing me as a traitor, claiming to have witnesses that can testify against me. I could be arrested, or even have my titles revoked over this!;;;;;;;;;;;[From.GetTitledFirstName] ïðèëþäíî îáâèíÿåò ìåíÿ â ãîñóäàðñòâåííîé èçìåíå, óòâåðæäàÿ, ÷òî åñòü ñâèäåòåëè, êîòîðûå ìîãóò ýòî ïîäòâåðäèòü. Ìåíÿ ìîãóò àðåñòîâàòü èëè äàæå îòîçâàòü ìîè òèòóëû!;;x
EVTDESC_WOL_2082;[From.GetTitledName] has provided me with proof that [target_spy_on.GetTitledName] has been viciously slandering me! How should I use this information?;;;;;;;;;;;[From.GetTitledFirstName] ïðèâîäèò ìíå äîêàçàòåëüñòâà òîãî, ÷òî [target_spy_on.GetTitledFirstName] ïîäëî êëåâåùåò íà ìåíÿ! Êàê ìíå èñïîëüçîâàòü ýòè ñâåäåíèÿ?;;x
EVTDESC_WOL_2082_BASTARD;[From.GetTitledName] has unearthed authentic love letters proving that [target_spy_on.GetTitledName] is actually a bastard! [target_spy_on.GetPossPronounCap] mother, [target_spy_on.Mother.GetTitledFirstName] had a torrid love affair with [target_spy_on.RealFather.GetTitledName]. How should I use this shocking information?;;;;;;;;;;;[From.GetTitledFirstName] ïîêàçàë[From.GetEndA] ìíå ëþáîâíûå ïèñüìà, äîêàçûâàþùèå, ÷òî [target_spy_on.GetTitledFirstName] - áàñòàðä! [target_spy_on.Mother.GetTitledFirstName], [target_spy_on.GetAbsPossPronoun] ìàòü, êðóòèëà áóðíûé ðîìàí íà ñòîðîíå, íàñòîÿùèé îòåö - [target_spy_on.RealFather.GetTitledFirstName]. Êàê ìíå èñïîëüçîâàòü ýòè øîêèðóþùèå ñâåäåíèÿ?;;x
EVTDESC_WOL_2082_DEVIANT;[From.GetTitledName] has given me bizarre and repulsive evidence concerning [target_spy_on.GetTitledName]'s sexual preferences. How should I use this juicy information?;;;;;;;;;;;[From.GetTitledFirstName] ïðèâåë[From.GetEndA] ìíå äîêàçàòåëüñòâà òîãî, ÷òî [target_spy_on.GetTitledFirstName] âåä¸ò äîâîëüíî ñòðàííóþ æèçíü, ïîëíóþ ïðè÷óäëèâûõ è îòâðàòèòåëüíûõ íàêëîííîñòåé. Êàê ìíå èñïîëüçîâàòü ýòè ñâåäåíèÿ?;;x
EVTDESC_WOL_2082_HERETIC;[From.GetTitledName] claims that [target_spy_on.GetTitledName] is attempting to promote vile heresies. How should I use this information?;;;;;;;;;;;[From.GetTitledFirstName] óòâåðæäàåò, ÷òî [target_spy_on.GetTitledFirstName] ðàñïðîñòðàíÿåò åðåñü. Êàê ìíå èñïîëüçîâàòü ýòè ñâåäåíèÿ?;;x
EVTDESC_WOL_2082_INFIDEL;[From.GetTitledName] tell me that [target_spy_on.GetTitledName] is preaching [target_spy_on.GetPossPronoun] false religion in [target_spy_on.Capital.Capital.GetName]. How should I respond to this?;;;;;;;;;;;[From.GetTitledFirstName] ãîâîðèò ìíå, ÷òî [target_spy_on.GetTitledFirstName] ïðîïîâåäóåò ëîæíóþ ðåëèãèþ ñðåäè [target_spy_on.Capital.County.GetAdjective]ñêîãî íàñåëåíèÿ. ×òî ìíå äåëàòü ñ ýòèìè ñâåäåíèÿìè?;;x
EVTDESC_WOL_2082_TRAITOR;Though of somewhat dubious provenance, [From.GetTitledName] has presented me with evidence that [target_spy_on.GetTitledName] is plotting treason against me! How should I respond to this?;;;;;;;;;;;[From.GetTitledFirstName] ïðåäîñòàâèë[From.GetEndA] ìíå äîêàçàòåëüñòâà, ÷òî [target_spy_on.GetTitledFirstName] çàìûøëÿåò çàãîâîð ïðîòèâ ìåíÿ! Êàê ìíå ïîñòóïèòü ñ ýòèìè ñâåäåíèÿìè?;;x
EVTDESC_WOL_2083;[From.GetTitledName] was grateful, and upset, about the evidence I provided against [target_spy_on.GetTitledName]. [target_spy_on.GetSubjectPronounCap] has been publicly denounced and humiliated!;;;;;;;;;;;[From.GetTitledFirstName] âûðàçèë[From.GetEndA] áëàãîäàðíîñòü è ñîæàëåíèå ïî ïîâîäó äîêàçàòåëüñòâ, ïðåäîñòàâëåííûõ ìíîé - ïóáëè÷íîå ðàçîáëà÷åíèå è óíèæåíèå, êîòîðûå èñïûòûâàåò íà ñåáå [target_spy_on.GetTitledFirstName], äîñòîéíû êëàññè÷åñêîé òðàãåäèè.;;x
EVTDESC_WOL_2084;[From.GetTitledName] was grateful, and upset, about the evidence I provided against [target_spy_on.GetTitledName], and will use it to blackmail [target_spy_on.GetObjectPronoun] out of factionalism.;;;;;;;;;;;[From.GetTitledFirstName] âûðàçèë[From.GetEndA] áëàãîäàðíîñòü è ñîæàëåíèå ïî ïîâîäó äîêàçàòåëüñòâ, ïðåäîñòàâëåííûõ ìíîé è áóäåò èñïîëüçîâàòü èõ äëÿ øàíòàæà - òåïåðü [target_spy_on.GetTitledFirstName] ñêîðåå âñåãî áóäåò äåðæàòüñÿ ïîäàëüøå îò ïîëèòèêè.;;x
EVTDESC_WOL_2085;[From.GetTitledName] reacted with shock at the evidence I provided against [target_spy_on.GetTitledName], but will not take any action against [target_spy_on.GetObjectPronoun].;;;;;;;;;;;[From.GetTitledFirstName] âûðàçèë[From.GetEndA] êðàéíåå óäèâëåíèå ïî ïîâîäó ïðåäîñòàâëåííûõ äîêàçàòåëüñòâ, íî íå ñòàíåò ïðåäïðèíèìàòü ÷òî-ëèáî - [target_spy_on.GetTitledFirstName] âûéäåò ñóõèì èç âîäû.;;x
EVTDESC_WOL_2086;[From.GetTitledName] claims to have proof that I have slandered [From.GetObjectPronoun]. [From.GetSubjectPronounCap] promises to keep this to [From.GetReflexivePronoun] if I promise to stay out of all factions...;;;;;;;;;;;[From.GetTitledFirstName] óòâåðæäàåò, ÷òî ìîæåò ïðåäñòàâèòü äîêàçàòåëüñòâà ìîåé êëåâåòû â ñâîé àäðåñ. [From.GetSubjectPronounCap] îáåùàåò íå ðàñêðûâàòü èõ, åñëè ÿ áóäó äåðæàòüñÿ ïîäàëüøå îò ïîëèòèêè.;;x
EVTDESC_WOL_2086_BASTARD;[From.GetTitledName] claims to have discovered proof that my real father is in fact [Root.RealFather.GetTitledName], making me a bastard! [From.GetSubjectPronounCap] promises to keep this to [From.GetReflexivePronoun] if I promise to stay out of all factions...;;;;;;;;;;;[From.GetTitledFirstName] óòâåðæäàåò, ÷òî îáëàäàåò äîêàçàòåëüñòâàìè òîãî, ÷òî ìîé îòåö íà ñàìîì äåëå - [Root.RealFather.GetTitledFirstName], à ÿ - âñåãî ëèøü áàñòàðä! [From.GetSubjectPronounCap] îáåùàåò ìîë÷àòü îá ýòîì, åñëè ÿ áóäó äåðæàòüñÿ ïîäàëüøå îò ïîëèòèêè.;;x
EVTDESC_WOL_2086_DEVIANT;[From.GetTitledName] claims to have unearthed shocking evidence of my criminal deviancy and low morals. [From.GetSubjectPronounCap] promises to keep this to [From.GetReflexivePronoun] if I promise to stay out of all factions...;;;;;;;;;;;[From.GetTitledFirstName] ãîâîðèò, ÷òî çíàåò î ìî¸ì àìîðàëüíîì ïîâåäåíèè è îáëàäàåò íåîáõîäèìûìè äîêàçàòåëüñòâàìè. [From.GetSubjectPronounCap] îáåùàåò ìîë÷àòü îá ýòîì, åñëè ÿ áóäó äåðæàòüñÿ ïîäàëüøå îò ïîëèòèêè.;;x
EVTDESC_WOL_2086_HERETIC;[From.GetTitledName] is claiming to know that I am promoting heresy, but promises to keep this to [From.GetReflexivePronoun] if I promise to stay out of all factions...;;;;;;;;;;;[From.GetTitledFirstName] óòâåðæäàåò, ÷òî ÿ ðàñïðîñòðàíÿþ åðåñü è îáåùàåò íå ðàçîáëà÷àòü ìåíÿ, åñëè ÿ áóäó äåðæàòüñÿ ïîäàëüøå îò ôðàêöèé.;;x
EVTDESC_WOL_2086_INFIDEL;[From.GetTitledName] is claiming to know about my attempts to spread my [Root.Religion.GetGroupName] faith! [From.GetSubjectPronounCap] promises to keep this to [From.GetReflexivePronoun] if I promise to stay out of all factions...;;;;;;;;;;;[From.GetTitledFirstName] ãîâîðèò, ÷òî çíàåò î ìîèõ ïîïûòêàõ ïðîïîâåäîâàòü [Root.GetReligionGroupFullName]. [From.GetSubjectPronounCap] îáåùàåò ìîë÷àòü îá ýòîì, åñëè ÿ áóäó äåðæàòüñÿ ïîäàëüøå îò ïîëèòèêè.;;x
EVTDESC_WOL_2086_TRAITOR;[From.GetTitledName] is claiming to have witnesses that can testify to the fact that I'm a traitor! [From.GetSubjectPronounCap] promises to keep this to [From.GetReflexivePronoun] if I promise to stay out of all factions...;;;;;;;;;;;[From.GetTitledFirstName] ãîâîðèò, ÷òî çíàåò î ìî¸ì ïðåäàòåëüñòâå - ó í[From.GetHersHis] åñòü ñâèäåòåëè, êîòîðûå ìîãóò ýòî ïîäòâåðäèòü. [From.GetSubjectPronounCap] îáåùàåò íå ïðåäïðèíèìàòü íè÷åãî, åñëè ÿ áóäó äåðæàòüñÿ ïîäàëüøå îò ïîëèòèêè.;;x
EVTDESC_WOL_2087;When confronted with the evidence, [From.GetTitledFirstName] swore to stay out of all factions and be loyal.;;;;;;;;;;;Äîêàçàòåëüñòâà îêàçàëè íåîáõîäèìûé ýôôåêò -[From.GetTitledFirstName] çàâåðèë[From.GetEndA] î ñâîåé ëîÿëüíîñòè è îáåùàåò äåðæàòüñÿ ïîäàëüøå îò ïîëèòèêè.;;x
EVTDESC_WOL_2088;[From.GetTitledFirstName] just laughed at the evidence, flat out refusing to stop meddling in political factionalism.;;;;;;;;;;;Äîêàçàòåëüñòâà íå ïðîèçâåëè íóæíîãî ýôôåêòà - [From.GetTitledFirstName] ëèøü ðàññìåÿ[From.GetLasLsya] ìíå â ëèöî, ïîäòâåðäèâ ñâîé îòêàç äåðæàòüñÿ ïîäàëüøå îò ìîèõ ïîëèòè÷åñêèõ ïðîòèâíèêîâ.;;x
EVTDESC_WOL_2090;When confronted with the evidence, [From.GetTitledFirstName] swore to join my factions.;;;;;;;;;;;Äîêàçàòåëüñòâà ïðîèçâåëè íóæíûé ýôôåêò - [From.GetTitledFirstName] îáåùàåò ìíå ïîëèòè÷åñêóþ ïîääåðæêó è âñòóïëåíèå â ìîè ôðàêöèè.;;x
EVTDESC_WOL_2091;[From.GetTitledFirstName] just laughed at the evidence, flat out refusing to join my factions.;;;;;;;;;;;Äîêàçàòåëüñòâà íå ïðîèçâåëè íóæíîãî ýôôåêòà - [From.GetTitledFirstName] ëèøü ðàññìåÿ[From.GetLasLsya]  ìíå â ëèöî, ïîäòâåðäèâ òåì ñàìûì ñâîé îòêàç ïîääåðæàòü ìåíÿ íà ïîëèòè÷åñêîì ôðîíòå è âñòóïàòü â ìîè ôðàêöèè.;;x
EVTDESC_WOL_2100;I have found out nothing new and useful about [target_spy_on.GetTitledName], but, as my shady informant pointed out, there is nothing preventing me from making stuff up. The bigger the lie...;;;;;;;;;;;[target_spy_on.GetTitledFirstName] - ñàìà ïîðÿäî÷íîñòü, âî âñÿêîì ñëó÷àå ìíå íå óäàëîñü íàéòè íè÷åãî íîâîãî è ïîëåçíîãî î [target_spy_on.GetHersHis] ïðîøëîì. Íî, êàê îòìåòèë ìîé îñâåäîìèòåëü, íè÷òî íå ïîìåøàåò ìíå ñôàáðèêîâàòü ñâåäåíèÿ. ×åì ñòðàøíåå ëîæü...;;x
EVTDESC_WOL_2101;Several vicious rumors have been circulating about me lately. With a lot of effort, I have finally managed to trace them back to [From.GetTitledName]!;;;;;;;;;;;Ðÿä ìåðçêèõ ñëóõîâ õîäèò îáî ìíå â ïîñëåäíåå âðåìÿ. Ñ áîëüøèì òðóäîì ìíå âñ¸ æå óäàëîñü âûÿñíèòü, ÷òî çà íèìè ñòîèò [From.GetTitledFirstName]!;;x
EVTDESC_WOL_2110;One of my informants, a young soldier with more vices than he can afford, has managed to gain the trust of [target_spy_on.GetTitledFirstNameNoRegnal] and now often stands guard outside [target_spy_on.GetPossPronoun] door. I don't understand how the fellow managed it, but who am I to look a gift horse in the mouth? For enough gold, he might be persuaded to get rid of [target_spy_on.GetFirstName]... violently.;;;;;;;;;;;Îäèí èç ìîèõ èíôîðìàòîðîâ, ñìàçëèâûé è ïîðî÷íûé ìîëîäîé ñîëäàò, äîáèëñÿ òîãî, ÷òî [FromFromFrom.GetTitledFirstNameNoRegnal] òåïåðü âñåöåëî äîâåðÿåò åìó è âåëèò îõðàíÿòü äâåðü â [FromFromFrom.GetAbsPossPronoun] [FromFromFrom.GetChamberACC]. Íå ïîíèìàþ, êàê ýòîò ïàðåíü ñìîã òàêîå ïðîâåðíóòü, íî êòî ÿ, ÷òîáû ñìîòðåòü â çóáû äàð¸íîìó êîíþ? Íåìíîãî çîëîòà è [FromFromFrom.GetFirstName] îòïðàâèòñÿ â ìèð èíîé.;;x
EVTDESC_WOL_2111_DEATH;I try to sit up in bed, but someone is holding me down! It's the burly armsman with the trustworthy face I promoted to the guard last week. Another assailant is trying to force a rag into my mouth. Holding my nose too... can't breathe...;;;;;;;;;;;ß ïûòàþñü âñòàòü, íî êòî-òî ïðèæèìàåò ìåíÿ ê ïîñòåëè! Ýòî òîò ñàìûé çäîðîâåííûé îðóæåíîñåö, ïðîäâèíóòûé ìíîé íåäåëþ íàçàä â ëè÷íûå îõðàííèêè. Åãî ñîîáùíèê ïûòàåòñÿ çàòêíóòü ìíå ðîò òðÿïêîé è çàæàòü íîñ. ß íå ìîãó äûøàòü...;;x
EVTDESC_WOL_2111_LIVES;I try to sit up in bed, but someone is holding me down! It's the burly armsman with the trustworthy face I promoted to the guard last week. There is a skinny little fellow with him, grinning viciously as he produces a dagger. Screaming and thrashing about, I manage to kick the guard in the groin and break free. I punch the other one in the nose and rush from the room!;;;;;;;;;;;ß ïûòàþñü âñòàòü, íî êòî-òî ïðèæèìàåò ìåíÿ ê ïîñòåëè! Ýòî òîò ñàìûé çäîðîâåííûé îðóæåíîñåö, ïðîäâèíóòûé ìíîé íåäåëþ íàçàä â ëè÷íûå îõðàííèêè. Ñ íèì êàêîé-òî ìåëêèé äðûù, çëîáíî óõìûëÿåòñÿ, âûíèìàÿ êèíæàë. Îòáèâàÿñü ñ æóòêèì âîïëåì è ïèíàÿ îõðàííèêà â ïàõ, ÿ âûðûâàþñü è áåãó ê äâåðè, èñòåêàÿ êðîâüþ, ïîïóòíî êàê ñëåäóåò òðåñíóâ âòîðîãî ïî íîñó.;;x
EVTDESC_WOL_2111_WOUNDED;I try to sit up in bed, but someone is holding me down! It's the burly armsman with the trustworthy face I promoted to the guard last week. There is a skinny little fellow with him, grinning viciously as he produces a dagger and stabs me! Screaming and thrashing about, I manage to kick the guard in the groin and break free. I punch the other one in the nose and rush from the room, trailing blood.;;;;;;;;;;;ß ïûòàþñü âñòàòü, íî êòî-òî ïðèæèìàåò ìåíÿ ê ïîñòåëè! Ýòî òîò ñàìûé çäîðîâåííûé îðóæåíîñåö, ïðîäâèíóòûé ìíîé íåäåëþ íàçàä â ëè÷íûå îõðàííèêè. Ñ íèì êàêîé-òî ìåëêèé äðûù, çëîáíî óõìûëÿÿñü íàíîñèò ìíå óäàð êèíæàëîì! Îòáèâàÿñü ñ æóòêèì âîïëåì è ïèíàÿ îõðàííèêà â ïàõ, ÿ âûðûâàþñü è áåãó ê äâåðè, èñòåêàÿ êðîâüþ, ïîïóòíî êàê ñëåäóåò òðåñíóâ âòîðîãî ïî íîñó.;;x
EVTDESC_WOL_2112;In disguise, I meet up with my friend, [From.GetTitledFirstNameNoRegnal]'s burly armsman and his shifty-looking associate at a run-down tavern. Grinning, he recounts how they stabbed [From.GetTitledName] to death in [From.GetPossPronoun] bed. I hand them a bag of coins and leave.;;;;;;;;;;;Ìîé äðóã-ñòðàæíèê ñî ñâîèì ñêîëüçêèì íàïàðíèêîì âñòðåòèëè ìåíÿ â òàâåðíå - ìíå ïðèøëîñü ñêðûòü ñâî¸ ëèöî îò ëþáîïûòíûõ ãëàç ìàñêîé. Çëîáíî óõìûëÿÿñü, îí ðàññêàçàë, ÷òî [From.GetTitledFirstNameNoRegnal] áîëüøå íå ÿâëÿåòñÿ ïðîáëåìîé, îíè çàðåçàëè [From.GetHersHis] â ñîáñòâåííîé ïîñòåëè. Çàòåì, âçÿâ ñ ìåíÿ ïëàòó çà ñâîè óñëóãè, îíè óøëè.;;x
EVTDESC_WOL_2113;My spy, [From.GetTitledFirstNameNoRegnal]'s burly armsman, managed to slay the [GetRootFromInsult] in [From.GetPossPronoun] bed. Unfortunately, he was captured trying to escape. My complicity is known!;;;;;;;;;;;[From.GetTitledFirstNameNoRegnal], [GetRootFromInsult], òâîÿ ïîñòåëü ñòàëà òâîåé æå ìîãèëîé - ìîé øïèîí, ñòðàæíèê-çäîðîâÿê, íàíÿòûé äëÿ óáèéñòâà, äîáèëñÿ ñâîåé öåëè. Îäíàêî, ïðè ïîïûòêå ñêðûòüñÿ îí áûë ñõâà÷åí, è ìîÿ ïðè÷àñòíîñòü ñòàëà äîñòîÿíèåì îáùåñòâåííîñòè!;;x
EVTDESC_WOL_2114;In disguise, I meet up with my friend, [From.GetTitledFirstNameNoRegnal]'s burly armsman and his shifty-looking associate at a run-down tavern. Shamefacedly, he recounts how they stabbed [From.GetTitledFirstName] in [From.GetPossPronoun] bed, and how [From.GetSubjectPronoun] somehow managed to get away. I pat him on the shoulder and tell him it's alright.;;;;;;;;;;;"Ìîé äðóã-ñòðàæíèê ñî ñâîèì ñêîëüçêèì íàïàðíèêîì âñòðåòèëè ìåíÿ â òàâåðíå - ìíå ïðèøëîñü ñêðûòü ñâî¸ ëèöî îò ëþáîïûòíûõ ãëàç ìàñêîé. Ñ ïîçîðîì, îí ãîâîðèò ìíå, ÷òî [From.GetTitledFirstNameNoRegnal] íå ñïåøèò íà òîò ñâåò - îíè ðàíèëè [From.GetHersHis], íî [From.GetHerHim] óäàëîñü ñáåæàòü. ß õëîïàþ åãî ïî ïëå÷ó: ""Ýé, íå ïàðüñÿ òû òàê, âñ¸ õîðîøî.""";;x
EVTDESC_WOL_2115;My spy, [From.GetTitledFirstNameNoRegnal]'s burly armsman, only managed to wound the [GetRootFromInsult]. Worse, he was captured trying to escape. My complicity is known!;;;;;;;;;;;[From.GetTitledFirstNameNoRegnal], [GetRootFromInsult], íèêàê íå ïîìèðàåò - ìîé øïèîí-ñòðàæíèê ñìîã òîëüêî ðàíèòü [From.GetHersHis]. À ÷òî åù¸ õóæå, åãî ñõâàòèëè ïðè ïîïûòêå áåæàòü ñ ìåñòà ïðåñòóïëåíèÿ. Òåïåðü ìîÿ ïðè÷àñòíîñòü ñòàëà äîñòîÿíèåì îáùåñòâåííîñòè!;;x
EVTDESC_WOL_2116;In disguise, I meet up with my friend, [From.GetTitledFirstNameNoRegnal]'s burly armsman and his shifty-looking associate at a run-down tavern. Shamefacedly, he recounts how they attacked [From.GetTitledFirstName] in [From.GetPossPronoun] bed, but how [From.GetSubjectPronoun] managed to break free and get away. I pat him on the shoulder and tell him it's alright.;;;;;;;;;;;"Ìîé äðóã-ñòðàæíèê ñî ñâîèì ñêîëüçêèì íàïàðíèêîì âñòðåòèëè ìåíÿ â òàâåðíå - ìíå ïðèøëîñü ñêðûòü ñâî¸ ëèöî îò ëþáîïûòíûõ ãëàç ìàñêîé. Îí îãîð÷¸ííî ñîîáùàåò ìíå, ÷òî [From.GetTitledFirstNameNoRegnal] æèâ¸ò è çäðàâñòâóåò: ""Ìû íàïàëè íà í[From.GetHersHis] ñðåäè íî÷è, íî ýòà òâàðü êàêèì-òî ÷óäîì âñêî÷èëà ñ ïîñòåëè, âûðâàëàñü è ñáåæàëà!"". ß ëèöåìåðíî óòåøàþ åãî.";;x
EVTDESC_WOL_2117;My spy, [From.GetTitledFirstNameNoRegnal]'s burly armsman, completely botched the attack on the [GetRootFromInsult]. Worse, he was captured trying to escape. My complicity is known!;;;;;;;;;;;Ìîé øïèîí, ñòðàæíèê-çäîðîâÿê, íàíÿòûé äëÿ óáèéñòâà, íå òîëüêî ïîëíîñòüþ ïðîâàëèë ñâîþ ìèññèþ, íî è áûë ñõâà÷åí ïðè ïîïûòêå áåæàòü ñ ìåñòà ïðåñòóïëåíèÿ. Òåïåðü [From.GetTitledFirstNameNoRegnal] çíàåò î ìîåé ïðè÷àñòíîñòè ê ýòîìó íàïàäåíèþ!;;x
EVTDESC_WOL_2120;I have learned from my little birds that [target_spy_on.GetTitledFirstNameNoRegnal] plans to travel the realm incognito for a lark, mingling with the common folk. [target_spy_on.GetSubjectPronounCap] will only be protected by two loyal friends during this little adventure - a great opportunity to have [target_spy_on.GetObjectPronoun] abducted, if I so wished.;;;;;;;;;;;Ìîè ïòè÷êè íàïåëè, ÷òî [FromFromFrom.GetTitledFirstNameNoRegnal] ïëàíèðóåò ïóòåøåñòâèå ïî ñòðàíå èíêîãíèòî, øóòêè ðàäè, ñìåøàâøèñü ñ ïðîñòîëþäèíàìè. Îõðàíÿòü [FromFromFrom.GetHersHis] â ýòîì ïðèêëþ÷åíèè áóäóò òîëüêî äâà âåðíûõ äðóãà. Êàêàÿ ïðåêðàñíàÿ âîçìîæíîñòü äëÿ ïîõèùåíèÿ.;;x
EVTDESC_WOL_2121;On a lark, I decided to travel among the common folk incognito with but a friend, a servant and a bodyguard. As we ride through a forest, an arrow suddenly sprouts from the neck of my trusty guard! Shouting a warning, I ride like crazy to get away...;;;;;;;;;;;" ""Èòàê, ÿ îòïðàâëÿþñü â ïóòåøåñòâèå. Íî íå îáû÷íîå - ÿ ñìåøàþñü ñ ïðîñòûì íàðîäîì, è âîçüìó ñ ñîáîé òîëüêî òåáÿ, ñëóãó è òåëîõðàíèòåëÿ, áóäåò âåñåëî!"" — ãîâîðþ ÿ äðóãó. Íà ñëåäóþùèé äåíü, ìû óæå åäåì ïî ëåñó, íàñëàæäàÿñü ñâîèì ïðèêëþ÷åíèåì, è òóò âíåçàïíî ñòðåëà ïðîíçàåò ãîðëî ìîåãî îõðàííèêà! Ãðîìêî êðèêíóâ, ìû ñïåøíî ïîêèäàåì ëåñ, óíîñÿñü ïðî÷ü, ÷òî åñòü ìî÷è...";;x
EVTDESC_WOL_2122;My hired thugs managed to waylay [From.GetTitledFirstNameNoRegnal] and brought [From.GetObjectPronoun] to me in a sack!;;;;;;;;;;;[From.GetTitledFirstNameNoRegnal] òåïåðü ó ìåíÿ â ïëåíó - ìîè ãîëîâîðåçû ïîäêàðàóëèëè [From.GetHersHis] è ïðèíåñëè êî ìíå â ìåøêå!;;x
EVTDESC_WOL_2123;The thugs I hired failed to capture [From.GetTitledFirstNameNoRegnal], though apparently they slew a guard and a servant in the attempt.;;;;;;;;;;;[From.GetTitledFirstNameNoRegnal] âñ¸ åù¸ íà ñâîáîäå - ìîè ãîëîâîðåçû óáèëè ñëóãó è òåëîõðàíèòåëÿ, íî òàê è íå ñìîãëè ïîéìàòü [From.GetHersHis].;;x
EVTDESC_WOL_2200;I have decided to free [From.GetTitledName] from the dungeons of [From.Host.GetTitledName]. It will take time - and likely some gold - but [From.GetFirstName] deserves a better fate!;;;;;;;;;;;[From.GetTitledFirstName] òîìèòñÿ â çàñòåíêàõ òåìíèöû, [From.Host.GetTitledFirstName] óæå äàâíî äåðæèò [From.GetHersHis] òàì. ß õî÷ó âûòàùèòü [From.GetHersHis] îòòóäà. Äà, ýòî çàéì¸ò âð¸ìÿ è ïîòðåáóåò äåíåã, íî [From.GetFirstName] çàñëóæèâàåò ëó÷øåé ó÷àñòè.;;x
EVTDESC_WOL_2201;I have decided to liberate my beloved [GetFromRelation] [From.GetFirstName] from the filthy paws of her abductor, [From.Employer.GetTitledName]. It will take time - and likely some gold - but [From.GetFirstName] deserves a better fate!;;;;;;;;;;;[From.GetFirstName], ì[From.GetOyaOy] [From.GetRootRelation], òîìèòñÿ â çàñòåíêàõ òåìíèöû, [From.Employer.GetTitledFirstName] óæå äàâíî äåðæèò [From.GetHersHis] â ïëåíó. ß õî÷ó âûòàùèòü [From.GetHersHis] îòòóäà. Äà, ýòî çàéì¸ò âð¸ìÿ è ïîòðåáóåò äåíåã, íî [From.GetFirstName] çàñëóæèâàåò ëó÷øåé ó÷àñòè.;;x
EVTDESC_WOL_2211;[target_captive.GetTitledFirstName] has tragically died in captivity before I had a chance to break [target_captive.GetObjectPronoun] out.;;;;;;;;;;;[target_captive.GetTitledFirstName] òåïåðü â ëó÷øåì ìèðå. Ñìåðòü íàñòèãëà [target_captive.GetHersHis] â ïëåíó çàäîëãî äî òîãî, êàê ó ìåíÿ ïîÿâèëñÿ øàíñ [target_captive.GetHersHis] ñïàñòè.;;x
EVTDESC_WOL_2212;[target_captive.GetTitledFirstName] has tragically fallen comatose, making my endeavour to free [target_captive.GetObjectPronoun] rather pointless.;;;;;;;;;;;[target_captive.GetTitledFirstName] â êîìå, è òåïåðü ìîè ñòðåìëåíèÿ [target_captive.GetHersHis] ñïàñòè ïîòåðÿëè âñÿêèé ñìûñë.;;x
EVTDESC_WOL_2213;[target_captive.GetTitledFirstName] is no longer a prisoner, so I can abort my plans to free [target_captive.GetObjectPronoun].;;;;;;;;;;;[target_captive.GetTitledFirstName] òåïåðü íà ñâîáîäå, ìîè ïëàíû ïî [target_captive.GetHersHis] ñïàñåíèþ îòìåíÿþòñÿ.;;x
EVTDESC_WOL_2221;I've approached [target_agent.GetBestName] at the court of [target_agent.Employer.GetTitledName] with my plan to liberate [target_captive.GetTitledFirstName]. [target_agent.GetFirstName] is sympathetic and might be persuaded to take the risk...;;;;;;;;;;;[From.GetBestName] è ÿ âñòðåòèëèñü íà îäíîì èç îôèöèàëüíûõ ïðè¸ìîâ, êîòîðûå âðåìÿ îò âðåìåíè ïðîâîäèò ó ñåáÿ ïðè äâîðå [From.Employer.GetTitledFirstName]. [From.GetFirstName] ñêëîíÿåòñÿ ê òîìó, ÷òî [target_captive.GetTitledFirstName] çàñëóæèâàåò ñïàñåíèÿ. Êàê ìíå çàðó÷èòüñÿ [From.GetHersHis] ïîääåðæêîé?;;x
EVTDESC_WOL_2223;I woke from my troubled sleep with a start. Was that a thud outside my cell? Keys rattle in the lock and the door opens to a thin beam of light. It's [target_agent.GetBestName]! 'Come with me quickly [Root.GetLordLady]! [target_agent.GetTitledFirstNameNoRegnal] has hired me to help you escape!';;;;;;;;;;;"Ïðîñûïàÿñü îò áåñïîêîéíîãî ñíà, ÿ çàìå÷àþ ñòðàííûé ãëóõîé ñòóê íåäàëåêî îò ñâîåé êàìåðû, çàòåì ïîñëåäîâàë çâîí êëþ÷åé, ù¸ë÷îê çàìêà è äâåðü îòêðûëàñü. Ýòî [From.GetBestName! — ""[Root.PrimaryTitle.GetFOA], ñêîðåå, ñëåäóéòå çà ìîé. [FromFrom.GetTitledFirstNameNoRegnal] íàäååòñÿ, ÷òî ñ ìîåé ïîìîùüþ Âû ñáåæèòå îòñþäà.""";;x
EVTDESC_WOL_2224;I received some bad news this morning. My prisoner, [target_captive.GetBestName] escaped from [target_captive.GetPossPronoun] cell in the night. [target_captive.GetSubjectPronounCap] had outside help - one of the guards might never wake from the blow to his head...;;;;;;;;;;;[Root.PrimaryTitle.GetFOA], äóðíûå âåñòè - êàìåðà, â êîòîðîé ïî Âàøåìó ðàñïîðÿæåíèþ ñîäåðæèòñÿ [From.GetBestName], ñåãîäíÿ îêàçàëàñü ïóñòà! Î÷åâèäíî, [From.GetHerHim] êòî-òî ïîìîã - îäèí èç ñòðàæíèêîâ áåç ñîçíàíèÿ îò óäàðà ïî ãîëîâå.;;x
EVTDESC_WOL_2224_CONSORT;My concubine [target_captive.GetBestName] has fled! She climbed out of her tower room window, probably with outside assistance, because my guards were completely unable to locate her before she escaped my realm.;;;;;;;;;;;Ìîÿ íàëîæíèöà [From.GetBestName] ñáåæàëà ñåãîäíÿ íî÷üþ! Îíà âûáðàëàñü ÷åðåç îêíî ñâîåé êîìíàòû â îäíîé èç áàøåí. Ñêîðåå âñåãî åé êòî-òî ïîìîã - ñòðàæå íèêàê íå óäàâàëîñü ðàçûñêàòü å¸ äî òåõ ïîð, ïîêà îíà íå îêàçàëàñü çà ïðåäåëàìè ñòðàíû.;;x
EVTDESC_WOL_2224_CONSORT_MALE;My consort [target_captive.GetBestName] has fled! He climbed out of his tower room window, probably with outside assistance, because my guards were completely unable to locate him before he escaped my realm.;;;;;;;;;;;Ì[From.GetOyaOy] íàëîæíè[From.GetTsaK] [From.GetTitledFirstNameWithNick] ñáåæàë[From.GetEndA] ñåãîäíÿ íî÷üþ! [From.GetSheHeCap] âûáðà[From.GetLasLsya] ÷åðåç îêíî ñâîåé êîìíàòû â îäíîé èç áàøåí. Ñêîðåå âñåãî [From.GetHerHim] êòî-òî ïîìîã - ñòðàæå íèêàê íå óäàâàëîñü ðàçûñêàòü [From.GetHersHis] äî òåõ ïîð, ïîêà [From.GetSheHe] íå îêàçà[From.GetLasLsya] çà ïðåäåëàìè ñòðàíû.;;x
EVTDESC_WOL_2225;Good news! [target_captive.GetBestName] was successfully sprung from captivity by the daring [target_agent.GetBestName] and is safely back in [Root.Capital.Capital.GetName]!;;;;;;;;;;;[Root.PrimaryTitle.GetFOA], äîáðûå âåñòè - [From.GetBestName] íàêîíåö-òî íà ñâîáîäå è óæå íà ïóòè â ãîðîä [Root.Capital.Capital.GetName]! Âñ¸ áëàãîäàðÿ Âàøåìó àãåíòó - åñëè áû íå [FromFrom.GetBestName], íè÷åãî áû íå ïîëó÷èëîñü.;;x
EVTDESC_WOL_2226;I woke from my troubled sleep with a start. Was that a thud outside my cell? Keys rattle in the lock and the door opens to a bright light. It's that ogre of a gaoler. 'This blighter attempted your rescue', he growls, and holds up a comatose [target_agent.GetManWoman] like a ragdoll. '[Root.Host.GetTitledFirstNameNoRegnal] won't be too pleased, now will [Root.Host.GetSubjectPronoun]!?';;;;;;;;;;;"Ïðîñûïàÿñü îò áåñïîêîéíîãî ñíà, ÿ çàìå÷àþ ñòðàííûé ãëóõîé ñòóê íåäàëåêî îò ñâîåé êàìåðû, çàòåì ïîñëåäîâàë çâîí êëþ÷åé, ùåë÷îê çàìêà è äâåðü îòêðûëàñü, âîø¸ë òþðåìùèê. ""Ýòà ìðàçü ïûòàëàñü òåáÿ ñïàñòè"" — ïðîðû÷àë îí, øâûðíóâ â êàìåðó íåïîäâèæíîå òåëî ñëîâíî òðÿïè÷íóþ êóêëó - ""[Root.Host.GetTitledFirstNameNoRegnal] ÿâíî íå îáðàäóåòñÿ.""";;x
EVTDESC_WOL_2227;The prison guards foiled an escape attempt last night. My treacherous [GetFromFromRelation] [target_agent.GetBestName] was captured trying to free [target_captive.GetTitledName] from [target_captive.GetPossPronoun] cell!;;;;;;;;;;;Ýòîé íî÷üþ ñòðàæíèêè ïðåñåêëè ïîïûòêó ïîáåãà èç òåìíèöû. Íàðóøèòåëü, ì[FromFrom.GetOyaOy] [FromFrom.GetRootRelation] [FromFrom.GetBestName] è öåëü [FromFrom.GetHersHis] ïëàíà ñïàñåíèÿ - [From.GetTitledFirstName], òåïåðü âìåñòå êîðîòàþò âðåìÿ â êàìåðå.;;x
EVTDESC_WOL_2227_CONSORT;My [GetFromRelation] [target_captive.GetFirstName] was almost abducted last night. The treacherous [target_agent.GetBestName] attempted to 'rescue' her by climbing in through the window, but slipped and fell! When questioned, the concussed [target_agent.GetFirstName] admitted that [target_rescuer.GetTitledName] was behind this chivalrous idiocy.;;;;;;;;;;;"Ì[From.GetOyaOy] [From.GetRootRelation] [From.GetFirstName] ÷óòü áûëî íå ñáåæàë[From.GetEndA] ïðîøëîé íî÷üþ. Ñþæåò äîâîëüíî... äðàìàòè÷íûé: [FromFrom.GetBestName] ïûòà[FromFrom.GetLasLsya] ""ñïàñòè"" [From.GetHersHis] îò ìåíÿ, çàáðàâøèñü â îêíî, íî ïîñêàëüçíó[FromFrom.GetLasLsya] è óïàë[FromFrom.GetEndA]! Íå â ñèëàõ ïîøåâåëèòüñÿ, ñ ðàçáèòîé ãîëîâîé, [FromFrom.GetSheHe] ïðèçíà[FromFrom.GetLasLsya] - [FromFromFrom.GetTitledFirstName] ñòîèò çà ýòèì ðûöàðñêèì èäèîòèçìîì.";;x
EVTDESC_WOL_2228;The [GetRootFromInsult] [target_captive.GetTitledFirstNameNoRegnal] had me thrown me in the oubliette to make sure I don't escape!;;;;;;;;;;;[From.GetTitledFirstNameNoRegnal], [GetRootFromInsult], áðîñàåò ìåíÿ â ïîäçåìåëüå, ÷òîáû óáåäèòüñÿ, ÷òî ÿ íå ñìîãó ñáåæàòü!;;x
EVTDESC_WOL_2229;Bad news... [target_agent.GetBestName] failed to free [target_captive.GetBestName] from [target_captive.GetPossPronoun] captivity and was imprisoned [target_agent.GetReflexivePronoun]!;;;;;;;;;;;[Root.PrimaryTitle.GetFOA], äóðíûå âåñòè - ïëàí ïðîâàëèëñÿ, òåïåðü â ïëåíó íå òîëüêî [From.GetBestName], íî è Âàø àãåíò [FromFrom.GetBestName]!;;x
EVTDESC_WOL_2230;My agent in [target_captive.Host.GetTitledFirstNameNoRegnal]'s court, [target_agent.GetBestName], is no longer able to carry out the mission.;;;;;;;;;;;[target_agent.GetBestName], ìîé àãåíò ïðè äâîðå ïðàâèòåëÿ, èçâåñòíîãî êàê [target_captive.Host.GetTitledFirstNameNoRegnal], áîëüøå íå ìîæåò ïðîäîëæàòü ñâîþ ìèññèþ.;;x
EVTDESC_WOL_2231;Dear [Root.GetTitledFirstNameNoRegnal], I fear that the plan I have devised to liberate [target_captive.GetBestName] will cost more money than I had estimated. If you still wish see [target_captive.GetObjectPronoun] free, please send me the necessary funds.\n\nYour friend, [target_agent.GetBestName];;;;;;;;;;;Äîðîã[Root.GetOyaOy] [Root.GetTitledFirstNameNoRegnal], áîþñü íàø ïëàí ïî îñâîáîæäåíèþ ïîòðåáóåò áîëüøå ñðåäñòâ, ÷åì ìû ðàññ÷èòûâàëè, è, åñëè Âû ïî-ïðåæíåìó õîòèòå óâèäåòü, êàê [target_captive.GetBestName] îáðåò¸ò ñâîþ ñâîáîäó, ïðèøëèòå åù¸ äåíåã.\nÑ íàèëó÷øèìè ïîæåëàíèÿìè,\n [target_agent.GetBestName];;x
EVTDESC_WOL_2232;Despite my best efforts, I still have not managed to find anyone at the court of [target_captive.Host.GetTitledFirstName] who would be willing to help [target_captive.GetBestName] escape.;;;;;;;;;;;Ìîè íàäåæäû íà òî, ÷òî [target_captive.GetTitledFirstNameWithNick] ñìîæåò îáðåñòè ñâîáîäó, òàê è íå îïðàâäàëèñü - ìíå íå óäàëîñü íàéòè íèêîãî ïðè äâîðå ïðàâèòåëÿ, èçâåñòíîãî êàê [target_captive.Host.GetTitledFirstName], êòî áû ñìîã ïîìî÷ü â [target_captive.GetHersHis] îñâîáîæäåíèè.;;x
EVTDESC_WOL_2300;I watched from the shadows as my spymaster, [Root.job_spymaster.GetTitledFirstNameNoRegnal], surreptitiously marked a spot on the wall with a piece of chalk. This might just be [Root.job_spymaster.GetPossPronoun] normal skulduggery, but my intuition says not...;;;;;;;;;;;Ìíå óäàëîñü îáíàðóæèòü, êàê ìîé òàéíûé ñîâåòíèê [Root.job_spymaster.GetTitledFirstNameNoRegnal] òàéêîì îòìåòèë[Root.job_spymaster.GetEndA] ìåëîì ïÿòíî íà ñòåíå. Âîçìîæíî, ýòî îáû÷íîå íàäóâàòåëüñòâî, íî èíòóèöèÿ ãîâîðèò îá îáðàòíîì...;;x
EVTDESC_WOL_2302;Eavesdropping from a secret passage in the walls, I overheard my faithless spymaster [Root.job_spymaster.GetFirstName] talking to another conspirator. They are plotting to [target_plotter.GetPlot]!;;;;;;;;;;;Çàòàèâøèñü â ñåêðåòíîì ïðîõîäå ìåæäó ñòåíàìè, ìíå óäàëîñü ïîäñëóæàòü ðàçãîâîð - ìîé íåâåðíûé òàéíûé ñîâåòíèê [Root.job_spymaster.GetFirstName] øåï÷åòñÿ ñ êåì-òî, [From.GetSheHe] ñîáèðàåòñÿ [From.GetPlot]!;;x
EVTDESC_WOL_2303;My snooping [GetFromRelation], [From.GetTitledFirstName], apparently overheard me plotting murder and did not take kindly to my plans. I have been arrested!;;;;;;;;;;;Ïîäñëóøàâ, ÷òî ÿ çàìûøëÿþ óáèéñòâî, ì[From.GetOyaOy] [From.GetRootRelation] [From.GetTitledFirstName] îòäà¸ò ïðèêàç àðåñòîâàòü ìåíÿ!;;x
EVTDESC_WOL_2304;Over the last week, I have observed my spymaster [Root.job_spymaster.GetFirstName] carefully and found nothing further to arouse my suspicion. Perhaps I'll just have to accept that odd behaviour goes with the job...;;;;;;;;;;;Ïîíàáëþäàâ çà ñâîèì òàéíûì àãåíòîì áîëüøå íåäåëè, ìíå íè÷åãî íå îñòà¸òñÿ, êðîìå êàê ïðèçíàòü, ÷òî [Root.job_spymaster.GetHersHis] ñòðàííîå ïîâåäåíèå ïðîñòî ñâÿçàíî ñ ðàáîòîé...;;x
EVTDESC_WOL_2305;I have noticed my [GetFromRelation] [From.GetTitledFirstName] clumsily spying on me lately. It probably has something to do with [From.GetPossPronoun] unhealthy obsession with intrigue and an overly suspicious mind. I should be careful.;;;;;;;;;;;Â ïîñëåäíåå âðåìÿ ÿ çàìå÷àþ, ÷òî ì[From.GetOyaOy] [From.GetRootRelation] [From.GetTitledFirstName] øïèîíèò çà ìíîé. Âèäèìî, ýòî ñâÿçàíî ñ [From.GetHersHis] íàâÿç÷èâûì óâëå÷åíèì èíòðèãàìè è ïîâûøåííîé ïîäîçðèòåëüíîñòüþ. Ìíå ñëåäóåò áûòü îñòîðîæíåå.;;x
EVTOPT_WOL_2111_DEATH;I don't want to die like this!;;;;;;;;;;;Ïîìî...;;x
EVTOPT_WOL_2111_DEATH_KNOWN;[target_snooper.GetTitledName] sends [target_snooper.GetPossPronoun] regards!';;;;;;;;;;;" ""[From.GetTitledFirstName] øë¸ò ñâîé ïðèâåò!""";;x
EVTOPT_WOL_2111_KNOWN;Under torture, the two men admitted that [target_snooper.GetTitledName] hired them!;;;;;;;;;;;Îíè ñîçíàëèñü, ýòî [From.GetTitledFirstName]!;;x
EVTOPT_WOL_2111_UNKNOWN;Unfortunately, the two assailants got away.;;;;;;;;;;;Ê íåñ÷àñòüþ, íàïàäàâøèå ñáåæàëè.;;x
EVTOPT_WOL_2121;...and manage to outdistance the bandits! Amateurs.;;;;;;;;;;;...è ñïàñàåìñÿ îò áàíäèòîâ! Æàëêèå äèëåòàíòû!;;x
EVTOPT_WOL_2121_CAUGHT;...but we are surrounded! No bandits, but the agents of [target_snooper.GetTitledName].;;;;;;;;;;;Çàñàäà! [From.GetTitledFirstName], [From.GetHersHis] ëþäè!;;x
EVTOPTA_WOL_2003;I shall rule from the shadows.;;;;;;;;;;;ß áóäó ä¸ðãàòü çà íèòî÷êè èç-çà ñöåíû...;;x
EVTOPTA_WOL_2050;I wonder what secrets [target_spy_on.GetSubjectPronoun] is hiding?;;;;;;;;;;;×òî æå [From.GetSubjectPronoun] ñêðûâàåò?;;x
EVTOPTA_WOL_2061;Time to turn my attention elsewhere.;;;;;;;;;;;×òî æ, çàéì¸ìñÿ ÷åì-íèáóäü åù¸.;;x
EVTOPTA_WOL_2065;Yes, this is pointless.;;;;;;;;;;;Äà, ýòî áåñïîëåçíî.;;x
EVTOPTA_WOL_2071;Knowledge is power!;;;;;;;;;;;Çíàíèå - ñèëà!;;x
EVTOPTA_WOL_2080;Inform [target_spy_on.GetPossPronoun] liege, [target_spy_on.Liege.GetTitledName].;;;;;;;;;;;Ñêàæó [target_spy_on.GetAbsPossPronoun] ñþçåðåíó îá ýòîì.;;x
EVTOPTA_WOL_2080_TOOLTIP;The liege of §Y[target_spy_on.GetTitledFirstName]§! will decide how to deal with [target_spy_on.GetHerHim].\n;;;;;;;;;;;§Y[target_spy_on.GetTitledFirstName]§! ñ ðóêàõ ñâîåãî ñþçåðåíà, êîòîðûé è áóäåò ðåøàòü, êàê ñ í[target_spy_on.GetEyIm] áûòü.\n;;x
EVTOPTA_WOL_2081;Foul lies!;;;;;;;;;;;Ýòî ãíóñíàÿ ëîæü!;;x
EVTOPTA_WOL_2083;Muahaha!;;;;;;;;;;;Áóãàãà!;;x
EVTOPTA_WOL_2084;The things I do for stability in the realm...;;;;;;;;;;;Âñ¸ íà áëàãî íàøåé äåðæàâû...;;x
EVTOPTA_WOL_2085;A wasted opportunity!;;;;;;;;;;;Óïóùåííàÿ âîçìîæíîñòü!;;x
EVTOPTA_WOL_2086;I have no choice but to agree.;;;;;;;;;;;Ó ìåíÿ íåò âûáîðà, ïðèä¸òñÿ ïðèíÿòü óñëîâèÿ.;;x
EVTOPTA_WOL_2088;[From.GetSubjectPronounCap] will live to regret this!;;;;;;;;;;;[From.GetSubjectPronounCap] åù¸ ïîæàëååò îá ýòîì!;;x
EVTOPTA_WOL_2100_1;I have it! [target_spy_on.GetSubjectPronounCap] likes to dress up as a [target_spy_on.GetManWomanOpp]!;;;;;;;;;;;Âîò îíî! [target_spy_on.GetSubjectPronounCap] ëþáèò îäåâàòüñÿ, êàê [target_spy_on.GetManWomanOpp]à!;;x
EVTOPTA_WOL_2100_2;How about a classic? [target_spy_on.GetSubjectPronounCap] takes little boys to bed!;;;;;;;;;;;À ìîæåò êëàññèêà? [target_spy_on.GetSubjectPronounCap] ëþáèò ìàëåíüêèõ ìàëü÷èêîâ!;;x
EVTOPTA_WOL_2100_3;Midgets, shoes... No! [target_spy_on.GetFirstName] is having an affair with a feisty goat!;;;;;;;;;;;[target_spy_on.GetFirstName] ñíîøàåòñÿ ñ êîçëîì!;;x
EVTOPTA_WOL_2100_4;[target_spy_on.GetSubjectPronounCap] likes to bathe in the blood of virgins. Brilliant!;;;;;;;;;;;[target_spy_on.GetSubjectPronounCap] êóïàåòñÿ â êðîâè äåâñòâåííèö. Áëåñòÿùå!;;x
EVTOPTA_WOL_2100_5;[target_spy_on.GetSubjectPronounCap] murdered a childhood friend at the tender age of 11!;;;;;;;;;;;Óáèéñòâî äðóãà... â äåòñòâå, â âîçðàñòå 11 ëåò!;;x
EVTOPTA_WOL_2100_6;[target_spy_on.GetSubjectPronounCap] has an imaginary friend called Bappo!;;;;;;;;;;;Ó í[target_spy_on.GetHersHis] âîîáðàæàåìûé äðóã Áàïïî!;;x
EVTOPTA_WOL_2100_7;[target_spy_on.Religion.GetRandomEvilGodNameCap]! Yes, [target_spy_on.GetSubjectPronoun] is surely a willing slave to dark forces!;;;;;;;;;;;[target_spy_on.Religion.GetRandomEvilGodNameCap]! Äà, [target_spy_on.GetSubjectPronoun] ïðèñëóæèâàåò ò¸ìíûì ñèëàì!;;x
EVTOPTA_WOL_2100_8;[target_spy_on.GetSubjectPronounCap] leads a secret life as a prostitute in a brothel in [target_spy_on.Capital.Capital.GetName]!;;;;;;;;;;;[target_spy_on.GetSubjectPronounCap] - ïðîñòèòóòêà â áîðäåëå ãîðîäà [target_spy_on.Capital.Capital.GetBaseName]!;;x
EVTOPTA_WOL_2101;The [GetRootFromInsult]!;;;;;;;;;;;[GetRootFromInsult]!;;x
EVTOPTA_WOL_2110;Yes, that would be expedient.;;;;;;;;;;;Ïîäõîäÿùèé ñïîñîá.;;x
EVTOPTA_WOL_2112;Outside, I order my guards to tie up the loose ends...;;;;;;;;;;;"*øåï÷ó ñâîåé îõðàíå* ""Ïîçàáîòüòåñü îá ýòèõ äâîèõ.""";;x
EVTOPTA_WOL_2113;It was worth it!;;;;;;;;;;;Ýòî ñòîèëî òîãî!;;x
EVTOPTA_WOL_2115;I hope [target_spy_on.GetSubjectPronoun] dies from infection!;;;;;;;;;;;Íàäåþñü, [From.GetSubjectPronoun] ñäîõíåò îò çàðàæåíèÿ ðàíû!;;x
EVTOPTA_WOL_2117;Incompetent bungler! I should have done it myself.;;;;;;;;;;;Áåñïîëåçíûé êðèâîðóêèé áîëâàí!;;x
EVTOPTA_WOL_2120;Ah yes. It would suit my purposes marvellously!;;;;;;;;;;;Î äà! Ýòî êàê ðàç òî, ÷òî ìíå íóæíî!;;x
EVTOPTA_WOL_2123;Morons! You can't find good help these days...;;;;;;;;;;;Èäèîòû! Â íàøè äíè òðóäíî íàéòè õîðîøèõ ïîìîùíèêîâ.;;x
EVTOPTA_WOL_2200;I'll probably need an agent in [target_captive.Host.Capital.Capital.GetName]...;;;;;;;;;;;Ìíå ïîíàäîáèòñÿ àãåíò â ãîðîäå [From.Host.Capital.Capital.GetName].;;x
EVTOPTA_WOL_2211;Well, it was worth a shot!;;;;;;;;;;;Âñ¸ ðàâíî ñòîèëî ïîïûòàòüñÿ.;;x
EVTOPTA_WOL_2221;Put the plan in motion!;;;;;;;;;;;Ïîñâÿùó [From.GetHersHis] â ñâîé ïëàí.;;x
EVTOPTA_WOL_2223;Freedom!;;;;;;;;;;;Ñâîáîäà!;;x
EVTOPTA_WOL_2224;[target_rescuer.GetTitledName] was surely behind this!;;;;;;;;;;;[FromFromFrom.GetTitledFirstName] ñòîèò çà ýòèì!;;x
EVTOPTA_WOL_2226;Poor [target_agent.GetManWoman]... was that [target_agent.GetBestName]?;;;;;;;;;;;Ýòî [From.GetBestName]? Áåäîëàãà...;;x
EVTOPTA_WOL_2227;The dungeon is not secure enough. Throw [target_captive.GetFirstName] in the oubliette!;;;;;;;;;;;[From.GetFirstName], òåáå ìåñòî â ïîäçåìåëüå!;;x
EVTOPTA_WOL_2228;I will die here...;;;;;;;;;;;ß ñäîõíó â ýòîé äûðå!;;x
EVTOPTA_WOL_2229;Damnation! Security will be too tight now.;;;;;;;;;;;Ïðîêëÿòüå! Òåïåðü îíè óñèëÿò îõðàíó.;;x
EVTOPTA_WOL_2230;I will have to look for another contact...;;;;;;;;;;;Ïîèùó êîãî-òî åù¸...;;x
EVTOPTA_WOL_2231;I guess I have no choice...;;;;;;;;;;;Ïîõîæå, ó ìåíÿ íåò âûáîðà...;;x
EVTOPTA_WOL_2232;Keep looking;;;;;;;;;;;Áóäåì èñêàòü äàëüøå.;;x
EVTOPTA_WOL_2300;Time to spy on the spy;;;;;;;;;;;Ïîðà øïèîíèòü çà øïèîíîì;;x
EVTOPTA_WOL_2302;Arrest [Root.job_spymaster.GetTitledFirstNameNoRegnal] immediately!;;;;;;;;;;;Íåìåäëåííî àðåñòîâàòü [Root.job_spymaster.GetHersHis]!;;x
EVTOPTA_WOL_2304;I have more important things to do;;;;;;;;;;;Åñòü äåëà ïîâàæíåå.;;x
EVTOPTA_WOL_2305;Lead [From.GetObjectPronoun] a merry chase!;;;;;;;;;;;×òî æ, ñûãðàåì â êîøêè-ìûøêè.;;x
EVTOPTB_WOL_2003;I shall strike terror into the hearts of my foes!;;;;;;;;;;;ß ïîñåëþ óæàñ â ñåðäöà ìîèõ âðàãîâ!;;x
EVTOPTB_WOL_2065;No, I am sure [target_spy_on.GetSubjectPronoun] is up to something...;;;;;;;;;;;Íåò, [FromFromFrom.GetSubjectPronoun] ÿâíî ÷òî-òî ñêðûâàåò...;;x
EVTOPTB_WOL_2071;Aha! Now I can call off my spies.;;;;;;;;;;;Àõà! Òåïåðü ÿ ìîãó îòîçâàòü ñâîèõ øïèîíîâ.;;x
EVTOPTB_WOL_2071_TT;Plot is revealed and I will stop spying on §Y[target_spy_on.GetTitledName]§!;;;;;;;;;;;Çàãîâîð ðàñêðûò. §Y[target_spy_on.GetTitledFirstName]§! áîëüøå íå áóäåò öåëüþ ìîåãî øïèîíàæà;;x
EVTOPTB_WOL_2080;Expose and denounce [target_spy_on.GetObjectPronoun] publicly, giving me a reason to arrest [target_spy_on.GetObjectPronoun]!;;;;;;;;;;;Ïóáëè÷íîå ðàçîáëà÷åíèå äà¸ò ìíå ïîâîä àðåñòîâàòü [target_spy_on.GetAbsPossPronoun]!;;x
EVTOPTB_WOL_2080_HARSH;Denounce [target_spy_on.GetObjectPronoun], giving me reasons for arrest and revokation!;;;;;;;;;;;Ïóáëè÷íî ðàçîáëà÷èâ, ìîæíî àðåñòîâàòü [target_spy_on.GetAbsPossPronoun] è îòíÿòü òèòóë!;;x
EVTOPTB_WOL_2080_TOOLTIP;Publicly denounce §Y[target_spy_on.GetTitledFirstName]§!!\n;;;;;;;;;;;§Y[target_spy_on.GetTitledFirstName]§! äîëæ[target_spy_on.GetNaEn] ïîíåñòè íàêàçàíèå. Ïóáëè÷íî îñóäèòü [target_spy_on.GetHersHis]!\n;;x
EVTOPTB_WOL_2086;Never!;;;;;;;;;;;Íèêîãäà!;;x
EVTOPTB_WOL_2100;No, I need something real.;;;;;;;;;;;Íåò, íóæíî ÷òî-òî ïðàâäîïîäîáíîå.;;x
EVTOPTB_WOL_2110;Murder is going too far!;;;;;;;;;;;Óáèéñòâî? Ýòî óæ ñëèøêîì!;;x
EVTOPTB_WOL_2120;No, I have no reason to do that.;;;;;;;;;;;Ìíå îò ýòîãî íèêàêîé ïîëüçû.;;x
EVTOPTB_WOL_2221;Bribe [target_agent.GetFirstName] and go ahead with the plan.;;;;;;;;;;;Ïîäêóïëþ [From.GetHersHis] è çàäåéñòâîâàòü ïëàí.;;x
EVTOPTB_WOL_2227;Tighten security!;;;;;;;;;;;Óñèëèòü îõðàíó!;;x
EVTOPTB_WOL_2232;I give up!;;;;;;;;;;;Ýòîò ïëàí íå ãîäèòñÿ.;;x
EVTOPTB_WOL_2300;No, I can trust [intrigue_spymaster.GetObjectPronoun];;;;;;;;;;;Íåò, ÿ äîâåðÿþ [intrigue_spymaster.GetObjectPronoun];;x
EVTOPTB_WOL_2302;Hold off. I will deal with this later.;;;;;;;;;;;ß ðàçáåðóñü ñ ýòèì ïîçæå.;;x
EVTOPTB_WOL_2304;I can't take any chances. Have [Root.job_spymaster.GetObjectPronoun] replaced.;;;;;;;;;;;ß íå ìîãó ðèñêîâàòü, [Root.job_spymaster.GetHersHis] íóæíî çàìåíèòü.;;x
EVTOPTC_WOL_2003;And yet, I won't let the shadows define me...;;;;;;;;;;;Îäíàêî, ÿ íå ïîçâîëþ òåíè ïîãëîòèòü ìåíÿ.;;x
EVTOPTC_WOL_2080;Threaten [target_spy_on.GetFirstName] with exposure unless [target_spy_on.GetSubjectPronoun] stays out of all factions.;;;;;;;;;;;Óãðîçû ïîìîãóò äåðæàòü [target_spy_on.GetAbsPossPronoun] ïîäàëüøå îò ïîëèòèêè.;;x
EVTOPTC_WOL_2080_TOOLTIP;§Y[target_spy_on.GetTitledFirstName]§! will either stay out of factions or be exposed, giving you the right to imprison [target_spy_on.GetHerHim].\n;;;;;;;;;;;§Y[target_spy_on.GetTitledFirstName]§! áóäåò äåðæàòüñÿ ïîäàëüøå îò ôðàêöèé èëè ðàçîáëà÷åí[target_spy_on.GetEndA], ÷òî äàñò Âàì ïðàâî áðîñèòü [target_spy_on.GetHersHis] â òåìíèöó.\n;;x
EVTOPTC_WOL_2100;No... I think it is time to spy on someone else.;;;;;;;;;;;Íåò... Äóìàþ, ëó÷øå øïèîíèòü çà êåì-òî äðóãèì.;;x
EVTOPTC_WOL_2221;Seduce [target_agent.GetFirstName] and go ahead with the plan.;;;;;;;;;;;Ñîáëàçíþ [From.GetHersHis] è çàäåéñòâîâàòü ïëàí.;;x
EVTOPTC_WOL_2231;Time to abandon this plan;;;;;;;;;;;Ïðèä¸òñÿ îòêàçàòüñÿ îò ïëàíà.;;x
EVTOPTD_WOL_2080;Threaten [target_spy_on.GetFirstName] with exposure unless [target_spy_on.GetSubjectPronoun] joins my factions.;;;;;;;;;;;Óãðîçû ïîìîãóò ïðèíóäèòü [target_spy_on.GetAbsPossPronoun] âñòóïèòü â ìîþ ôðàêöèþ.;;x
EVTOPTD_WOL_2080_TOOLTIP;§Y[target_spy_on.GetTitledFirstName]§! will either join your factions or be exposed, giving you the right to imprison [target_spy_on.GetHerHim].\n;;;;;;;;;;;§Y[target_spy_on.GetTitledFirstName]§! ïðèñîåäèíèòñÿ ê Âàøèì ôðàêöèÿì èëè áóäåò ðàçîáëà÷åí[target_spy_on.GetEndA], ÷òî äàñò Âàì ïðàâî áðîñèòü [target_spy_on.GetHersHis] â òåìíèöó.\n;;x
EVTOPTD_WOL_2221;I've changed my mind. Abort the whole scheme.;;;;;;;;;;;Íå íðàâèòñÿ ìíå ýòà çàòåÿ. Îòêàæóñü îò ïëàíà.;;x
EVTOPTE_WOL_2080;Keep this information to myself.;;;;;;;;;;;Ïðèáåðåãó èõ äëÿ ñåáÿ.;;x
EVTOPTE_WOL_2080_TOOLTIP;Do not use the information, but keep spying on §Y[target_spy_on.GetTitledFirstName]§!.\n;;;;;;;;;;;§Y[target_spy_on.GetTitledFirstName]§! ïîêà íè÷åì ìíå íå ïîìîæåò. Íå èñïîëüçîâàòü èíôîðìàöèþ, íî ïðîäîëæàòü øïèîíèòü çà í[target_spy_on.GetEyIm].\n;;x
EVTOPTE_WOL_2082_TOOLTIP;Do not use the information against §Y[target_spy_on.GetTitledFirstName]§!.\n;;;;;;;;;;;§Y[target_spy_on.GetTitledFirstName]§! åù¸ ïðèãîäèòñÿ. Íå èñïîëüçîâàòü èíôîðìàöèþ ïðîòèâ í[target_spy_on.GetHersHis].\n;;x
EVTOPTF_WOL_2080;I see, but I think it is time to spy on someone else.;;;;;;;;;;;Õîðîøî, íî ëó÷øå ïîøïèîíèòü çà êåì-òî äðóãèì.;;x
EVTOPTF_WOL_2080_TOOLTIP;Do not use the information and stop spying on §Y[target_spy_on.GetTitledFirstName]§!.\n;;;;;;;;;;;§Y[target_spy_on.GetTitledFirstName]§! íå ïðåäñòàâëÿåò èíòåðåñà. Ïðåêðàòèòü øïèîíèòü çà í[target_spy_on.GetEyIm].\n;;x
EVTTOOLTIP_WOL_2101;§Y[This.GetTitledFirstName]§! finds out that I started the rumors.;;;;;;;;;;;[This.GetTitledFirstName] îáíàðóæèò, ÷òî ÿ ïóñòèë[Root.GetEndA] ñëóõ.;;x
EVTTOOLTIP_WOL_2111;§Y[This.GetTitledFirstNameNoRegnal]§! is attacked and hopefully slain...;;;;;;;;;;;[This.GetTitledFirstNameNoRegnal] ïîäâåðãíåòñÿ íàïàäåíèþ è åñëè ïîâåç¸ò, óìð¸ò...;;x
EVTTOOLTIP_WOL_2121;Some thugs are hired, with orders to bring me §Y[This.GetTitledFirstNameNoRegnal]§! alive.;;;;;;;;;;;Áàíäèòû íàíÿòû, èì ïðèêàçàíî ïðèâåñòè êî ìíå ÷åëîâåêà ïî èìåíè [FromFromFrom.GetTitledFirstNameNoRegnal].;;x
