EVTDESC_RIP_11050;You have sent messengers and scouts out in all directions to scour the realm for skilled physicians that would be willing to take up residence in your court. Word should reach you shortly if they manage to find a suitable candidate. Hopefully they will not bring back a quacksalver...;;;;;;;;;;;ÃƒÃ®Ã­Ã¶Ã» Ã¨ Ã«Ã Ã§Ã³Ã²Ã·Ã¨ÃªÃ¨ Ã®Ã²Ã¯Ã°Ã Ã¢Ã¨Ã«Ã¨Ã±Ã¼ Ã¯Ã® Ã‚Ã Ã¸Ã¥Ã¬Ã³ Ã¯Ã®Ã°Ã³Ã·Ã¥Ã­Ã¨Ã¾ Ã¢Ã® Ã¢Ã±Ã¥ ÃªÃ®Ã­Ã¶Ã» Ã¨ Ã³Ã£Ã®Ã«ÃªÃ¨ Ã±Ã²Ã°Ã Ã­Ã», Ã¤Ã Ã¡Ã» Ã°Ã Ã§Ã»Ã±ÃªÃ Ã²Ã¼ Ã±Ã°Ã¥Ã¤Ã¨ Ã¬Ã­Ã®Ã¦Ã¥Ã±Ã²Ã¢Ã  Ã¨Ã§Ã¢Ã¥Ã±Ã²Ã­Ã»Ãµ Ã¨ Ã®Ã¯Ã»Ã²Ã­Ã»Ãµ Ã«Ã¥ÃªÃ Ã°Ã¥Ã© Ã²Ã®Ã£Ã®, ÃªÃ²Ã® Ã¯Ã®Ã¦Ã¥Ã«Ã Ã« Ã¡Ã» Ã¯Ã°Ã¨Ã¡Ã»Ã²Ã¼ Ãª Ã‚Ã Ã¬ Ã¨ Ã§Ã Ã­Ã¿Ã²Ã¼ Ã¯Ã®Ã·Â¸Ã²Ã­Ã³Ã¾ Ã¤Ã®Ã«Ã¦Ã­Ã®Ã±Ã²Ã¼ Ã¯Ã°Ã¨ Ã¤Ã¢Ã®Ã°Ã¥. ÃÃ³Ã¤Ã¥Ã¬ Ã­Ã Ã¤Ã¥Ã¿Ã²Ã¼Ã±Ã¿, Ã®Ã­Ã¨ Ã­Ã¥ Ã¯Ã°Ã¨Ã¢Ã¥Ã¤Ã³Ã² ÃªÃ ÃªÃ®Ã£Ã®-Ã­Ã¨Ã¡Ã³Ã¤Ã¼ Ã¸Ã Ã°Ã«Ã Ã²Ã Ã­Ã ...;;x
EVTOPTA_RIP_11050;I hope I do not have to wait long.;;;;;;;;;;;ÃÃ¥ ÃµÃ®Ã²Ã¥Ã«Ã®Ã±Ã¼ Ã¡Ã» Ã¦Ã¤Ã Ã²Ã¼ Ã±Ã«Ã¨Ã¸ÃªÃ®Ã¬ Ã¤Ã®Ã«Ã£Ã®.;;x
EVTDESC_RIP_11053_ARAB_SCHOLAR;News reaches you of a traveling Arabic scholar who just arrived on a ship in the harbor of [arab_scholar_trade_post_target.GetName]. The scholar, named [recruited_physician_target.GetFullName], is rumored to be working on a compendium of medical treatments - this likely makes [recruited_physician_target.GetHerHim] a willing candidate for the position of physician, as [recruited_physician_target.GetSheHe] would be able to continue [recruited_physician_target.GetHerHis] work at your court!;;;;;;;;;;;Ã‚Ã Ã¬ Ã±Ã²Ã Ã«Ã® Ã¨Ã§Ã¢Ã¥Ã±Ã²Ã­Ã®, Ã·Ã²Ã® Ã­Ã¥ÃªÃ¨Ã© Ã±Ã²Ã°Ã Ã­Ã±Ã²Ã¢Ã³Ã¾Ã¹Ã¨Ã© Ã Ã°Ã Ã¡Ã±ÃªÃ¨Ã© Ã³Ã·Â¸Ã­Ã»Ã© Ã¯Ã°Ã¨Ã¡Ã»Ã« Ã¢ [arab_scholar_trade_post_target.County.GetAdjective]Ã±ÃªÃ®Ã¥ Ã²Ã®Ã°Ã£Ã®Ã¢Ã®Ã¥ Ã¯Ã®Ã±Ã¥Ã«Ã¥Ã­Ã¨Ã¥. [recruited_physician_target.GetHersHisCap] Ã§Ã®Ã¢Ã³Ã² [recruited_physician_target.GetFullName], Ã¨ Ã£Ã®Ã¢Ã®Ã°Ã¿Ã², Ã²Ã Ã¬ [recruited_physician_target.GetSheHe] Ã°Ã Ã¡Ã®Ã²Ã Ã¥Ã² Ã­Ã Ã¤ ÃªÃ ÃªÃ¨Ã¬-Ã²Ã® Ã¬Ã¥Ã¤Ã¨Ã¶Ã¨Ã­Ã±ÃªÃ¨Ã¬ Ã²Ã°Ã ÃªÃ²Ã Ã²Ã®Ã¬. Ã…Ã±Ã«Ã¨ Ã‚Ã» Ã¯Ã®Ã§Ã¢Ã®Ã«Ã¨Ã²Ã¥ [recruited_physician_target.GetHerHim] Ã°Ã Ã¡Ã®Ã²Ã Ã²Ã¼ Ã­Ã Ã¤ Ã­Ã¨Ã¬ Ã³ Ã‚Ã Ã± Ã¯Ã°Ã¨ Ã¤Ã¢Ã®Ã°Ã¥, [recruited_physician_target.GetSheHe] Ã¯Ã°Ã¨Ã¬Ã¥Ã² Ã‚Ã Ã¸Ã¥ Ã¯Ã°Ã¥Ã¤Ã«Ã®Ã¦Ã¥Ã­Ã¨Ã¥.;;x
EVTDESC_RIP_11053_BELOVED_WISE_MAN;Word has reached you of a much beloved old [recruited_physician_target.GetManWoman] named [recruited_physician_target.GetFirstName] that resides in a nearby village. The old [recruited_physician_target.GetManWoman] spends [recruited_physician_target.GetHerHis] days freely helping the villagers with various medical matters, such as concocting herbal remedies and amputating infected limbs. [recruited_physician_target.GetSheHeCap] agrees to take up residence at your court if you donate a large sum of gold to the village.;;;;;;;;;;;Ã‚Ã Ã¬ Ã±Ã®Ã®Ã¡Ã¹Ã¨Ã«Ã¨, Ã·Ã²Ã® Ã¢ Ã¡Ã«Ã¨Ã¦Ã Ã©Ã¸Ã¥Ã© Ã¤Ã¥Ã°Ã¥Ã¢Ã¥Ã­Ã¼ÃªÃ¥ Ã¯Ã°Ã®Ã¦Ã¨Ã¢Ã Ã¥Ã² Ã®Ã¤[recruited_physician_target.GetNaIn] Ã¨Ã§Ã¢Ã¥Ã±Ã²Ã­[recruited_physician_target.GetAyaYy] [recruited_physician_target.GetCroneElder] Ã¯Ã® Ã¨Ã¬Ã¥Ã­Ã¨ [recruited_physician_target.GetFirstName], Ã¨ Ã¬Ã¥Ã±Ã²Ã­Ã»Ã¥ Ã¦Ã¨Ã²Ã¥Ã«Ã¨ [recruited_physician_target.GetHersHis] Ã¯Ã°Ã®Ã±Ã²Ã® Ã®Ã¡Ã®Ã¦Ã Ã¾Ã². [recruited_physician_target.GetSheHeCap] Ã«Ã¥Ã·Ã¨Ã² Ã¢Ã±Ã¥Ãµ Ã­Ã³Ã¦Ã¤Ã Ã¾Ã¹Ã¨ÃµÃ±Ã¿, Ã£Ã®Ã²Ã®Ã¢Ã¨Ã² Ã±Ã­Ã Ã¤Ã®Ã¡Ã¼Ã¿, Ã¯Ã¥Ã°Ã¥Ã¢Ã¿Ã§Ã»Ã¢Ã Ã¥Ã² Ã°Ã Ã­Ã», Ã­Ã¥ Ã²Ã°Ã¥Ã¡Ã³Ã¿ Ã­Ã¨Ã·Ã¥Ã£Ã® Ã¢Ã§Ã Ã¬Ã¥Ã­. ÃƒÃ®Ã¢Ã®Ã°Ã¨Ã², Ã·Ã²Ã® Ã±Ã²Ã Ã­Ã¥Ã² Ã‚Ã Ã¸Ã¨Ã¬ Ã«Ã¥ÃªÃ Ã°Ã¥Ã¬, Ã¥Ã±Ã«Ã¨ Ã¯Ã®Ã¦Ã¥Ã°Ã²Ã¢Ã³Ã¥Ã²Ã¥ ÃªÃ°Ã³Ã¯Ã­Ã³Ã¾ Ã±Ã³Ã¬Ã¬Ã³ Ã½Ã²Ã®Ã© Ã¤Ã¥Ã°Ã¥Ã¢Ã­Ã¥.;;x
EVTDESC_RIP_11053_BLIND_MIRACLE_WORKER;Scouts bring word of a mystic blind [recruited_physician_target.GetManWoman] that supposedly works miracles! [recruited_physician_target.GetSheHeCap] appears around the villages and cures all manner of ailments afflicting the peasants. There are even rumors that [recruited_physician_target.GetSheHe] made a lame man able to walk again! The peasants call [recruited_physician_target.GetHerHim] [recruited_physician_target.GetFirstNameWithNick]. A gift of gold would convince [recruited_physician_target.GetHerHim] to come to your court.;;;;;;;;;;;Ã‹Ã Ã§Ã³Ã²Ã·Ã¨ÃªÃ¨ Ã±Ã®Ã®Ã¡Ã¹Ã¨Ã«Ã¨, Ã·Ã²Ã® Ã­Ã¥Ãª[recruited_physician_target.GetAyaIy] Ã§Ã Ã£Ã Ã¤Ã®Ã·Ã­[recruited_physician_target.GetAyaYy] [recruited_physician_target.GetManWoman]Ã  Ã®Ã¡Ã°Ã¥Ã«[recruited_physician_target.GetEndA] Ã¨Ã§Ã¢Ã¥Ã±Ã²Ã­Ã®Ã±Ã²Ã¼ Ã²Ã¥Ã¬, Ã·Ã²Ã® Ã¿ÃªÃ®Ã¡Ã» Ã²Ã¢Ã®Ã°Ã¨Ã² Ã·Ã³Ã¤Ã¥Ã±Ã . [recruited_physician_target.GetSheHeCap] Ã³Ã±Ã¯Ã¥Ã¸Ã­Ã® Ã«Ã¥Ã·Ã¨Ã² Ã¯Ã°Ã®Ã±Ã²Ã®Ã«Ã¾Ã¤Ã¨Ã­Ã®Ã¢ Ã¯Ã® Ã¢Ã±Ã¥Ã© Ã®ÃªÃ°Ã³Ã£Ã¥. Ã•Ã®Ã¤Ã¿Ã² Ã±Ã«Ã³ÃµÃ¨, Ã·Ã²Ã® [recruited_physician_target.GetSheHe] Ã¯Ã®Ã¬Ã®Ã£[recruited_physician_target.GetNoneE] ÃµÃ°Ã®Ã¬Ã®Ã¬Ã³ ÃµÃ®Ã¤Ã¨Ã²Ã¼! [recruited_physician_target.GetHersHisCap] Ã§Ã®Ã¢Ã³Ã² [recruited_physician_target.GetFirstNameWithNick], Ã¨ [recruited_physician_target.GetSheHe] Ã£Ã®Ã²Ã®Ã¢[recruited_physician_target.GetEndA] Ã±Ã²Ã Ã²Ã¼ Ã‚Ã Ã¸Ã¨Ã¬ Ã«Ã¥ÃªÃ Ã°Ã¥Ã¬ Ã§Ã  Ã­Ã¥ÃªÃ®Ã²Ã®Ã°Ã³Ã¾ Ã±Ã³Ã¬Ã¬Ã³ Ã§Ã®Ã«Ã®Ã²Ã®Ã¬.;;x
EVTDESC_RIP_11053_CHINESE_DOCTOR;While scouring the silk road market in [chinese_silk_road_target.GetName] your scouts came across a Chinese traveler. This traveler, named [recruited_physician_target.GetFirstName], claims to be a traveling surgeon-poet of renowned skill - a claim the scouts were unable to verify. [recruited_physician_target.GetSheHeCap] offers to join your court in return for adequate compensation.;;;;;;;;;;;ÃÃ°Ã®Ã¢Ã¥Ã°Ã¿Ã¿ Ã£Ã®Ã°Ã®Ã¤Ã  Ã˜Â¸Ã«ÃªÃ®Ã£Ã® Ã¯Ã³Ã²Ã¨, Ã‚Ã Ã¸Ã¨ Ã«Ã Ã§Ã³Ã²Ã·Ã¨ÃªÃ¨ Ã¢Ã±Ã²Ã°Ã¥Ã²Ã¨Ã«Ã¨ Ã¨Ã­Ã²Ã¥Ã°Ã¥Ã±Ã­[recruited_physician_target.GetUyuOgo] [recruited_physician_target.GetManWoman]Ã³ Ã­Ã  Ã®Ã¤Ã­Ã®Ã¬ Ã¨Ã§ [chinese_silk_road_target.County.GetAdjective]Ã±ÃªÃ¨Ãµ Ã°Ã»Ã­ÃªÃ®Ã¢. ÃŠÃ¨Ã²Ã Ã©Ã±Ãª[recruited_physician_target.GetAyaIy] Ã¯Ã³Ã²Ã¥Ã¸Ã¥Ã±Ã²Ã¢Ã¥Ã­Ã­Ã¨[recruited_physician_target.GetTsaK] Ã¯Ã® Ã¨Ã¬Ã¥Ã­Ã¨ [recruited_physician_target.GetFirstName] Ã³Ã²Ã¢Ã¥Ã°Ã¦Ã¤Ã Ã¥Ã², Ã·Ã²Ã® [recruited_physician_target.GetSheHe] - Ã¯Ã®Ã½Ã² Ã¨ ÃµÃ¨Ã°Ã³Ã°Ã£, Ã¨ Ã¯Ã°Ã¥Ã¤Ã«Ã Ã£Ã Ã¥Ã² Ã¯Ã°Ã¨Ã±Ã®Ã¥Ã¤Ã¨Ã­Ã¨Ã²Ã¼Ã±Ã¿ Ãª Ã‚Ã Ã¸Ã¥Ã¬Ã³ Ã¤Ã¢Ã®Ã°Ã³.;;x
EVTDESC_RIP_11053_CONDEMNED_SORCERER;Your [Root.GetSpymasterName], [Root.job_spymaster.GetTitledFirstName], reports that a heretical sorcerer has been caught and jailed in the city of [sorcerer_city_target.GetName]. This 'sorcerer' has apparently healed various ailments afflicting the other prisoners. Although [recruited_physician_target.GetSheHe] is scheduled for execution at noon, you could pardon [recruited_physician_target.GetHerHim] and bring [recruited_physician_target.GetHerHim] into your employ.;;;;;;;;;;;"Ã‚Ã Ã¸ [Root.GetSpymasterName] [Root.job_spymaster.GetTitledFirstName] Ã±Ã®Ã®Ã¡Ã¹Ã Ã¥Ã², Ã·Ã²Ã® Ã¢ Ã£Ã®Ã°Ã®Ã¤Ã¥ [sorcerer_city_target.GetName] Ã¯Ã®Ã©Ã¬Ã Ã«Ã¨ ÃªÃ Ãª[recruited_physician_target.GetUyuOgo]-Ã²Ã® [recruited_physician_target.GetManWoman]Ã³ Ã¨ Ã®Ã¡Ã¢Ã¨Ã­Ã¿Ã¾Ã² [recruited_physician_target.GetHersHis] Ã¢ ÃªÃ®Ã«Ã¤Ã®Ã¢Ã±Ã²Ã¢Ã¥. ÃƒÃ®Ã¢Ã®Ã°Ã¿Ã², Ã·Ã²Ã® Ã¤Ã Ã¦Ã¥ Ã¡Ã³Ã¤Ã³Ã·Ã¨ Ã¢ Ã²Ã¥Ã¬Ã­Ã¨Ã¶Ã¥, Ã½Ã²[recruited_physician_target.GetEtaEtot] ""Ã·Ã Ã°Ã®Ã¤Ã¥Ã©[recruited_physician_target.GetEndKa]"" Ã³Ã±Ã¯Ã¥Ã¸Ã­Ã® Ã«Ã¥Ã·Ã¨Ã² Ã­Ã¥Ã¤Ã³Ã£Ã¨ Ã¤Ã°Ã³Ã£Ã¨Ãµ Ã§Ã ÃªÃ«Ã¾Ã·Â¸Ã­Ã­Ã»Ãµ. Ã‚ Ã¯Ã®Ã«Ã¤Ã¥Ã­Ã¼ [recruited_physician_target.GetSheHe] Ã¡Ã³Ã¤Ã¥Ã² ÃªÃ Ã§Ã­Ã¥Ã­[recruited_physician_target.GetEndA], Ã­Ã® Ã‚Ã» Ã¬Ã®Ã¦Ã¥Ã²Ã¥ Ã¯Ã®Ã¬Ã¨Ã«Ã®Ã¢Ã Ã²Ã¼ [recruited_physician_target.GetHersHis] Ã¨ Ã­Ã Ã­Ã¿Ã²Ã¼ ÃªÃ Ãª Ã±Ã¢Ã®Ã¥Ã£Ã® Ã«Ã¥ÃªÃ Ã°Ã¿.";;x
EVTDESC_RIP_11053_CYNICAL_CLERGYMAN;A while after you spread the word that you are seeking the employ of a court physician one of the [Root.Religion.GetPriestTitle]s from [clergyman_temple_target.GetName] arrived at your court. The cynical [Root.Religion.GetPriestTitle] introduced [recruited_physician_target.GetHerselfHimself] as [recruited_physician_target.GetFirstNameWithNick] and expressed a wish to serve you. Although, seeing as this individual is shunned by the rest of the [Root.Religion.GetPriestTitle]s the religious authorities are unlikely to approve...;;;;;;;;;;;"Ã‚Ã±ÃªÃ®Ã°Ã¥ Ã¯Ã®Ã±Ã«Ã¥ Ã²Ã®Ã£Ã®, ÃªÃ Ãª Ã°Ã Ã§Ã­Ã¥Ã±Ã«Ã Ã±Ã¼ Ã¢Ã¥Ã±Ã²Ã¼ Ã® Ã²Ã®Ã¬, Ã·Ã²Ã® Ã‚Ã» Ã¨Ã¹Ã¥Ã²Ã¥ Ã«Ã¥ÃªÃ Ã°Ã¿, Ã®Ã¤[recruited_physician_target.GetNaIn] Ã¨Ã§ Ã±Ã¢Ã¿Ã¹Ã¥Ã­Ã­Ã®Ã±Ã«Ã³Ã¦Ã¨Ã²Ã¥Ã«Ã¥Ã© ÃµÃ°Ã Ã¬Ã  [clergyman_temple_target.GetName] Ã¯Ã°Ã¨Ã¡Ã»Ã«[recruited_physician_target.GetEndA] Ãª Ã‚Ã Ã¸Ã¥Ã¬Ã³ Ã¤Ã¢Ã®Ã°Ã³, Ã¯Ã°Ã¥Ã¤Ã±Ã²Ã Ã¢Ã¨Ã¢Ã¸Ã¨Ã±Ã¼ ÃªÃ Ãª [recruited_physician_target.GetFirstNameWithNick]. [recruited_physician_target.GetSheHeCap] Ã±ÃªÃ Ã§Ã Ã«[recruited_physician_target.GetEndA], Ã·Ã²Ã® ÃµÃ®Ã·Ã¥Ã² Ã±Ã«Ã³Ã¦Ã¨Ã²Ã¼ Ã‚Ã Ã¬, Ã¨Ã¡Ã® Ã³Ã¦Ã¥ ""Ã±Ã»Ã²[recruited_physician_target.GetEndA] Ã¯Ã® Ã£Ã®Ã°Ã«Ã® Ã¬Ã¥Ã±Ã²Ã­Ã»Ã¬ Ã¤Ã³ÃµÃ®Ã¢Ã¥Ã­Ã±Ã²Ã¢Ã®Ã¬"".";;x
EVTDESC_RIP_11053_ERUDITE_HERBALIST;Your rangers report of an erudite herbalist that resides in a hut in the outskirts of a nearby town. The herbalist, named [recruited_physician_target.GetFirstName], seems eager to accept the offer of becoming your personal physician, and has prepared an immense bundle of strange herbs to be delivered to the court should [recruited_physician_target.GetSheHe] be accepted.;;;;;;;;;;;Ã‚Ã Ã¸Ã¨ Ã°Ã Ã§Ã¢Ã¥Ã¤Ã·Ã¨ÃªÃ¨ Ã±Ã®Ã®Ã¡Ã¹Ã¨Ã«Ã¨ Ã®Ã¡ Ã³Ã±Ã¯Ã¥ÃµÃ¥ Ã¢ Ã¯Ã®Ã¨Ã±ÃªÃ Ãµ. ÃÃ® Ã¨Ãµ Ã±Ã«Ã®Ã¢Ã Ã¬ Ã®Ã¤[recruited_physician_target.GetNaIn] Ã¢Ã¥Ã±Ã¼Ã¬Ã  ÃµÃ®Ã°Ã®Ã¸Ã® Ã®Ã¡Ã°Ã Ã§Ã®Ã¢Ã Ã­Ã­[recruited_physician_target.GetAyaYy] Ã²Ã°Ã Ã¢Ã­Ã¨[recruited_physician_target.GetTsaK] Ã¯Ã® Ã¨Ã¬Ã¥Ã­Ã¨ [recruited_physician_target.GetFirstName] Ã¯Ã°Ã®Ã¦Ã¨Ã¢Ã Ã¥Ã² Ã¢ Ã­Ã¥Ã¡Ã®Ã«Ã¼Ã¸Ã®Ã© ÃµÃ¨Ã¦Ã¨Ã­Ã¥ Ã­Ã¥Ã¯Ã®Ã¤Ã Ã«Â¸ÃªÃ³. [recruited_physician_target.GetSheHeCap] Ã±ÃªÃ Ã§Ã Ã«[recruited_physician_target.GetEndA], Ã·Ã²Ã® Ã±Ã²Ã Ã­Ã¥Ã² Ã‚Ã Ã¸Ã¨Ã¬ Ã«Ã¥ÃªÃ Ã°Ã¥Ã¬ Ã¯Ã°Ã¨ Ã³Ã±Ã«Ã®Ã¢Ã¨Ã¨, Ã·Ã²Ã® [recruited_physician_target.GetHerHim] Ã¯Ã®Ã§Ã¢Ã®Ã«Ã¿Ã² Ã§Ã Ã¡Ã°Ã Ã²Ã¼ Ã± Ã±Ã®Ã¡Ã®Ã© Ã¨ Ã®Ã¡Ã¸Ã¨Ã°Ã­Ã³Ã¾ ÃªÃ®Ã«Ã«Ã¥ÃªÃ¶Ã¨Ã¾ Ã°Ã¥Ã¤ÃªÃ¨Ãµ Ã°Ã Ã±Ã²Ã¥Ã­Ã¨Ã©.;;x
EVTDESC_RIP_11053_FIELD_SURGEON;Your messengers tell you of a mercenary band that just arrived in [Root.Capital.GetName]. Along with them is the field surgeon [recruited_physician_target.GetFirstName], known for [recruited_physician_target.GetHerHis] ability to rapidly amputate limbs and save the lives of gravely wounded soldiers. Despite the reputation of mercenaries often being greedy, hiring [recruited_physician_target.GetHerHim] seems comparatively cheap!;;;;;;;;;;;ÃÃ Ã§Ã¢Ã¥Ã¤Ã·Ã¨ÃªÃ¨ Ã±Ã®Ã®Ã¡Ã¹Ã Ã¾Ã² Ã‚Ã Ã¬, Ã·Ã²Ã® Ã¢ [Root.Capital.County.GetAdjective]Ã±ÃªÃ¨Ã¥ Ã§Ã¥Ã¬Ã«Ã¨ Ã¯Ã°Ã¨Ã¡Ã»Ã«Ã  Ã¡Ã Ã­Ã¤Ã  Ã­Ã Â¸Ã¬Ã­Ã¨ÃªÃ®Ã¢, Ã¢ ÃªÃ®Ã²Ã®Ã°Ã®Ã© Ã°Ã Ã¡Ã®Ã²Ã Ã¥Ã² Ã§Ã­Ã Ã¬Ã¥Ã­Ã¨Ã²Ã»Ã© Ã¯Ã®Ã«Ã¥Ã¢Ã®Ã© ÃµÃ¨Ã°Ã³Ã°Ã£ Ã¯Ã® Ã¨Ã¬Ã¥Ã­Ã¨ [recruited_physician_target.GetFirstName]. ÃˆÃ§Ã¢Ã¥Ã±Ã²Ã­Ã®Ã±Ã²Ã¼ Ã±Ã¢Ã®Ã¾ [recruited_physician_target.GetSheHe] Ã¯Ã®Ã«Ã³Ã·Ã¨Ã«[recruited_physician_target.GetEndA] Ã§Ã  Ã³Ã±Ã¯Ã¥ÃµÃ¨ Ã¢ Ã«Ã¥Ã·Ã¥Ã­Ã¨Ã¨ Ã°Ã Ã­Ã¥Ã­Ã»Ãµ Ã±Ã®Ã«Ã¤Ã Ã², Ã®Ã±Ã®Ã¡Ã¥Ã­Ã­Ã® Ã Ã¬Ã¯Ã³Ã²Ã Ã¶Ã¨Ã¾ ÃªÃ®Ã­Ã¥Ã·Ã­Ã®Ã±Ã²Ã¥Ã©. ÃÃ Ã­Ã¿Ã²Ã¼ [recruited_physician_target.GetHersHis] Ã¬Ã®Ã¦Ã­Ã® Ã®Ã²Ã­Ã®Ã±Ã¨Ã²Ã¥Ã«Ã¼Ã­Ã® Ã¤Ã¥Ã¸Â¸Ã¢Ã®, Ã³Ã·Ã¨Ã²Ã»Ã¢Ã Ã¿ Ã²Ã®, Ã­Ã Ã±ÃªÃ®Ã«Ã¼ÃªÃ® Ã¦Ã Ã¤Ã­Ã»Ã¬Ã¨ Ã®Ã¡Ã»Ã·Ã­Ã® Ã¡Ã»Ã¢Ã Ã Ã¾Ã² Ã­Ã Â¸Ã¬Ã­Ã¨ÃªÃ¨.;;x
EVTDESC_RIP_11053_HORSE_MD;As you lie sleeping in the courtyard you are suddenly awakened by the sound of hooves. You rise to see a man dismount and bow at you. He explains that he is a court physician of renowned skill that has left his home and traveled here from a far away land only to serve you! You have already made up your mind though...;;;;;;;;;;;ÃÃ®Ã±Ã«Ã¥ Ã¤Ã®Ã«Ã£Ã®Ã© Ã¯Ã°Ã®Ã£Ã³Ã«ÃªÃ¨ Ã­Ã  Ã¯Ã°Ã¨Ã°Ã®Ã¤Ã¥, Ã‚Ã» Ã°Ã¥Ã¸Ã¨Ã«Ã¨ Ã¯Ã°Ã¨Ã«Ã¥Ã·Ã¼ Ã¨ Ã­Ã¥Ã¬Ã­Ã®Ã£Ã® Ã¢Ã§Ã¤Ã°Ã¥Ã¬Ã­Ã³Ã²Ã¼, Ã­Ã® Ã‚Ã Ã± Ã°Ã Ã§Ã¡Ã³Ã¤Ã¨Ã« Ã±Ã²Ã³Ãª ÃªÃ®Ã¯Ã»Ã². ÃÃ®Ã¤Ã­Ã¿Ã¢ Ã£Ã®Ã«Ã®Ã¢Ã³, Ã‚Ã» Ã³Ã¢Ã¨Ã¤Ã¥Ã«Ã¨, Ã¢Ã±Ã Ã¤Ã­Ã¨ÃªÃ . ÃÃ­ Ã±Ã¯Ã¥Ã¸Ã¨Ã«Ã±Ã¿, Ã¯Ã®ÃªÃ«Ã®Ã­Ã¨Ã«Ã±Ã¿ Ã‚Ã Ã¬ Ã¨ Ã±ÃªÃ Ã§Ã Ã«, Ã·Ã²Ã® ÃªÃ Ãª Ã®Ã¯Ã»Ã²Ã­Ã»Ã© Ã¯Ã°Ã¨Ã¤Ã¢Ã®Ã°Ã­Ã»Ã© Ã«Ã¥ÃªÃ Ã°Ã¼ Ã¯Ã°Ã¨Ã¡Ã»Ã« Ã±Ã¾Ã¤Ã  Ã¨Ã§Ã¤Ã Ã«Ã¥ÃªÃ , Ã·Ã²Ã®Ã¡Ã» Ã±Ã«Ã³Ã¦Ã¨Ã²Ã¼ Ã‚Ã Ã¬. ÃˆÃ­Ã²Ã¥Ã°Ã¥Ã±Ã­Ã® Ã¯Ã°Ã¥Ã¤Ã«Ã®Ã¦Ã¥Ã­Ã¨Ã¥, ÃµÃ®Ã²Ã¿...;;x
EVTDESC_RIP_11053_INSANE_ZEALOT;A messenger brings you word from [zealot_temple_target.GetName], one of the [Root.Religion.GetPriestTitle]s residing there is willing to serve as your personal physician! The [Root.Religion.GetPriestTitle], named [recruited_physician_target.GetFirstName], is schooled in formal medicine and has served in several sick houses. Though it appears as if the other [Root.Religion.GetPriestTitle]s are happy to see [recruited_physician_target.GetHerHim] go, as [recruited_physician_target.GetSheHe] is renowned for being a tad overzealous and frankly - insane.;;;;;;;;;;;"ÃÃ®Ã±Ã«Ã Ã­Ã­Ã¨Ãª Ã¨Ã§ ÃµÃ°Ã Ã¬Ã  [zealot_temple_target.GetName] Ã¯Ã°Ã¨Ã¡Ã»Ã« Ãª Ã‚Ã Ã¸Ã¥Ã¬Ã³ Ã¤Ã¢Ã®Ã°Ã³. ÃÃ­ Ã±Ã®Ã®Ã¡Ã¹Ã¨Ã«, Ã·Ã²Ã® Ã®Ã¤[recruited_physician_target.GetNaIn] Ã¨Ã§ Ã±Ã¢Ã¿Ã¹Ã¥Ã­Ã­Ã®Ã±Ã«Ã³Ã¦Ã¨Ã²Ã¥Ã«Ã¥Ã© Ã¦Ã¥Ã«Ã Ã¥Ã² Ã±Ã²Ã Ã²Ã¼ Ã‚Ã Ã¸Ã¨Ã¬ Ã¯Ã°Ã¨Ã¤Ã¢Ã®Ã°Ã­Ã»Ã¬ Ã«Ã¥ÃªÃ Ã°Ã¥Ã¬. ÃÃ²[recruited_physician_target.GetUOgo] [recruited_physician_target.GetAgedPersonACC] Ã§Ã®Ã¢Ã³Ã² [recruited_physician_target.GetFirstName], [recruited_physician_target.GetSheHe] Ã®Ã¡Ã³Ã·Ã¥Ã­[recruited_physician_target.GetEndA] Ã¬Ã¥Ã¤Ã¨Ã¶Ã¨Ã­Ã¥ Ã¨ Ã¨Ã¬Ã¥Ã¥Ã² Ã±Ã®Ã®Ã²Ã¢Ã¥Ã²Ã±Ã²Ã¢Ã³Ã¾Ã¹Ã¨Ã© Ã®Ã¯Ã»Ã². [recruited_physician_target.GetHersHisCap] ÃªÃ®Ã«Ã«Ã¥Ã£Ã¨ Ã± Ã°Ã Ã¤Ã®Ã±Ã²Ã¼Ã¾ Ã¨Ã§Ã¡Ã Ã¢Ã¿Ã²Ã±Ã¿ Ã®Ã² Ã­[recruited_physician_target.GetHersHis], Ã¨Ã¡Ã® ""[recruited_physician_target.GetHersHis] Ã°Ã¥Ã«Ã¨Ã£Ã¨Ã®Ã§Ã­Ã®Ã¥ Ã°Ã¢Ã¥Ã­Ã¨Ã¥ Ã¯Ã®Ã°Ã®Ã© Ã¤Ã®ÃµÃ®Ã¤Ã¨Ã² Ã¤Ã® Ã¡Ã¥Ã§Ã³Ã¬Ã¨Ã¿"".";;x
EVTDESC_RIP_11053_JEWISH_EXILE;Shortly after you spread the word of you seeking the employ of a court physician a [jewish.GetName] exile appeared at your court. The exile introduced [recruited_physician_target.GetHerselfHimself] as [recruited_physician_target.GetFullName] and explained that [recruited_physician_target.GetSheHe]'d served as physician to many rulers before, and as such offers [recruited_physician_target.GetHerHis] services to you in return for fair pay.;;;;;;;;;;;Ã‚Ã±ÃªÃ®Ã°Ã¥ Ã¯Ã®Ã±Ã«Ã¥ Ã²Ã®Ã£Ã®, ÃªÃ Ãª Ã°Ã Ã§Ã­Ã¥Ã±Ã«Ã Ã±Ã¼ Ã¢Ã¥Ã±Ã²Ã¼ Ã® Ã²Ã®Ã¬, Ã·Ã²Ã® Ã‚Ã» Ã¨Ã¹Ã¥Ã²Ã¥ Ã«Ã¥ÃªÃ Ã°Ã¿, [_Ã¥Ã¢Ã°Ã¥Ã©][recruited_physician_target.GetEndKa]-Ã¨Ã§Ã£Ã­Ã Ã­Ã­Ã¨[recruited_physician_target.GetTsaK] Ã¯Ã®Ã¯Ã°Ã®Ã±Ã¨Ã«[recruited_physician_target.GetEndA] Ã³ Ã‚Ã Ã± Ã Ã³Ã¤Ã¨Ã¥Ã­Ã¶Ã¨Ã¨. [recruited_physician_target.GetSheHeCap] Ã­Ã Ã§Ã¢Ã Ã«[recruited_physician_target.GetEndA] Ã±Ã¥Ã¡Ã¿ [recruited_physician_target.GetFullName] Ã¨ Ã±ÃªÃ Ã§Ã Ã«[recruited_physician_target.GetEndA], Ã·Ã²Ã® Ã¯Ã°Ã¥Ã¦Ã¤Ã¥ Ã±Ã«Ã³Ã¦Ã¨Ã«[recruited_physician_target.GetEndA] Ã¬Ã­Ã®Ã£Ã¨Ã¬ Ã¯Ã°Ã Ã¢Ã¨Ã²Ã¥Ã«Ã¿Ã¬, Ã  Ã²Ã¥Ã¯Ã¥Ã°Ã¼ Ã¯Ã°Ã¥Ã¤Ã«Ã Ã£Ã Ã¥Ã² Ã‚Ã Ã¬ Ã±Ã¢Ã®Ã¨ Ã³Ã±Ã«Ã³Ã£Ã¨.;;x
EVTDESC_RIP_11053_MANICHAEAN_MERCHANT;A silk road merchant recently arrived in [Root.Capital.GetName]. Your guards report that, under the guise of providing free medical examinations, this '[recruited_physician_target.GetFirstName]' had used the opportunity to preach the Gospel of Mani! The guards locked [recruited_physician_target.GetHerHim] up for [recruited_physician_target.GetHerHis] own good, but perhaps [recruited_physician_target.GetSheHe] could work as your physician?;;;;;;;;;;;ÃÃ¥ Ã²Ã Ãª Ã¤Ã Ã¢Ã­Ã® Ã¨Ã§Ã¢Ã¥Ã±Ã²Ã­Ã»Ã© ÃªÃ³Ã¯Ã¥Ã¶ Ã˜Â¸Ã«ÃªÃ®Ã¢Ã®Ã£Ã® Ã¯Ã³Ã²Ã¨ Ã¯Ã® Ã¨Ã¬Ã¥Ã­Ã¨ [recruited_physician_target.GetFirstName] Ã¯Ã°Ã¨Ã¡Ã»Ã« Ã¢ [Root.Capital.County.GetAdjective]Ã±ÃªÃ¨Ã¥ Ã§Ã¥Ã¬Ã«Ã¨. Ã‚Ã Ã¬ Ã±Ã®Ã®Ã¡Ã¹Ã¨Ã«Ã¨, Ã·Ã²Ã® Ã¯Ã®Ã¤ Ã¢Ã¨Ã¤Ã®Ã¬ Ã¡Ã¥Ã±Ã¯Ã«Ã Ã²Ã­Ã»Ãµ Ã¬Ã¥Ã¤Ã¨Ã¶Ã¨Ã­Ã±ÃªÃ¨Ãµ Ã®Ã±Ã¬Ã®Ã²Ã°Ã®Ã¢ [recruited_physician_target.GetSheHe] Ã¯Ã°Ã®Ã¯Ã®Ã¢Ã¥Ã¤Ã³Ã¥Ã² Ã³Ã·Ã¥Ã­Ã¨Ã¥ ÃŒÃ Ã­Ã¨. Ã‘Ã²Ã°Ã Ã¦Ã  Ã Ã°Ã¥Ã±Ã²Ã®Ã¢Ã Ã«Ã  [recruited_physician_target.GetHersHis] Ã¤Ã® Ã¤Ã Ã«Ã¼Ã­Ã¥Ã©Ã¸Ã¨Ãµ Ã³ÃªÃ Ã§Ã Ã­Ã¨Ã©, Ã­Ã®, Ã¢Ã®Ã§Ã¬Ã®Ã¦Ã­Ã®, [recruited_physician_target.GetSheHe] Ã¬Ã®Ã£[recruited_physician_target.GetNoneE] Ã¡Ã» Ã±Ã²Ã Ã²Ã¼ Ã‚Ã Ã¸Ã¨Ã¬ Ã«Ã¥ÃªÃ Ã°Ã¥Ã¬?;;x
EVTDESC_RIP_11053_MAZDAN_DOCTOR;You are told that there resides a Mazdan doctor in a small, nearby, village. The doctor, known in learned circles as [recruited_physician_target.GetFirstName], is rumored to possess texts from the famous school of Gondishapur! Such a learned [recruited_physician_target.GetManWoman] would surely be an asset to your court.;;;;;;;;;;;Ã‚Ã Ã¬ Ã°Ã Ã±Ã±ÃªÃ Ã§Ã Ã«Ã¨ Ã® Ã«Ã¥ÃªÃ Ã°Ã¥-Ã¬Ã Ã§Ã¤Ã¥Ã¨Ã±Ã²Ã¥, Ã¦Ã¨Ã¢Ã³Ã¹Ã¥Ã¬ Ã¢ Ã¬Ã Ã«Ã¥Ã­Ã¼ÃªÃ®Ã© Ã¤Ã¥Ã°Ã¥Ã¢Ã¥Ã­Ã¼ÃªÃ¥ Ã­Ã¥Ã¯Ã®Ã¤Ã Ã«Â¸ÃªÃ³. Ã‚ Ã­Ã Ã³Ã·Ã­Ã»Ãµ ÃªÃ°Ã³Ã£Ã Ãµ [recruited_physician_target.GetSheHe] Ã¨Ã§Ã¢Ã¥Ã±Ã²[recruited_physician_target.GetNaEn] Ã¯Ã®Ã¤ Ã¨Ã¬Ã¥Ã­Ã¥Ã¬ [recruited_physician_target.GetFirstName]. ÃÃ® Ã±Ã«Ã³ÃµÃ Ã¬, [recruited_physician_target.GetSheHe] Ã¢Ã«Ã Ã¤Ã¥Ã¥Ã² Ã²Ã¥ÃªÃ±Ã²Ã Ã¬Ã¨ Ã§Ã­Ã Ã¬Ã¥Ã­Ã¨Ã²Ã®Ã© Ã¸ÃªÃ®Ã«Ã» ÃƒÃ®Ã­Ã¤Ã¨Ã¸Ã Ã¯Ã³Ã°Ã ! Ã’Ã ÃªÃ®Ã© Ã®Ã¡Ã°Ã Ã§Ã®Ã¢Ã Ã­Ã­Ã»Ã© Ã·Ã¥Ã«Ã®Ã¢Ã¥Ãª, Ã¡Ã¥Ã§Ã³Ã±Ã«Ã®Ã¢Ã­Ã®, Ã¡Ã³Ã¤Ã¥Ã² ÃªÃ±Ã²Ã Ã²Ã¨ Ã¯Ã°Ã¨ Ã‚Ã Ã¸Ã¥Ã¬ Ã¤Ã¢Ã®Ã°Ã¥.;;x
EVTDESC_RIP_11053_PAGAN_MYSTIC;There reportedly lives a [recruited_physician_target.Religion.GetName] Mystic not far from our borders. Even though [recruited_physician_target.GetSheHe] is a heathen the locals respect [recruited_physician_target.GetHerHim] and turn to [recruited_physician_target.GetHerHim] in times of need. Rumors say that the Mystic, named [recruited_physician_target.GetFirstName], is able to call healing spirits into the bodies of [recruited_physician_target.GetHerHis] patients. [recruited_physician_target.GetSheHeCap] would be willing to take up residence at your court for a small fee.;;;;;;;;;;;Ã‚Ã Ã¬ Ã±Ã®Ã®Ã¡Ã¹Ã¨Ã«Ã¨, Ã·Ã²Ã® Ã­Ã¥Ã¤Ã Ã«Ã¥ÃªÃ® Ã®Ã² Ã­Ã Ã¸Ã¨Ãµ Ã£Ã°Ã Ã­Ã¨Ã¶ Ã¯Ã°Ã®Ã¦Ã¨Ã¢Ã Ã¥Ã² Ã¨Ã§Ã¢Ã¥Ã±Ã²Ã­Ã»Ã© [recruited_physician_target.GetCultureAdj]Ã¨Ã© Ã¬Ã¨Ã±Ã²Ã¨Ãª, [recruited_physician_target.GetHersHis] Ã§Ã®Ã¢Ã³Ã² [recruited_physician_target.GetFirstName], Ã¨, Ã·Ã²Ã® Ã­Ã¥ Ã³Ã¤Ã¨Ã¢Ã¨Ã²Ã¥Ã«Ã¼Ã­Ã®, [recruited_physician_target.GetSheHe] - Ã¿Ã§Ã»Ã·Ã­Ã¨[recruited_physician_target.GetTsaK], Ã­Ã® Ã¬Ã¥Ã±Ã²Ã­Ã»Ã¥ Ã³Ã¢Ã Ã¦Ã Ã¾Ã² [recruited_physician_target.GetHerHim] Ã¨ Ã®Ã¡Ã°Ã Ã¹Ã Ã¾Ã²Ã±Ã¿ Ã§Ã  Ã¯Ã®Ã¬Ã®Ã¹Ã¼Ã¾. ÃÃ®Ã£Ã®Ã¢Ã Ã°Ã¨Ã¢Ã Ã¾Ã², Ã·Ã²Ã® [recruited_physician_target.GetSheHe] Ã¯Ã°Ã¨Ã§Ã»Ã¢Ã Ã¥Ã² Ã¤Ã³ÃµÃ®Ã¢, Ã·Ã²Ã®Ã¡Ã» Ã«Ã¥Ã·Ã¨Ã²Ã¼ Ã¡Ã®Ã«Ã¼Ã­Ã»Ãµ. Ã‡Ã  Ã­Ã¥Ã¡Ã®Ã«Ã¼Ã¸Ã®Ã¥ Ã¢Ã®Ã§Ã­Ã Ã£Ã°Ã Ã¦Ã¤Ã¥Ã­Ã¨Ã¥, [recruited_physician_target.GetSheHe] Ã£Ã®Ã²Ã®Ã¢[recruited_physician_target.GetEndA] Ã±Ã²Ã Ã²Ã¼ Ã‚Ã Ã¸Ã¨Ã¬ Ã«Ã¥ÃªÃ Ã°Ã¥Ã¬.;;x
EVTDESC_RIP_11053_PUS_SUCKING_NUN;One of your messengers return with news of an old nun residing in the convent of [nun_temple_target.GetName]. The pious woman has worked for years in the leper colonies of [nun_temple_target.GetName] where she licks away the pus in the patients' wounds and eats their scabs, something for which she has earned the name [recruited_physician_target.GetFirstNameWithNick]. If you were to donate a tidy sum to the convent she would come work for you.;;;;;;;;;;;"ÃÃ¤Ã¨Ã­ Ã¨Ã§ Ã‚Ã Ã¸Ã¨Ãµ Ã°Ã Ã§Ã¢Ã¥Ã¤Ã·Ã¨ÃªÃ®Ã¢ Ã¯Ã°Ã¨Ã¡Ã»Ã« Ã± Ã­Ã®Ã¢Ã®Ã±Ã²Ã¿Ã¬Ã¨ Ã¯Ã® Ã¯Ã®Ã¢Ã®Ã¤Ã³ Ã¯Ã®Ã¨Ã±ÃªÃ®Ã¢ Ã«Ã¥ÃªÃ Ã°Ã¿: ""[Root.PrimaryTitle.GetFOA]. ÃÃ Ã¬ Ã³Ã¤Ã Ã«Ã®Ã±Ã¼ Ã¢Ã»Ã¿Ã±Ã­Ã¨Ã²Ã¼, Ã·Ã²Ã® Ã¢ ÃµÃ°Ã Ã¬Ã¥ [nun_temple_target.GetName] Ã¯Ã°Ã®Ã¦Ã¨Ã¢Ã Ã¥Ã² Ã®Ã¤Ã­Ã  Ã¡Ã«Ã Ã£Ã®Ã·Ã¥Ã±Ã²Ã¨Ã¢Ã Ã¿ Ã¬Ã®Ã­Ã ÃµÃ¨Ã­Ã¿. Ã’Ã Ã¬ Ã®Ã­Ã  Ã¤Ã®Ã«Ã£Ã¨Ã¥ Ã£Ã®Ã¤Ã» Ã¯Ã®Ã¬Ã®Ã£Ã Ã«Ã  Ã¯Ã°Ã®ÃªÃ Ã¦Â¸Ã­Ã­Ã»Ã¬ Ã¢ Ã«Ã¥Ã¯Ã°Ã®Ã§Ã®Ã°Ã¨Ã¨ Ã¬Ã®Ã­Ã Ã±Ã²Ã»Ã°Ã¿, Ã¢Ã»Ã±Ã Ã±Ã»Ã¢Ã Ã¿ Ã£Ã­Ã®Ã© Ã¨Ã§ Ã¨Ãµ Ã°Ã Ã­ Ã¨ Ã¯Ã®Ã¥Ã¤Ã Ã¿ Ã¨Ãµ Ã±Ã²Ã°Ã³Ã¯Ã¼Ã¿, Ã§Ã  Ã·Ã²Ã® Ã±Ã²Ã Ã«Ã  Ã¨Ã§Ã¢Ã¥Ã±Ã²Ã­Ã  ÃªÃ Ãª [recruited_physician_target.GetFirstNameWithNick]. Ã…Ã±Ã«Ã¨ Ã¯Ã®Ã¦Ã¥Ã°Ã²Ã¢Ã®Ã¢Ã Ã²Ã¼ ÃªÃ°Ã³Ã¯Ã­Ã³Ã¾ Ã±Ã³Ã¬Ã¬Ã³ Ã¥Â¸ Ã¬Ã®Ã­Ã Ã±Ã²Ã»Ã°Ã¾, Ã®Ã­Ã  Ã±Ã®Ã£Ã«Ã Ã±Ã¨Ã²Ã±Ã¿ Ã±Ã²Ã Ã²Ã¼ Ã‚Ã Ã¸Ã¨Ã¬ Ã«Ã¥ÃªÃ Ã°Ã¥Ã¬"".";;x
EVTDESC_RIP_11053_SCHOOLED_EUNUCH;One of your scouts report of a cunning eunuch who has taken up residence in a nearby tavern. The eunuch spends his time drinking wine, eating and sharing stories with the guests. Apparently he is very well-schooled and has vast knowledge of medicinal mixtures. An offer of gold and food would definitely convince him to take up residence at your court as physician!;;;;;;;;;;;ÃÃ¤Ã¨Ã­ Ã¨Ã§ Ã‚Ã Ã¸Ã¨Ãµ Ã«Ã Ã§Ã³Ã²Ã·Ã¨ÃªÃ®Ã¢ Ã°Ã Ã±Ã±ÃªÃ Ã§Ã Ã« Ã®Ã¡ Ã®Ã¤Ã­Ã®Ã¬ ÃµÃ¨Ã²Ã°Ã®Ã¬ Ã¥Ã¢Ã­Ã³ÃµÃ¥, ÃªÃ®Ã²Ã®Ã°Ã»Ã© Ã­Ã¥Ã¤Ã Ã¢Ã­Ã® Ã¯Ã®Ã±Ã¥Ã«Ã¨Ã«Ã±Ã¿ Ã¢ Ã¡Ã«Ã¨Ã¦Ã Ã©Ã¸Ã¥Ã© Ã²Ã Ã¢Ã¥Ã°Ã­Ã¥. ÃÃ­ Ã«Ã¾Ã¡Ã¨Ã² Ã²Ã Ã¬ Ã¢Ã»Ã¯Ã¨Ã²Ã¼ Ã¨ Ã¢ÃªÃ³Ã±Ã­Ã® Ã¯Ã®Ã¥Ã±Ã²Ã¼, Ã°Ã Ã±Ã±ÃªÃ Ã§Ã»Ã¢Ã Ã¿ Ã°Ã Ã§Ã­Ã»Ã¥ Ã¨Ã±Ã²Ã®Ã°Ã¨Ã¨ Ã¯Ã®Ã±Ã²Ã®Ã¿Ã«Ã¼Ã¶Ã Ã¬. Ã‘Ã³Ã¤Ã¿ Ã¯Ã® Ã¢Ã±Ã¥Ã¬Ã³, Ã®Ã­ ÃµÃ®Ã°Ã®Ã¸Ã® Ã°Ã Ã§Ã¡Ã¨Ã°Ã Ã¥Ã²Ã±Ã¿ Ã¢ Ã¬Ã¥Ã¤Ã¨Ã¶Ã¨Ã­Ã¥ Ã¨ Ã¢Ã±Ã¥Ã¢Ã®Ã§Ã¬Ã®Ã¦Ã­Ã»Ãµ Ã±Ã­Ã Ã¤Ã®Ã¡Ã¼Ã¿Ãµ. ÃÃ°Ã¥Ã¤Ã«Ã®Ã¦Ã¨Ã¢ Ã¥Ã¬Ã³ Ã¨Ã§Ã»Ã±ÃªÃ Ã­Ã­Ã³Ã¾ Ã¯Ã¨Ã¹Ã³ Ã¨ Ã§Ã®Ã«Ã®Ã²Ã®, Ã¬Ã®Ã¦Ã­Ã® Ã¡Ã¥Ã§ Ã²Ã°Ã³Ã¤Ã  Ã³Ã£Ã®Ã¢Ã®Ã°Ã¨Ã²Ã¼ Ã¥Ã£Ã® Ã±Ã²Ã Ã²Ã¼ Ã‚Ã Ã¸Ã¨Ã¬ Ã¯Ã°Ã¨Ã¤Ã¢Ã®Ã°Ã­Ã»Ã¬ Ã«Ã¥ÃªÃ Ã°Ã¥Ã¬.;;x
EVTDESC_RIP_11053_SHIPS_PHYSICIAN;Reports reach you about a ship that just docked in [physician_port_target.GetName]. The ship is called 'Storm of [recruited_physician_target.Religion.GetRandomGodNameCap]' and on board resides the renowned physician [recruited_physician_target.GetFirstNameWithNick], who is currently in the employ of the ship's captain. If you were to offer a large sum of gold to the greedy physician, [recruited_physician_target.GetSheHe] would surely be willing to take up residence in your court instead!;;;;;;;;;;;Ã‚Ã Ã¬ Ã±Ã®Ã®Ã¡Ã¹Ã¨Ã«Ã¨, Ã·Ã²Ã® Ã±Ã¥Ã£Ã®Ã¤Ã­Ã¿ Ã³Ã²Ã°Ã®Ã¬ Ã¢ [physician_port_target.County.GetAdjective]Ã±ÃªÃ¨Ãµ Ã¤Ã®ÃªÃ Ãµ Ã¯Ã°Ã¨Ã¸Ã¢Ã Ã°Ã²Ã®Ã¢Ã Ã«Ã±Ã¿ ÃªÃ®Ã°Ã Ã¡Ã«Ã¼, ÃªÃ Ã¯Ã¨Ã²Ã Ã­Ã³ ÃªÃ®Ã²Ã®Ã°Ã®Ã£Ã® Ã±Ã«Ã³Ã¦Ã¨Ã² [recruited_physician_target.GetFirstNameWithNick], Ã¨Ã§Ã¢Ã¥Ã±Ã²Ã­Ã»Ã© Ã«Ã¥ÃªÃ Ã°Ã¼. Ã…Ã±Ã«Ã¨ Ã¬Ã» Ã¯Ã°Ã¥Ã¤Ã«Ã®Ã¦Ã¨Ã¬ Ã¤Ã®Ã±Ã²Ã Ã²Ã®Ã·Ã­Ã® Ã§Ã®Ã«Ã®Ã²Ã , [recruited_physician_target.GetSheHe] Ã±Ã®Ã£Ã«Ã Ã±Ã¨Ã²Ã±Ã¿ Ã®Ã±Ã²Ã Ã¢Ã¨Ã²Ã¼ Ã±Ã¢Ã®Ã¥Ã£Ã® ÃªÃ Ã¯Ã¨Ã²Ã Ã­Ã  Ã¨ Ã±Ã«Ã³Ã¦Ã¨Ã²Ã¼ Ã‚Ã Ã¬.;;x
EVTDESC_RIP_11053_STUDENT_OF_MEDICINE;An envoy from the city of [student_city_target.GetName] arrived with news regarding your search for a physician. The envoy told you of a promising medical student, named [recruited_physician_target.GetFirstName]. The young [recruited_physician_target.GetManWoman] managed to save the life of one of the daughters of an important local trader not long ago, and apparently she only lost an eye in the process! Coercing [recruited_physician_target.GetHerHim] to join your court would be an easy task.;;;;;;;;;;;"ÃˆÃ§ Ã£Ã®Ã°Ã®Ã¤Ã  [student_city_target.GetName] Ã¯Ã°Ã¨Ã¡Ã»Ã« Ã¯Ã®Ã±Ã®Ã«: ""[Root.PrimaryTitle.GetFOA]. ÃÃ Ã¬ Ã±Ã²Ã Ã«Ã® Ã¨Ã§Ã¢Ã¥Ã±Ã²Ã­Ã®, Ã·Ã²Ã® Ã‚Ã» Ã¨Ã¹Ã¥Ã²Ã¥ Ã«Ã¥ÃªÃ Ã°Ã¿. ÃÃ Ã§Ã°Ã¥Ã¸Ã¨Ã²Ã¥ Ã¯Ã°Ã¥Ã¤Ã«Ã®Ã¦Ã¨Ã²Ã¼ Ã‚Ã Ã¬ Ã½Ã²[recruited_physician_target.GetUOgo] Ã®Ã¤Ã Ã°Â¸Ã­Ã­[recruited_physician_target.GetUyuOgo] [recruited_physician_target.GetAgedPersonACC] Ã¢ ÃªÃ Ã·Ã¥Ã±Ã²Ã¢Ã¥ ÃªÃ Ã­Ã¤Ã¨Ã¤Ã Ã²Ã . [recruited_physician_target.GetHersHisCap] Ã§Ã®Ã¢Ã³Ã² [recruited_physician_target.GetFirstName], [recruited_physician_target.GetSheHe] Ã¥Ã¹Â¸ Ã±Ã²Ã³Ã¤Ã¥Ã­Ã²[recruited_physician_target.GetEndKa], Ã­Ã® Ã­Ã¥Ã¤Ã Ã¢Ã­Ã® Ã±Ã¯Ã Ã±[recruited_physician_target.GetNoneE] Ã¦Ã¨Ã§Ã­Ã¼ Ã¤Ã®Ã·Ã¥Ã°Ã¨ Ã§Ã­Ã Ã²Ã­Ã®Ã£Ã® ÃªÃ³Ã¯Ã¶Ã , Ã®Ã­Ã  Ã®Ã²Ã¤Ã¥Ã«Ã Ã«Ã Ã±Ã¼ Ã«Ã¨Ã¸Ã¼ Ã¯Ã®Ã²Ã¥Ã°Ã¥Ã© Ã£Ã«Ã Ã§Ã . Ã“Ã¢Ã¥Ã°Ã¿Ã¾ Ã‚Ã Ã±, Ã‚Ã» Ã­Ã¥ Ã¯Ã®Ã¦Ã Ã«Ã¥Ã¥Ã²Ã¥, Ã¥Ã±Ã«Ã¨ Ã­Ã Ã©Ã¬Â¸Ã²Ã¥ [recruited_physician_target.GetHersHis]!"".";;x
EVTDESC_RIP_11053_TRAVELLING_NESTORIAN;Your scouts tell of a Nestorian missionary that just arrived in [Root.Capital.GetName]. The missionary, named [recruited_physician_target.GetFirstName], has returned after a long mission to far-away Cathay. The locals say [recruited_physician_target.GetSheHe] knows many remedies, knowledge [recruited_physician_target.GetSheHe]'s picked up during [recruited_physician_target.GetHersHis] travels. [recruited_physician_target.GetSheHeCap] would certainly be a worthy addition to your court!;;;;;;;;;;;Ã‚Ã Ã¸Ã¨ Ã«Ã Ã§Ã³Ã²Ã·Ã¨ÃªÃ¨ Ã±Ã®Ã®Ã¡Ã¹Ã Ã¾Ã², Ã·Ã²Ã® Ã¢ [Root.Capital.County.GetAdjective]Ã±ÃªÃ¨Ã¥ Ã§Ã¥Ã¬Ã«Ã¨ Ã¯Ã°Ã¨Ã¡Ã»Ã«[recruited_physician_target.GetEndA] Ã­Ã¥Ã±Ã²Ã®Ã°Ã¨Ã Ã­Ã±Ãª[recruited_physician_target.GetAyaIy] Ã¬Ã¨Ã±Ã±Ã¨Ã®Ã­Ã¥Ã°[recruited_physician_target.GetEndKa] Ã¯Ã® Ã¨Ã¬Ã¥Ã­Ã¨ [recruited_physician_target.GetFirstName], ÃªÃ®Ã²Ã®Ã°[recruited_physician_target.GetAyaYy] Ã²Ã®Ã«Ã¼ÃªÃ® Ã·Ã²Ã® Ã¢Ã¥Ã°Ã­Ã³[recruited_physician_target.GetLasLsya] Ã¨Ã§ Ã¤Ã®Ã«Ã£Ã®Ã£Ã® Ã¯Ã³Ã²Ã¥Ã¸Ã¥Ã±Ã²Ã¢Ã¨Ã¿ Ã¢ ÃŠÃ¨Ã²Ã Ã©. ÃŒÃ¥Ã±Ã²Ã­Ã»Ã¥ Ã£Ã®Ã¢Ã®Ã°Ã¿Ã², Ã·Ã²Ã® [recruited_physician_target.GetSheHe] ÃµÃ®Ã°Ã®Ã¸Ã® Ã°Ã Ã§Ã¡Ã¨Ã°Ã Ã¥Ã²Ã±Ã¿ Ã¢ Ã§Ã¥Ã«Ã¼Ã¿Ãµ. Ã‚Ã®Ã§Ã¬Ã®Ã¦Ã­Ã®, Ã¨Ã¬Ã¥Ã­Ã­Ã® [recruited_physician_target.GetSheHe] Ã§Ã Ã±Ã«Ã³Ã¦Ã¨Ã¢Ã Ã¥Ã² Ã±Ã²Ã Ã²Ã¼ Ã‚Ã Ã¸Ã¨Ã¬ Ã¯Ã°Ã¨Ã¤Ã¢Ã®Ã°Ã­Ã»Ã¬ Ã«Ã¥ÃªÃ Ã°Ã¥Ã¬.;;x
EVTDESC_RIP_11053_VILLAGE_DRUNKARD;Your scouts inform you of a most skilled physician residing in a nearby village. Even though [recruited_physician_target.GetSheHe] lacks any formal schooling and supposedly is a raging alcoholic, the villagers swear that [recruited_physician_target.GetSheHe] has been able to cure any ailment afflicting them. This '[recruited_physician_target.GetFullName]' could easily be persuaded to come take up residence in your court.;;;;;;;;;;;Ã‚Ã Ã¸Ã¨ Ã«Ã Ã§Ã³Ã²Ã·Ã¨ÃªÃ¨ Ã±Ã®Ã®Ã¡Ã¹Ã Ã¾Ã², Ã·Ã²Ã® Ã¯Ã® Ã¨Ãµ Ã±Ã¢Ã¥Ã¤Ã¥Ã­Ã¨Ã¿Ã¬ Ã®Ã¯Ã»Ã²Ã­Ã»Ã© Ã¨ Ã³Ã¬Ã¥Ã«Ã»Ã© Ã«Ã¥ÃªÃ Ã°Ã¼ Ã¯Ã°Ã®Ã¦Ã¨Ã¢Ã Ã¥Ã² Ã¢ Ã¡Ã«Ã¨Ã¦Ã Ã©Ã¸Ã¥Ã© Ã¤Ã¥Ã°Ã¥Ã¢Ã­Ã¥. [recruited_physician_target.GetHerHimCap] Ã­Ã¥ Ã¤Ã®Ã±Ã²Ã Â¸Ã² Ã´Ã®Ã°Ã¬Ã Ã«Ã¼Ã­Ã®Ã£Ã® Ã®Ã¡Ã°Ã Ã§Ã®Ã¢Ã Ã­Ã¨Ã¿, Ã¤Ã  Ã¨, Ã±Ã³Ã¤Ã¿ Ã¯Ã® Ã¢Ã±Ã¥Ã¬Ã³, [recruited_physician_target.GetSheHe] Ã²[recruited_physician_target.GetEtaEtot] Ã¥Ã¹Â¸ Ã¯Ã¼Ã¿Ã­Ã¨Ã¶Ã , Ã­Ã® Ã¬Ã¥Ã±Ã²Ã­Ã»Ã¥ Ã¦Ã¨Ã²Ã¥Ã«Ã¨ [recruited_physician_target.GetEyuIm] Ã¢Ã¥Ã±Ã¼Ã¬Ã  Ã¤Ã®Ã¢Ã®Ã«Ã¼Ã­Ã». Ã‡Ã®Ã¢Ã³Ã² [recruited_physician_target.GetHersHis] [recruited_physician_target.GetFullName] Ã¨ [recruited_physician_target.GetSheHe] Ã±Ã®Ã£Ã«Ã Ã±Ã¨[recruited_physician_target.GetLasLsya] Ã¯Ã°Ã¨Ã¡Ã»Ã²Ã¼ Ãª Ã‚Ã Ã¸Ã¥Ã¬Ã³ Ã¤Ã¢Ã®Ã°Ã³.;;x
EVTDESC_RIP_11053_WANDERING_GENIUS;Your scouts report of a one-eyed [recruited_physician_target.GetManWoman] that recently arrived in [Root.Capital.GetName]. The [recruited_physician_target.GetManWoman], referred to as [recruited_physician_target.GetFirstNameWithNick] by the commoners, is apparently blessed with immense wisdom that [recruited_physician_target.GetSheHe] uses to both impress and help wherever [recruited_physician_target.GetSheHe] passes by. By offering a significant sum of gold to this [recruited_physician_target.GetManWoman] [recruited_physician_target.GetSheHe] would be willing to cease [recruited_physician_target.GetHersHis] wandering and take up residence in your court!;;;;;;;;;;;Ã‚Ã Ã¸Ã¨ Ã«Ã¾Ã¤Ã¨ Ã±Ã®Ã®Ã¡Ã¹Ã Ã¾Ã², Ã·Ã²Ã® Ã§Ã Ã£Ã Ã¤Ã®Ã·Ã­[recruited_physician_target.GetAyaYy] Ã®Ã¤Ã­Ã®Ã£Ã«Ã Ã§[recruited_physician_target.GetAyaYy] [recruited_physician_target.GetManWoman]Ã , Ã¨Ã§Ã¢Ã¥Ã±Ã²Ã­[recruited_physician_target.GetAyaYy] ÃªÃ Ãª [recruited_physician_target.GetFirstNameWithNick], Ã­Ã¥Ã¤Ã Ã¢Ã­Ã® Ã¯Ã°Ã¨Ã¡Ã»Ã«[recruited_physician_target.GetEndA] Ã¢ [Root.Capital.County.GetAdjective]Ã±ÃªÃ¨Ã¥ Ã§Ã¥Ã¬Ã«Ã¨. ÃƒÃ®Ã¢Ã®Ã°Ã¿Ã², [recruited_physician_target.GetSheHe] Ã¢Ã¥Ã±Ã¼Ã¬Ã  Ã¬Ã³Ã¤Ã°[recruited_physician_target.GetEndA] Ã¨ Ã¯Ã®Ã«Ã¼Ã§Ã³Ã¥Ã²Ã±Ã¿ Ã±Ã¢Ã®Ã¨Ã¬Ã¨ Ã§Ã­Ã Ã­Ã¨Ã¿Ã¬Ã¨, Ã·Ã²Ã®Ã¡Ã» Ã¯Ã®Ã¬Ã®Ã£Ã Ã²Ã¼ Ã±Ã²Ã°Ã Ã¦Ã¤Ã³Ã¾Ã¹Ã¨Ã¬ Ã­Ã  Ã±Ã¢Ã®Â¸Ã¬ Ã¯Ã³Ã²Ã¨. ÃÃ°Ã¥Ã¤Ã«Ã®Ã¦Ã¨Ã¢ [recruited_physician_target.GetHerHim] ÃªÃ°Ã³Ã¯Ã­Ã³Ã¾ Ã±Ã³Ã¬Ã¬Ã³ Ã§Ã®Ã«Ã®Ã²Ã®Ã¬, Ã¬Ã®Ã¦Ã­Ã® Ã³Ã¡Ã¥Ã¤Ã¨Ã²Ã¼ [recruited_physician_target.GetHersHis] Ã®Ã±Ã²Ã Ã¢Ã¨Ã²Ã¼ Ã±Ã¢Ã®Ã¨ Ã±Ã²Ã°Ã Ã­Ã±Ã²Ã¢Ã¨Ã¿ Ã¨ Ã¯Ã°Ã¨Ã±Ã®Ã¥Ã¤Ã¨Ã­Ã¨Ã²Ã¼Ã±Ã¿ Ãª Ã‚Ã Ã¸Ã¥Ã¬Ã³ Ã¤Ã¢Ã®Ã°Ã³.;;x
EVTDESC_RIP_11053_WELL_TRAVELLED_PILGRIM;One of your scouts report of a pilgrim who just arrived in [Root.Capital.GetName]. The pilgrim, known as [recruited_physician_target.GetFirstName], has been on a pious quest to visit all the [recruited_physician_target.Religion.GetName] holy sites and is now ending [recruited_physician_target.GetHerHis] journey here. During [recruited_physician_target.GetHerHis] travels [recruited_physician_target.GetSheHe] has accumulated a vast knowledge regarding medicine and is seeking to put [recruited_physician_target.GetHerHis] skills to use.;;;;;;;;;;;Ã‹Ã Ã§Ã³Ã²Ã·Ã¨ÃªÃ¨ Ã±Ã®Ã®Ã¡Ã¹Ã¨Ã«Ã¨ Ã‚Ã Ã¬, Ã·Ã²Ã® Ã­Ã Ã¸Ã«Ã¨ Ã¯Ã®Ã¤ÃµÃ®Ã¤Ã¿Ã¹Ã¥Ã£Ã® ÃªÃ Ã­Ã¤Ã¨Ã¤Ã Ã²Ã  Ã­Ã  Ã¤Ã®Ã«Ã¦Ã­Ã®Ã±Ã²Ã¼ Ã«Ã¥ÃªÃ Ã°Ã¿. ÃÃ Ã«Ã®Ã¬Ã­Ã¨[recruited_physician_target.GetTsaK] Ã¯Ã® Ã¨Ã¬Ã¥Ã­Ã¨ [recruited_physician_target.GetFirstName] Ã±Ã²Ã°Ã Ã­Ã±Ã²Ã¢Ã®Ã¢Ã Ã«[recruited_physician_target.GetEndA] Ã¯Ã® Ã±Ã¢Ã¿Ã²Ã»Ã¬ Ã¬Ã¥Ã±Ã²Ã Ã¬, Ã¨ [Root.Capital.GetName] - Ã¯Ã®Ã±Ã«Ã¥Ã¤Ã­Ã¨Ã© Ã¯Ã³Ã­ÃªÃ² Ã­Ã Ã§Ã­Ã Ã·Ã¥Ã­Ã¨Ã¿. Ã‚Ã® Ã¢Ã°Ã¥Ã¬Ã¿ Ã±Ã¢Ã®Ã¥Ã£Ã® Ã¯Ã³Ã²Ã¥Ã¸Ã¥Ã±Ã²Ã¢Ã¨Ã¿ [recruited_physician_target.GetSheHe] Ã­Ã ÃªÃ®Ã¯Ã¨Ã«[recruited_physician_target.GetEndA] Ã¬Ã Ã±Ã±Ã³ Ã¶Ã¥Ã­Ã­Ã»Ãµ Ã§Ã­Ã Ã­Ã¨Ã© Ã¢ Ã®Ã¡Ã«Ã Ã±Ã²Ã¨ Ã¬Ã¥Ã¤Ã¨Ã¶Ã¨Ã­Ã» Ã¨ Ã¦Ã Ã¦Ã¤Ã¥Ã² Ã¯Ã°Ã¨Ã¬Ã¥Ã­Ã¨Ã²Ã¼ Ã¨Ãµ Ã­Ã  Ã¯Ã°Ã ÃªÃ²Ã¨ÃªÃ¥.;;x
EVTDESC_RIP_11053_WISE_DWARF;Your rangers report that a brilliant physician is supposedly residing deep in the forests of [physician_forest_target.GetName]. The physician, a dwarf named [recruited_physician_target.GetFirstName], only ever leaves the forest in order to heal the sick children of nearby villages. With the right amount of coercion and praise [recruited_physician_target.GetSheHe] would reluctantly agree to take up residence at your court.;;;;;;;;;;;Ã‚Ã Ã¸Ã¨ Ã±Ã«Ã¥Ã¤Ã®Ã¯Ã»Ã²Ã» Ã¤Ã®Ã«Ã®Ã¦Ã¨Ã«Ã¨, Ã·Ã²Ã® Ã¢ [physician_forest_target.County.GetAdjective]Ã±ÃªÃ¨Ãµ Ã«Ã¥Ã±Ã Ãµ Ã¯Ã°Ã®Ã¦Ã¨Ã¢Ã Ã¥Ã² Ã¨Ã§Ã¢Ã¥Ã±Ã²Ã­Ã»Ã© Ã¶Ã¥Ã«Ã¨Ã²Ã¥Ã«Ã¼, ÃªÃ Ã°Ã«Ã¨[recruited_physician_target.GetTsaK] Ã¯Ã® Ã¨Ã¬Ã¥Ã­Ã¨ [recruited_physician_target.GetFirstName], ÃªÃ®Ã²Ã®Ã°[recruited_physician_target.GetAyaYy], Ã¥Ã±Ã«Ã¨ Ã¨ Ã¯Ã®ÃªÃ¨Ã¤Ã Ã¥Ã² Ã«Ã¥Ã±, Ã²Ã® Ã²Ã®Ã«Ã¼ÃªÃ®, Ã·Ã²Ã®Ã¡Ã» Ã«Ã¥Ã·Ã¨Ã²Ã¼ Ã¡Ã®Ã«Ã¼Ã­Ã»Ãµ Ã¤Ã¥Ã²Ã¥Ã© Ã¡Ã«Ã¨Ã¦Ã Ã©Ã¸Ã¥Ã© Ã¤Ã¥Ã°Ã¥Ã¢Ã­Ã¨. Ã“Ã£Ã°Ã®Ã§Ã Ã¬Ã¨ Ã¨Ã«Ã¨ Ã¯Ã®ÃµÃ¢Ã Ã«Ã®Ã©, Ã­Ã® [recruited_physician_target.GetHersHis] Ã¬Ã®Ã¦Ã­Ã® Ã¯Ã°Ã¨Ã¢Ã«Ã¥Ã·Ã¼ Ãª Ã‚Ã Ã¸Ã¥Ã¬Ã³ Ã¤Ã¢Ã®Ã°Ã³.;;x
EVTDESC_RIP_11053_WITCH;Your rangers report of a suspected witch living in the outskirts of the realm. They have never been able to prove that the woman practices sorcery, although the villagers do not trust her. She is willing to put her medical mixology skills to good use in your court and offers to become your physician in exchange for naught but a small vial of your blood. A most strange offer.;;;;;;;;;;;Ã‚Ã Ã¸Ã¨ Ã°Ã Ã§Ã¢Ã¥Ã¤Ã·Ã¨ÃªÃ¨ Ã±Ã®Ã®Ã¡Ã¹Ã Ã¾Ã² Ã® Ã­Ã¥ÃªÃ®Ã© Ã¦Ã¥Ã­Ã¹Ã¨Ã­Ã¥, Ã¯Ã°Ã®Ã¦Ã¨Ã¢Ã Ã¾Ã¹Ã¨Ã© Ã­Ã  Ã®ÃªÃ°Ã Ã¨Ã­Ã¥ Ã­Ã Ã¸Ã¨Ãµ Ã§Ã¥Ã¬Ã¥Ã«Ã¼. ÃÃ®Ã£Ã®Ã¢Ã Ã°Ã¨Ã¢Ã Ã¾Ã², Ã·Ã²Ã® Ã®Ã­Ã  - Ã¢Ã¥Ã¤Ã¼Ã¬Ã , Ã­Ã® Ã¯Ã®Ã¤Ã²Ã¢Ã¥Ã°Ã¦Ã¤Ã¥Ã­Ã¨Ã© Ã½Ã²Ã®Ã¬Ã³ Ã­Ã¥Ã². ÃÃ­Ã  Ã¢Ã»Ã°Ã Ã§Ã¨Ã«Ã  Ã¦Ã¥Ã«Ã Ã­Ã¨Ã¥ Ã±Ã²Ã Ã²Ã¼ Ã‚Ã Ã¸Ã¨Ã¬ Ã¯Ã°Ã¨Ã¤Ã¢Ã®Ã°Ã­Ã»Ã¬ Ã«Ã¥ÃªÃ Ã°Ã¥Ã¬, Ã·Ã²Ã®Ã¡Ã» Ã¯Ã°Ã¨Ã¬Ã¥Ã­Ã¿Ã²Ã¼ Ã±Ã¢Ã®Ã¨ Ã¬Ã¥Ã¤Ã¨Ã¶Ã¨Ã­Ã±ÃªÃ¨Ã¥ Ã­Ã Ã¢Ã»ÃªÃ¨ Ã­Ã  Ã¯Ã°Ã ÃªÃ²Ã¨ÃªÃ¥. Ã‚Ã§Ã Ã¬Ã¥Ã­ Ã®Ã­Ã  Ã²Ã°Ã¥Ã¡Ã³Ã¥Ã² Ã±Ã Ã¬Ã³Ã¾ Ã¬Ã Ã«Ã®Ã±Ã²Ã¼ - ÃªÃ Ã¯Ã«Ã¾ Ã‚Ã Ã¸Ã¥Ã© ÃªÃ°Ã®Ã¢Ã¨.;;x
EVTOPTA_RIP_11053;I have changed my mind, I do not require [recruited_physician_target.GetHerHis] services.;;;;;;;;;;;ÃÃ®Ã¦Ã Ã«Ã³Ã©, Ã²Ã ÃªÃ®Ã© Ã«Ã¥ÃªÃ Ã°Ã¼ Ã¬Ã­Ã¥ Ã­Ã¥ Ã¯Ã®Ã¤Ã®Ã©Ã¤Â¸Ã².;;x
EVTOPTB_RIP_11053;I'm willing to take the risk.;;;;;;;;;;;ÃÃ²Ã® Ã¯Ã°Ã¨Ã¥Ã¬Ã«Ã¥Ã¬Ã»Ã© Ã°Ã¨Ã±Ãª, Ã¿ Ã­Ã Ã©Ã¬Ã³ [recruited_physician_target.GetHersHis].;;x
EVTOPTC_RIP_11053;I'd pay any price for good health.;;;;;;;;;;;Ã€ Ã£Ã®Ã¢Ã®Ã°Ã¿Ã² Ã§Ã¤Ã®Ã°Ã®Ã¢Ã¼Ã¥ Ã­Ã¥ ÃªÃ³Ã¯Ã¨Ã¸Ã¼. Ã‘ÃªÃ Ã¦Ã¨Ã²Ã¥, Ã¿ Ã±Ã®Ã£Ã«Ã Ã±[Root.GetNaEn].;;x
EVTOPTD_RIP_11053;A strange little [recruited_physician_target.GetManWoman], but very skilled! Bring [recruited_physician_target.GetHerHim] to my court.;;;;;;;;;;;ÃÃ°Ã¨Ã¢Ã¥Ã¤Ã¨Ã²Ã¥ Ã½Ã²Ã® Ã±ÃªÃ Ã§Ã®Ã·Ã­Ã®Ã¥ Ã±Ã³Ã¹Ã¥Ã±Ã²Ã¢Ã® ÃªÃ® Ã¬Ã­Ã¥.;;x
EVTOPTE_RIP_11053;I accept your generous offer!;;;;;;;;;;;ÃŸ Ã¯Ã°Ã¨Ã­Ã¨Ã¬Ã Ã¾ Ã‚Ã Ã¸Ã¥ Ã¯Ã°Ã¥Ã¤Ã«Ã®Ã¦Ã¥Ã­Ã¨Ã¥.;;x
EVTOPTF_RIP_11053;Most unorthodox... but I do need a physician!;;;;;;;;;;;ÃÃ¥ Ã±Ã¬Ã®Ã²Ã°Ã¨Ã²Ã¥ Ã²Ã Ãª, Ã¬Ã­Ã¥ Ã­Ã³Ã¦Ã¥Ã­ Ã«Ã¥ÃªÃ Ã°Ã¼, Ã¤Ã Ã¦Ã¥ Ã²Ã ÃªÃ®Ã©...;;x
EVTOPTG_RIP_11053;Leave your dusty old tomes and join me at my court!;;;;;;;;;;;ÃÃ³ Ã·Ã²Ã® Ã¦, Ã¤Ã®Ã¡Ã°Ã® Ã¯Ã®Ã¦Ã Ã«Ã®Ã¢Ã Ã²Ã¼!;;x
EVTOPTH_RIP_11053;A surgeon-poet is just what I need!;;;;;;;;;;;ÃÃ®Ã½Ã²-ÃµÃ¨Ã°Ã³Ã°Ã£ - ÃªÃ Ãª Ã°Ã Ã§ Ã²Ã®, Ã·Ã²Ã® Ã¬Ã­Ã¥ Ã­Ã³Ã¦Ã­Ã®!;;x
EVTOPTI_RIP_11053;Bring [recruited_physician_target.GetHerHim] to me!;;;;;;;;;;;Ã‘Ã®Ã£Ã«Ã Ã±[Root.GetNaEn]. ÃÃ°Ã¨Ã¢Ã¥Ã¤Ã¨Ã²Ã¥ [recruited_physician_target.GetHersHis] Ã±Ã¾Ã¤Ã .;;x
EVTOPTJ_RIP_11053;A fair exchange!;;;;;;;;;;;Ã—Ã¥Ã±Ã²Ã­Ã Ã¿ Ã±Ã¤Ã¥Ã«ÃªÃ , Ã¿ Ã±Ã®Ã£Ã«Ã Ã±[Root.GetNaEn].;;x
EVTOPTK_RIP_11053;Make [recruited_physician_target.GetHerHim] a generous offer.;;;;;;;;;;;ÃÃ®Ã·Ã¥Ã¬Ã³ Ã¡Ã» Ã­Ã¥ Ã¯Ã°Ã¥Ã¤Ã«Ã®Ã¦Ã¨Ã²Ã¼? Ã‘Ã¤Ã¥Ã«ÃªÃ  Ã¢Ã»Ã£Ã®Ã¤Ã­Ã Ã¿, Ã¿ Ã±Ã·Ã¨Ã²Ã Ã¾.;;x
EVTOPTL_RIP_11053;Ah yes, herbal remedies sound good. Bring [recruited_physician_target.GetHerHim] to court!;;;;;;;;;;;Ã„Ã  Ã¯Ã³Ã±Ã²Ã¼ ÃµÃ®Ã²Ã¼ Ã¢Ã±Ã¾ ÃµÃ¨Ã¦Ã¨Ã­Ã³ Ã²Ã Ã¹Ã¨Ã², Ã¿ Ã±Ã®Ã£Ã«Ã Ã±[Root.GetNaEn].;;x
EVTOPTM_RIP_11053;[recruited_physician_target.GetSheHeCap] will do just fine!;;;;;;;;;;;ÃÃ¥ Ã¢Ã¨Ã¦Ã³ Ã¯Ã°Ã¨Ã·Ã¨Ã­ Ã¤Ã«Ã¿ Ã®Ã²ÃªÃ Ã§Ã .;;x
EVTOPTN_RIP_11053;What is the worst that could happen?;;;;;;;;;;;ÃÃ Ã¢Ã¥Ã°Ã­Ã¿ÃªÃ  Ã®Ã­Ã¨ Ã¯Ã°Ã¥Ã³Ã¢Ã¥Ã«Ã¨Ã·Ã¨Ã¢Ã Ã¾Ã², Ã  Ã¬Ã­Ã¥ Ã­Ã³Ã¦Ã¥Ã­ Ã«Ã¥ÃªÃ Ã°Ã¼.;;x
EVTOPTO_RIP_11053;I will recruit this pilgrim!;;;;;;;;;;;ÃŸ Ã­Ã Ã©Ã¬Ã³ [recruited_physician_target.GetHersHis].;;x
EVTOPTP_RIP_11053;Young but skilled, bring [recruited_physician_target.GetHerHim] to court!;;;;;;;;;;;ÃŒÃ®Ã«Ã®Ã¤[recruited_physician_target.GetAyaOy] Ã¨ Ã¯Ã¥Ã°Ã±Ã¯Ã¥ÃªÃ²Ã¨Ã¢Ã­[recruited_physician_target.GetAyaYy]... Ã‚Ã¥Ã¤Ã¨Ã²Ã¥ [recruited_physician_target.GetHersHis] Ã±Ã¾Ã¤Ã .;;x
EVTOPTQ_RIP_11053;He will work miracles at my court!;;;;;;;;;;;ÃŒÃ®Ã¦Ã­Ã® Ã«Ã¨ ÃªÃ³Ã¯Ã¨Ã²Ã¼ Ã·Ã³Ã¤Ã®? ÃÃªÃ Ã§Ã»Ã¢Ã Ã¥Ã²Ã±Ã¿, Ã¬Ã®Ã¦Ã­Ã®!;;x
EVTOPTR_RIP_11053;Perfect, [recruited_physician_target.GetSheHe] will serve me well!;;;;;;;;;;;ÃÃ²Ã«Ã¨Ã·Ã­Ã®. Ã’Ã¥Ã¯Ã¥Ã°Ã¼ [recruited_physician_target.GetSheHe] Ã¯Ã®Ã±Ã«Ã³Ã¦Ã¨Ã² Ã¬Ã­Ã¥.;;x
EVTOPTS_RIP_11053;Load up a cart with cheese and wine!;;;;;;;;;;;Ã‘Ã­Ã Ã°Ã¿Ã¤Ã¨Ã²Ã¥ Ã¯Ã®Ã¢Ã®Ã§ÃªÃ³ Ã«Ã³Ã·Ã¸Ã¨Ã¬Ã¨ Ã±Ã»Ã°Ã Ã¬Ã¨ Ã¨ Ã¢Ã¨Ã­Ã®Ã¬.;;x
EVTOPTT_RIP_11053;A remarkable woman. I will make this donation!;;;;;;;;;;;Ã“Ã¤Ã¨Ã¢Ã¨Ã²Ã¥Ã«Ã¼Ã­Ã Ã¿ Ã¦Ã¥Ã­Ã¹Ã¨Ã­Ã . ÃŸ Ã±Ã¤Ã¥Ã«Ã Ã¾ Ã¯Ã®Ã¦Ã¥Ã°Ã²Ã¢Ã®Ã¢Ã Ã­Ã¨Ã¥.;;x
EVTOPTU_RIP_11053;A small vial of my blood? I see nothing wrong with that!;;;;;;;;;;;ÃŒÃ®Ã¥Ã© ÃªÃ°Ã®Ã¢Ã¨? Ã‚Ã±Ã¥Ã£Ã®-Ã²Ã®? ÃŸ Ã±Ã®Ã£Ã«Ã Ã±[Root.GetNaEn].;;x
EVTOPTV_RIP_11053;That horse is magnificent! Join me at my court!;;;;;;;;;;;ÃÃ²[recruited_physician_target.GetEtaEtot] [recruited_physician_target.GetMareSteed] Ã¢Ã¥Ã«Ã¨ÃªÃ®Ã«Ã¥Ã¯[recruited_physician_target.GetNaEn]!  Ãˆ Ã±Ã²Ã Ã­Ã¥Ã² Ã®Ã²Ã«Ã¨Ã·Ã­Ã»Ã¬ Ã«Ã¥ÃªÃ Ã°Ã¥Ã¬!;;x
EVTOPTW_RIP_11053;Bring this missionary to court!;;;;;;;;;;;ÃÃ°Ã¨Ã¢Ã¥Ã¤Ã¨Ã²Ã¥ [recruited_physician_target.GetHersHis] ÃªÃ® Ã¬Ã­Ã¥.;;x
EVTOPTX_RIP_11053;A good candidate, pay [recruited_physician_target.GetHerHim] and bring [recruited_physician_target.GetHerHim] to court!;;;;;;;;;;;Ã„Ã®Ã±Ã²Ã®Ã©Ã­[recruited_physician_target.GetAyaYy] ÃªÃ Ã­Ã¤Ã¨Ã¤Ã Ã²[recruited_physician_target.GetEndKa]. ÃÃ°Ã¨Ã£Ã«Ã Ã±Ã¨Ã²Ã¥ [recruited_physician_target.GetHersHis] ÃªÃ® Ã¤Ã¢Ã®Ã°Ã³.;;x
EVTOPTY_RIP_11053;Free [recruited_physician_target.GetHerHim] and bring [recruited_physician_target.GetHerHim] to court!;;;;;;;;;;;ÃÃ±Ã¢Ã®Ã¡Ã®Ã¤Ã¨Ã²Ã¥ [recruited_physician_target.GetHersHis] Ã¨ Ã¯Ã°Ã¨Ã¢Ã¥Ã¤Ã¨Ã²Ã¥ ÃªÃ® Ã¬Ã­Ã¥!;;x
