china_physician_cd;Â§YSent a PhysicianÂ§!;;;;;;;;;;;Â§YÃÃ²Ã¯Ã°Ã Ã¢Ã«Ã¥Ã­ Ã«Ã¥ÃªÃ Ã°Ã¼Â§!;;x
china_physician_cd_desc;You have already sent a Physician to China, you will not be able to send another one.;;;;;;;;;;;Ã‚Ã» Ã³Ã¦Ã¥ Ã¯Ã®Ã±Ã«Ã Ã«Ã¨ Ã«Ã¥ÃªÃ Ã°Ã¿ Ã¢ ÃŠÃ¨Ã²Ã Ã©, Ã¨ Ã­Ã¥ Ã¬Ã®Ã¦Ã¥Ã²Ã¥ Ã®Ã²Ã¯Ã°Ã Ã¢Ã¨Ã²Ã¼ Ã²Ã³Ã¤Ã  Ã¥Ã¹Â¸ Ã®Ã¤Ã­Ã®Ã£Ã®.;;x
chinese_grace_become_tributary_effect_TT;In exchange for Â§R50% incomeÂ§!, Â§R30% troop reinforcement rateÂ§! and Â§R[GetChineseOffmapTributaryPrestigeCost]Â§!, receive Â§G2 Grace per monthÂ§! and Â§Ga Chinese regiment to raise as the defender in a warÂ§!.\nThese effects last until the end of the Empire's Â§Yruling dynastyÂ§!, or until Â§Yyou declare independenceÂ§! (through war, or decision in the Intrigue screen).\n;;;;;;;;;;;Ã‚ Ã®Ã¡Ã¬Ã¥Ã­ Ã­Ã  Â§R50% Ã¤Ã®ÃµÃ®Ã¤Ã Â§!, Â§R30% Ã‚Ã Ã¸Ã¨Ãµ Ã°Ã¥ÃªÃ°Ã³Ã²Ã®Ã¢Â§! Ã¨ Â§R[GetChineseOffmapTributaryPrestigeCost]Â§!, Ã‚Ã» Ã¯Ã®Ã«Ã³Ã·Ã¨Ã²Ã¥ Â§G2 Ã®Ã·ÃªÃ  Ã¬Ã¨Ã«Ã®Ã±Ã²Ã¨ Ã¢ Ã¬Ã¥Ã±Ã¿Ã¶Â§! Ã¨ Â§GÃªÃ¨Ã²Ã Ã©Ã±ÃªÃ¨Ã¥ Ã¢Ã®Ã©Ã±ÃªÃ , ÃªÃ®Ã²Ã®Ã°Ã»Ã¥ Ã¬Ã®Ã¦Ã­Ã® Ã¯Ã°Ã¨Ã§Ã¢Ã Ã²Ã¼ Ã¢ Ã±Ã«Ã³Ã·Ã Ã¥ Ã®Ã¡Ã®Ã°Ã®Ã­Ã¨Ã²Ã¥Ã«Ã¼Ã­Ã®Ã© Ã¢Ã®Ã©Ã­Ã»Â§!.\nÃÃ²Ã¨ Ã½Ã´Ã´Ã¥ÃªÃ²Ã» Ã¯Ã°Ã®Ã¤Ã«Ã¿Ã²Ã±Ã¿ Ã¤Ã® Ã¯Ã Ã¤Ã¥Ã­Ã¨Ã¿ Â§YÃ¯Ã°Ã Ã¢Ã¿Ã¹Ã¥Ã© Ã¨Ã¬Ã¯Ã¥Ã°Ã Ã²Ã®Ã°Ã±ÃªÃ®Ã© Ã¤Ã¨Ã­Ã Ã±Ã²Ã¨Ã¨Â§! Ã«Ã¨Ã¡Ã® Ã¯Ã®ÃªÃ  Ã‚Ã» Ã­Ã¥ Â§YÃ®Ã¡ÃºÃ¿Ã¢Ã¨Ã²Ã¥ Ã® Ã±Ã¢Ã®Ã¥Ã© Ã­Ã¥Ã§Ã Ã¢Ã¨Ã±Ã¨Ã¬Ã®Ã±Ã²Ã¨Â§! (Ã¢Ã®Ã¥Ã­Ã­Ã»Ã¬ Ã¯Ã³Ã²Â¸Ã¬ Ã¨Ã«Ã¨ Ã¬Ã¨Ã°Ã­Ã»Ã¬ - Ã·Ã¥Ã°Ã¥Ã§ Ã¬Ã¥Ã­Ã¾ Ã¨Ã­Ã²Ã°Ã¨Ã£).\n;;x
hostages_random_imprisonment_tt;You will imprison a random Â§YClose RelativeÂ§! of the target.;;;;;;;;;;;Ã‘Ã«Ã³Ã·Ã Ã©Ã­Ã»Ã© Â§YÃ¡Ã«Ã¨Ã§ÃªÃ¨Ã© Ã°Ã®Ã¤Ã±Ã²Ã¢Ã¥Ã­Ã­Ã¨ÃªÂ§! Ã¶Ã¥Ã«Ã¨ Ã®ÃªÃ Ã¦Ã¥Ã²Ã±Ã¿ Ã³ Ã‚Ã Ã± Ã¢ Ã¯Ã«Ã¥Ã­Ã³.;;x
is_not_maimed_or_infirm_tt;Is NOT Â§YMaimedÂ§! or Â§YInfirmÂ§!\n;;;;;;;;;;;ÃÃ¥Ã² Ã·Ã¥Ã°Ã² Â§YÃ¨Ã§Ã³Ã¢Ã¥Ã·Ã¥Ã­Ã­Ã»Ã©Â§! Ã¨Ã«Ã¨ Â§YÃ­Ã¥Ã¬Ã®Ã¹Ã­Ã»Ã©Â§!\n;;x
is_not_one_eyed_handed_legged_disfigured_or_mangled_tt;Is NOT Â§YOne-EyedÂ§!, Â§YOne-HandedÂ§!, Â§YOne-LeggedÂ§!, Â§YDisfiguredÂ§!, or Â§YMangledÂ§!\n;;;;;;;;;;;ÃÃ¥Ã² Ã·Ã¥Ã°Ã² Â§YÃ®Ã¤Ã­Ã®Ã£Ã«Ã Ã§Ã»Ã©Â§!, Â§YÃ®Ã¤Ã­Ã®Ã°Ã³ÃªÃ¨Ã©Â§!, Â§YÃ®Ã¤Ã­Ã®Ã­Ã®Ã£Ã¨Ã©Â§!, Â§YÃ¨Ã§Ã³Ã°Ã®Ã¤Ã®Ã¢Ã Ã­Ã­Ã»Ã©Â§! Ã¨Ã«Ã¨ Â§YÃ¨Ã±ÃªÃ°Ã®Ã¬Ã±Ã Ã­Ã­Ã»Ã©Â§!\n;;x
is_not_wounded_severely_injured_tt;Is NOT Â§YWoundedÂ§! or Â§YSeverely InjuredÂ§!\n;;;;;;;;;;;ÃÃ¥Ã² Ã·Ã¥Ã°Ã² Â§YÃ°Ã Ã­Ã¥Ã­Ã»Ã©Â§! Ã¨Ã«Ã¨ Â§YÃ±Ã¥Ã°Ã¼Â¸Ã§Ã­Ã® Ã°Ã Ã­Ã¥Ã­Ã»Ã©Â§!\n;;x
you_will_game_over_tt;Â§RThis will cause a GAME OVER, as you are not allowed to play this Religion!Â§!\n;;;;;;;;;;;Â§RÃÃ²Ã® Ã¢Ã»Ã§Ã®Ã¢Ã¥Ã² ÃŠÃÃÃ…Ã– ÃˆÃƒÃÃ›, Ã¨Ã¡Ã® Ã‚Ã Ã¬ Ã­Ã¥Ã«Ã¼Ã§Ã¿ Ã¨Ã£Ã°Ã Ã²Ã¼ Ã§Ã  Ã½Ã²Ã³ Ã°Ã¥Ã«Ã¨Ã£Ã¨Ã¾!Â§!\n;;x
ALTAIC_BUT_NOT_JURCHEN_TT;An [altaic.GetGroupName] Culture besides [jurchen.GetName];;;;;;;;;;;ÃÃ°Ã¨Ã­Ã Ã¤Ã«Ã¥Ã¦Ã­Ã®Ã±Ã²Ã¼ Ãª Ã«Ã¾Ã¡Ã®Ã© Â§Y[_Ã Ã«Ã²Ã Ã©]Ã±ÃªÃ®Ã©Â§! ÃªÃ³Ã«Ã¼Ã²Ã³Ã°Ã¥, ÃªÃ°Ã®Ã¬Ã¥ Â§Y[_Ã·Ã¦Ã³Ã°Ã·Ã¦Ã½Ã­Ã¼]Ã±ÃªÃ®Ã©Â§!;;x
angered_china_tt;[Root.GetTitledFirstName] gets 'Angered China' for 50 years, decreasing Monthly Prestige by Â§R-0.50Â§! and Monthly Grace by Â§R-2Â§!.;;;;;;;;;;;[Root.GetTitledFirstName] Ã¯Ã®Ã«Ã³Ã·Ã¨Ã² Ã¬Ã®Ã¤Ã¨Ã´Ã¨ÃªÃ Ã²Ã®Ã° Â§YÃŠÃ¨Ã²Ã Ã© Ã¢ Ã¿Ã°Ã®Ã±Ã²Ã¨Â§! Ã­Ã  Ã±Ã«Ã¥Ã¤Ã³Ã¾Ã¹Ã¨Ã¥ 50 Ã«Ã¥Ã², Ã·Ã²Ã® Ã±Ã­Ã¨Ã§Ã¨Ã² Ã¬Ã¥Ã±Ã¿Ã·Ã­Ã»Ã© Ã¯Ã°Ã¨Ã°Ã®Ã±Ã² Ã¯Ã°Ã¥Ã±Ã²Ã¨Ã¦Ã  Ã­Ã  Â§R-0.50Â§! Ã¨ Ã¬Ã¥Ã±Ã¿Ã·Ã­Ã»Ã© Ã¯Ã°Ã¨Ã°Ã®Ã±Ã² Ã¬Ã¨Ã«Ã®Ã±Ã²Ã¨ Ã­Ã  Â§R-2Â§!.;;x
adopt_chinese_imperialism_gov_tt;Under Chinese Imperialism you:\nÂ§Y*Â§! Can hold cities\nÂ§Y*Â§! Do not care if others do not follow your religion nor can you demand their conversion\nÂ§Y*Â§! Do not get opinion penalties with vassals of other government types\nÂ§Y*Â§! Can not create or usurp Empires\nÂ§Y*Â§! Follow the special Temple Name convention of naming rulers\nÂ§Y*Â§! Are limited to non-elective succession laws;;;;;;;;;;;ÃŠÃ¨Ã²Ã Ã©Ã±ÃªÃ¨Ã© Ã¨Ã¬Ã¯Ã¥Ã°Ã¨Ã Ã«Ã¨Ã§Ã¬ Ã¯Ã®Ã¤Ã°Ã Ã§Ã³Ã¬Ã¥Ã¢Ã Ã¥Ã²:\nÂ§Y*Â§! Ã‚Ã«Ã Ã¤Ã¥Ã­Ã¨Ã¥ Ã£Ã®Ã°Ã®Ã¤Ã Ã¬Ã¨\nÂ§Y*Â§! Ã‘Ã¢Ã®Ã¡Ã®Ã¤Ã³ Ã¢Ã¥Ã°Ã®Ã¨Ã±Ã¯Ã®Ã¢Ã¥Ã¤Ã Ã­Ã¨Ã¿ Ã¨ Ã®Ã²Ã±Ã³Ã²Ã±Ã²Ã¢Ã¨Ã¥ Ã¯Ã°Ã Ã¢Ã  Ã²Ã°Ã¥Ã¡Ã®Ã¢Ã Ã²Ã¼ Ã¥Ã£Ã® Ã±Ã¬Ã¥Ã­Ã» Ã®Ã² Ã¤Ã°Ã³Ã£Ã¨Ãµ\nÂ§Y*Â§! ÃÃ²Ã±Ã³Ã²Ã±Ã²Ã¢Ã¨Ã¥ Ã¸Ã²Ã°Ã Ã´Ã®Ã¢ Ãª Ã¬Ã­Ã¥Ã­Ã¨Ã¾ Ã¤Ã«Ã¿ Ã¢Ã Ã±Ã±Ã Ã«Ã®Ã¢ Ã± Ã¤Ã°Ã³Ã£Ã¨Ã¬Ã¨ Ã¯Ã®Ã«Ã¨Ã²Ã¨Ã·Ã¥Ã±ÃªÃ¨Ã¬Ã¨ Ã±Ã¨Ã±Ã²Ã¥Ã¬Ã Ã¬Ã¨\nÂ§Y*Â§! Ã‡Ã Ã¯Ã°Ã¥Ã² Ã­Ã  Ã±Ã®Ã§Ã¤Ã Ã­Ã¨Ã¥ Ã¨ Ã³Ã§Ã³Ã°Ã¯Ã Ã¶Ã¨Ã¾ Ã¨Ã¬Ã¯Ã¥Ã°Ã¨Ã©\nÂ§Y*Â§! Ã•Ã°Ã Ã¬Ã®Ã¢Ã»Ã¥ Ã¨Ã¬Ã¥Ã­Ã  Ã¤Ã«Ã¿ Ã¯Ã°Ã Ã¢Ã¨Ã²Ã¥Ã«Ã¿\nÂ§Y*Â§! Ã‡Ã Ã¯Ã°Ã¥Ã² Ã­Ã  Ã¢Ã»Ã¡Ã®Ã°Ã­Ã®Ã¥ Ã­Ã Ã±Ã«Ã¥Ã¤Ã®Ã¢Ã Ã­Ã¨Ã¥;;x
adopt_chinese_imperialism_temple_name_tt;You will take on a new Temple Name.;;;;;;;;;;;Ã‚Ã» Ã¯Ã®Ã«Ã³Ã·Ã¨Ã²Ã¥ Ã­Ã®Ã¢Ã®Ã¥ Â§YÃµÃ°Ã Ã¬Ã®Ã¢Ã®Ã¥ Ã¨Ã¬Ã¿Â§!.;;x
adopt_chinese_imperialism_tt;You will found a new Empire in the West, inspired by the splendor of the [offmap_china.GetFullName].\n;;;;;;;;;;;Ã‚Ã» Ã±Ã®Ã§Ã¤Ã Ã¤Ã¨Ã²Ã¥ Ã­Ã®Ã¢Ã³Ã¾ Ã§Ã Ã¯Ã Ã¤Ã­Ã³Ã¾ Ã¨Ã¬Ã¯Ã¥Ã°Ã¨Ã¾, Ã®Ã·Ã¥Ã­Ã¼ Ã¯Ã®ÃµÃ®Ã¦Ã³Ã¾ Ã­Ã  Â§YÃ¨Ã¬Ã¯Ã¥Ã°Ã¨Ã¾ [offmap_china.GetShortName]Â§!\n;;x
adult_or_close_relative_of_12_years_tt;Is an adult, OR a close relative who is at least 12 years old;;;;;;;;;;;Ã‚Ã§Ã°Ã®Ã±Ã«[This.GetAyaYy] Ã¨Ã«Ã¨ Ã¡Ã«Ã¨Ã§Ãª[This.GetAyaIy] Ã°Ã®Ã¤Ã±Ã²Ã¢Ã¥Ã­Ã­Ã¨[This.GetTsaK], Ã­Ã¥ Ã¬Ã®Ã«Ã®Ã¦Ã¥ 12 Ã«Ã¥Ã²;;x
already_at_war_tt;Is NOT already fighting a Â§YForce OpenÂ§! war;;;;;;;;;;;Ã“Ã¡Ã¥Ã¤Ã¨Ã²Ã¥Ã±Ã¼, Ã·Ã²Ã® Ã¢ Ã­Ã Ã±Ã²Ã®Ã¿Ã¹Ã¨Ã© Ã¬Ã®Ã¬Ã¥Ã­Ã² Ã³Ã¦Ã¥ ÃÃ… Ã¨Ã¤Â¸Ã² Ã¢Ã®Ã©Ã­Ã  Ã§Ã  Â§YÃ±Ã­Ã¿Ã²Ã¨Ã¥ Ã¡Ã«Ã®ÃªÃ Ã¤Ã»Â§!;;x
already_raised_TT;Must NOT already have raised a Chinese Regiment;;;;;;;;;;;Ã“Ã¡Ã¥Ã¤Ã¨Ã²Ã¥Ã±Ã¼, Ã·Ã²Ã® Ã³Ã¦Ã¥ ÃÃ… Ã¯Ã°Ã¨Ã§Ã¢Ã Ã«Ã¨ ÃªÃ¨Ã²Ã Ã©Ã±ÃªÃ³Ã¾ Ã Ã°Ã¬Ã¨Ã¾;;x
artifact_added_tt;An artifact is added to your inventory.;;;;;;;;;;;Ã€Ã°Ã²Ã¥Ã´Ã ÃªÃ² Ã¡Ã³Ã¤Ã¥Ã² Ã¤Ã®Ã¡Ã Ã¢Ã«Ã¥Ã­ Ã¢ Ã‚Ã Ã¸Ã³ Ã±Ã®ÃªÃ°Ã®Ã¢Ã¨Ã¹Ã­Ã¨Ã¶Ã³.;;x
artifact_raid_tt;A Chinese artifact is added to your inventory.;;;;;;;;;;;ÃŠÃ¨Ã²Ã Ã©Ã±ÃªÃ¨Ã© Ã Ã°Ã²Ã¥Ã´Ã ÃªÃ² Ã¡Ã³Ã¤Ã¥Ã² Ã¤Ã®Ã¡Ã Ã¢Ã«Ã¥Ã­ Ã¢ Ã±Ã®ÃªÃ°Ã®Ã¢Ã¨Ã¹Ã­Ã¨Ã¶Ã³.;;x
available_because_is_dumb_tt;This option is available because you have one or more of the traits Â§YDullÂ§!, Â§YSlowÂ§!, or Â§YImbecileÂ§!\n;;;;;;;;;;;ÃÃ²Ã®Ã² Ã¢Ã Ã°Ã¨Ã Ã­Ã² Ã¤Ã®Ã±Ã²Ã³Ã¯Ã¥Ã­ Ã‚Ã Ã¬ Ã¡Ã«Ã Ã£Ã®Ã¤Ã Ã°Ã¿ Ã·Ã¥Ã°Ã²Ã¥ Â§YÃ²Ã³Ã¯[This.GetAyaOy]Â§!, Â§YÃ£Ã«Ã³Ã¯[This.GetAyaYy]Â§! Ã¨Ã«Ã¨ Â§YÃ±Ã«Ã Ã¡Ã®Ã³Ã¬Ã­[This.GetAyaYy]Â§!\n;;x
available_because_trait_erudite_tt;This option is available because you have the trait Â§YEruditeÂ§!\n;;;;;;;;;;;ÃÃ²Ã®Ã² Ã¢Ã Ã°Ã¨Ã Ã­Ã² Ã¤Ã®Ã±Ã²Ã³Ã¯Ã¥Ã­ Ã‚Ã Ã¬ Ã¡Ã«Ã Ã£Ã®Ã¤Ã Ã°Ã¿ Ã·Ã¥Ã°Ã²Ã¥ Â§YÃÃ°Ã³Ã¤Ã¨Ã²Â§!\n;;x
available_because_trait_lunatic_tt;This option is available because you have the trait Â§YLunaticÂ§!\n;;;;;;;;;;;ÃÃ²Ã®Ã² Ã¢Ã Ã°Ã¨Ã Ã­Ã² Ã¤Ã®Ã±Ã²Ã³Ã¯Ã¥Ã­ Ã‚Ã Ã¬ Ã¡Ã«Ã Ã£Ã®Ã¤Ã Ã°Ã¿ Ã·Ã¥Ã°Ã²Ã¥ Â§YÃ±Ã³Ã¬Ã Ã±Ã¸Ã¥Ã¤Ã¸[This.GetAyaIy]Â§!\n;;x
available_because_trait_mastermind_theologian_tt;This option is available because you have the trait Â§YMastermind TheologianÂ§!\n;;;;;;;;;;;ÃÃ²Ã®Ã² Ã¢Ã Ã°Ã¨Ã Ã­Ã² Ã¤Ã®Ã±Ã²Ã³Ã¯Ã¥Ã­ Ã‚Ã Ã¬ Ã¡Ã«Ã Ã£Ã®Ã¤Ã Ã°Ã¿ Ã·Ã¥Ã°Ã²Ã¥ Â§YÃ‚Ã»Ã¤Ã Ã¾Ã¹Ã¨Ã©Ã±Ã¿ Ã¡Ã®Ã£Ã®Ã±Ã«Ã®Ã¢Â§!\n;;x
available_because_trait_scholar_tt;This option is available because you have the trait Â§YScholarÂ§!\n;;;;;;;;;;;ÃÃ²Ã®Ã² Ã¢Ã Ã°Ã¨Ã Ã­Ã² Ã¤Ã®Ã±Ã²Ã³Ã¯Ã¥Ã­ Ã‚Ã Ã¬ Ã¡Ã«Ã Ã£Ã®Ã¤Ã Ã°Ã¿ Ã·Ã¥Ã°Ã²Ã¥ Â§YÃ“Ã·Â¸Ã­[This.GetAyaYy]Â§!\n;;x
available_due_to_prestige_tt;This option is available due to your high Â§YPrestigeÂ§!\n;;;;;;;;;;;ÃÃ²Ã®Ã² Ã¢Ã Ã°Ã¨Ã Ã­Ã² Ã¤Ã®Ã±Ã²Ã³Ã¯Ã¥Ã­ Ã‚Ã Ã¬ Ã¡Ã«Ã Ã£Ã®Ã¤Ã Ã°Ã¿ Ã¢Ã»Ã±Ã®ÃªÃ®Ã¬Ã³ Â§YÃ¯Ã°Ã¥Ã±Ã²Ã¨Ã¦Ã³Â§!\n;;x
bema_celebrations;Holding Bema festival;;;;;;;;;;;ÃÃ°Ã®Ã¢Ã®Ã¤Ã¨Ã² Ã¯Ã°Ã Ã§Ã¤Ã­Ã¨Ãª ÃÃ¥Ã¬Ã ;;x
bon_sympathy_eastern;Has a Â§YCountyÂ§!, Â§YVassalÂ§! or Â§YLiegeÂ§! of an Â§YEastern ReligionÂ§!;;;;;;;;;;;ÃÃ³Ã¦Ã­Ã® Ã¨Ã¬Ã¥Ã²Ã¼ Â§YÃ®ÃªÃ°Ã³Ã£Â§!, Â§YÃ¢Ã Ã±Ã±Ã Ã«Ã Â§! Ã¨Ã«Ã¨ Â§YÃ±Ã¾Ã§Ã¥Ã°Ã¥Ã­Ã Â§!, Ã¨Ã±Ã¯Ã®Ã¢Ã¥Ã¤Ã³Ã¾Ã¹Ã¥Ã£Ã® ÃµÃ®Ã²Ã¿ Ã¡Ã» Ã®Ã¤Ã­Ã³ Ã¨Ã§ Â§YÃ¢Ã®Ã±Ã²Ã®Ã·Ã­Ã»Ãµ Ã°Ã¥Ã«Ã¨Ã£Ã¨Ã©Â§!;;x
can_marry_chinese_royal_tt;Is eligible for marriage;;;;;;;;;;;ÃÃ®Ã¤ÃµÃ®Ã¤Ã¨Ã² Ã¤Ã«Ã¿ Ã¡Ã°Ã ÃªÃ ;;x
cat_corridor;Follow Â§YMittensÂ§!;;;;;;;;;;;ÃÃ®Ã±Ã¬Ã®Ã²Ã°Ã¥Ã²Ã¼, Ã·Ã²Ã® Ã¡Ã³Ã¤Ã¥Ã² Ã¤Ã¥Ã«Ã Ã²Ã¼ Â§Y[Root.GetPetCatName]Â§!;;x
cat_kitchen;Share some milk with Â§YMittensÂ§!;;;;;;;;;;;Ã“Ã£Ã®Ã±Ã²Ã¨Ã²Ã¼ ÃªÃ®Ã²Â¸Ã­ÃªÃ  Ã¬Ã®Ã«Ã®ÃªÃ®Ã¬;;x
cat_start;The council continues;;;;;;;;;;;Ã‘Ã®Ã¢Ã¥Ã² Ã¯Ã°Ã®Ã¤Ã®Ã«Ã¦Ã¨Ã² Ã°Ã Ã¡Ã®Ã²Ã³;;x
cb_opportunity_liberate;Gain one use of the Â§YLiberate ReligionÂ§! Casus Belli, to be used on any valid target of your choosing.;;;;;;;;;;;Ã‚Ã®Ã±Ã¯Ã®Ã«Ã¼Ã§Ã®Ã¢Ã Ã²Ã¼Ã±Ã¿ Ã¢Ã®Ã§Ã¬Ã®Ã¦Ã­Ã®Ã±Ã²Ã¼Ã¾ Casus Belli Â§YÃÃ¥Ã«Ã¨Ã£Ã¨Ã®Ã§Ã­Ã®Ã¥ Ã®Ã±Ã¢Ã®Ã¡Ã®Ã¦Ã¤Ã¥Ã­Ã¨Ã¥Â§! Ã¯Ã°Ã®Ã²Ã¨Ã¢ Ã«Ã¾Ã¡Ã®Ã© Ã¯Ã®Ã¤ÃµÃ®Ã¤Ã¿Ã¹Ã¥Ã© Ã¤Ã«Ã¿ Ã½Ã²Ã®Ã£Ã® Ã¶Ã¥Ã«Ã¨.;;x
cb_opportunity_liberate_deny;You decide that your time is better spent elsewhere. You will not be presented with this opportunity again.;;;;;;;;;;;ÃÃ²ÃªÃ Ã§Ã Ã²Ã¼Ã±Ã¿ Ã®Ã² Ã¢Ã®Ã§Ã¬Ã®Ã¦Ã­Ã®Ã±Ã²Ã¨ Ã°Ã Ã§Ã¢Ã¿Ã§Ã Ã²Ã¼ Ã¢Ã®Ã©Ã­Ã³. Ã“ Ã‚Ã Ã± Ã­Ã¥ Ã¡Ã³Ã¤Ã¥Ã² Ã²Ã ÃªÃ®Ã© Ã¢Ã®Ã§Ã¬Ã®Ã¦Ã­Ã®Ã±Ã²Ã¨ Ã±Ã­Ã®Ã¢Ã .;;x
china_boon_available_tt;Â§Y[Root.Offmap.Ruler.GetMediumChineseEmperorName]Â§! has NOT granted you a boon within the last year;;;;;;;;;;;Ã“Ã¡Ã¥Ã¤Ã¨Ã²Ã¥Ã±Ã¼, Ã·Ã²Ã® Â§Y[Root.Offmap.Ruler.GetMediumChineseEmperorName]Â§! ÃÃ… Ã¯Ã®Ã±Ã»Ã«Ã Ã«[Root.Offmap.Ruler.GetEndA] Ã‚Ã Ã¬ Ã¤Ã Ã°Ã» Ã¢ Ã²Ã¥Ã·Ã¥Ã­Ã¨Ã¥ Ã¯Ã®Ã±Ã«Ã¥Ã¤Ã­Ã¥Ã£Ã® Ã£Ã®Ã¤Ã ;;x
china_boon_cd;Â§YRecently Asked for BoonÂ§!;;;;;;;;;;;Â§YÃÃ¥Ã¤Ã Ã¢Ã­Ã¿Ã¿ Ã¯Ã°Ã®Ã±Ã¼Ã¡Ã  Ã® Ã¤Ã Ã°Ã ÃµÂ§!;;x
china_boon_cd_desc;You have recently asked China for a Boon, you will be able to ask for another one on: Â§Y[Root.jd_china_boon_cd.GetExpiryDate]Â§!;;;;;;;;;;;Ã‚Ã» Ã­Ã¥Ã¤Ã Ã¢Ã­Ã® Ã¯Ã°Ã®Ã±Ã¨Ã«Ã¨ ÃŠÃ¨Ã²Ã Ã© Ã® Ã¤Ã Ã°Ã Ãµ, Ã¨ Ã±Ã¬Ã®Ã¦Ã¥Ã²Ã¥ Ã±Ã¤Ã¥Ã«Ã Ã²Ã¼ Ã½Ã²Ã® Ã±Ã­Ã®Ã¢Ã  Ã­Ã¥ Ã°Ã Ã­Ã¼Ã¸Ã¥ Ã·Ã¥Ã¬ Â§Y[Root.jd_china_boon_cd.GetExpiryDate]Â§!;;x
china_commander_cd;Â§YRecently Sent CommanderÂ§!;;;;;;;;;;;Â§YÃÃ²Ã¯Ã°Ã Ã¢Ã«Ã¥Ã­ Ã¯Ã®Ã«ÃªÃ®Ã¢Ã®Ã¤Ã¥Ã¶Â§!;;x
china_commander_cd_desc;You have recently sent a Commander to China, if China is still in turmoil you will be able to send another one on: Â§Y[Root.chinese_grace_send_commander_timer.GetExpiryDate]Â§!;;;;;;;;;;;Ã‚Ã» Ã­Ã¥Ã¤Ã Ã¢Ã­Ã® Ã®Ã²Ã¯Ã°Ã Ã¢Ã«Ã¿Ã«Ã¨ Ã±Ã¢Ã®Ã¥Ã£Ã® Ã¯Ã®Ã«ÃªÃ®Ã¢Ã®Ã¤Ã¶Ã  Ã¢ ÃŠÃ¨Ã²Ã Ã© Ã¤Ã«Ã¿ Ã±Ã«Ã³Ã¦Ã¡Ã» Ã¯Ã°Ã¨ Ã¨Ã¬Ã¯Ã¥Ã°Ã Ã²Ã®Ã°Ã±ÃªÃ®Ã¬ Ã¤Ã¢Ã®Ã°Ã¥, Ã¨ Ã¥Ã±Ã«Ã¨ Ã­Ã Ã¯Ã°Ã¿Ã¦Â¸Ã­Ã­Ã®Ã±Ã²Ã¼ Ã¢ ÃÃ®Ã¤Ã­Ã¥Ã¡Ã¥Ã±Ã­Ã®Ã© Ã±Ã®ÃµÃ°Ã Ã­Ã¨Ã²Ã±Ã¿, Ã‚Ã» Ã±Ã¬Ã®Ã¦Ã¥Ã²Ã¥ Ã±Ã¤Ã¥Ã«Ã Ã²Ã¼ Ã½Ã²Ã® Ã¥Ã¹Â¸ Ã°Ã Ã§ Ã­Ã¥ Ã°Ã Ã­Ã¼Ã¸Ã¥ Ã·Ã¥Ã¬ Â§Y[Root.chinese_grace_send_commander_timer.GetExpiryDate]Â§!;;x
china_concubine_cd;Â§YRecently Sent a ConcubineÂ§!;;;;;;;;;;;Â§YÃÃ²Ã¯Ã°Ã Ã¢Ã«Ã¥Ã­[offmap_china.Ruler.GetEndAOpp] Ã­Ã Ã«Ã®Ã¦Ã­Ã¨[offmap_china.Ruler.GetTsaKOpp]Â§!;;x
china_concubine_cd_desc;You have recently sent a Concubine to China, you will be able to send another one on: Â§Y[Root.chinese_grace_send_concubine_timer.GetExpiryDate]Â§!;;;;;;;;;;;Ã‚Ã» Ã­Ã¥Ã¤Ã Ã¢Ã­Ã® Ã®Ã²Ã¯Ã°Ã Ã¢Ã¨Ã«Ã¨ Ã­Ã Ã«Ã®Ã¦Ã­Ã¨[offmap_china.Ruler.GetTsuKaOpp] Ã¢ ÃŠÃ¨Ã²Ã Ã©. Ã‘Ã¤Ã¥Ã«Ã Ã²Ã¼ Ã½Ã²Ã® Ã±Ã­Ã®Ã¢Ã  Ã‚Ã» Ã±Ã¬Ã®Ã¦Ã¥Ã²Ã¥ Ã­Ã¥ Ã°Ã Ã­Ã¼Ã¸Ã¥ Ã·Ã¥Ã¬ Â§Y[Root.chinese_grace_send_concubine_timer.GetExpiryDate]Â§!;;x
china_eunuch_cd;Â§YRecently Sent a EunuchÂ§!;;;;;;;;;;;Â§YÃÃ²Ã¯Ã°Ã Ã¢Ã«Ã¥Ã­ Ã¥Ã¢Ã­Ã³ÃµÂ§!;;x
china_eunuch_cd_desc;You have recently sent a Eunuch to China, you will be able to send another one on: Â§Y[Root.chinese_grace_send_eunuch_timer.GetExpiryDate]Â§!;;;;;;;;;;;Ã‚Ã» Ã­Ã¥Ã¤Ã Ã¢Ã­Ã® Ã®Ã²Ã¯Ã°Ã Ã¢Ã¨Ã«Ã¨ Ã¥Ã¢Ã­Ã³ÃµÃ  Ã¢ ÃŠÃ¨Ã²Ã Ã©. Ã‘Ã¤Ã¥Ã«Ã Ã²Ã¼ Ã½Ã²Ã® Ã±Ã­Ã®Ã¢Ã  Ã‚Ã» Ã±Ã¬Ã®Ã¦Ã¥Ã²Ã¥ Ã­Ã¥ Ã°Ã Ã­Ã¼Ã¸Ã¥ Ã·Ã¥Ã¬ Â§Y[Root.chinese_grace_send_eunuch_timer.GetExpiryDate]Â§!;;x
china_famine_cd;Â§YRecently Sent Relief!Â§!;;;;;;;;;;;Â§YÃÃ¥Ã¤Ã Ã¢Ã­Ã¿Ã¿ Ã®Ã²Ã¯Ã°Ã Ã¢ÃªÃ  Ã¯Ã°Ã®Ã¤Ã®Ã¢Ã®Ã«Ã¼Ã±Ã²Ã¢Ã¨Ã¿!Â§!;;x
china_famine_cd_desc;You have recently sent Famine Relief to China, if China is still suffering from a Famine you will be able to send another expedition on: Â§Y[Root.china_send_relief.GetExpiryDate]Â§!;;;;;;;;;;;Ã‚Ã» Ã­Ã¥Ã¤Ã Ã¢Ã­Ã® Ã®Ã²Ã¯Ã°Ã Ã¢Ã¨Ã«Ã¨ Ã®Ã¡Ã®Ã§Ã» Ã± Ã¯Ã°Ã®Ã¤Ã®Ã¢Ã®Ã«Ã¼Ã±Ã²Ã¢Ã¨Ã¥Ã¬ Ã¢ ÃŠÃ¨Ã²Ã Ã©, Ã·Ã²Ã®Ã¡Ã» Ã¯Ã®Ã¬Ã®Ã·Ã¼ Ã¥Ã¬Ã³ Ã¢ Ã¡Ã®Ã°Ã¼Ã¡Ã¥ Ã± Ã£Ã®Ã«Ã®Ã¤Ã®Ã¬. Ã…Ã±Ã«Ã¨ ÃŠÃ¨Ã²Ã Ã© Ã¢Ã±Â¸ Ã¥Ã¹Â¸ Ã¡Ã³Ã¤Ã¥Ã² Ã±Ã²Ã°Ã Ã¤Ã Ã²Ã¼ Ã®Ã² Ã£Ã®Ã«Ã®Ã¤Ã , Ã‚Ã» Ã±Ã¬Ã®Ã¦Ã¥Ã²Ã¥ Ã¯Ã®Ã±Ã«Ã Ã²Ã¼ Ã­Ã®Ã¢Ã³Ã¾ Ã½ÃªÃ±Ã¯Ã¥Ã¤Ã¨Ã¶Ã¨Ã¾ Ã­Ã¥ Ã°Ã Ã­Ã¼Ã¸Ã¥ Ã·Ã¥Ã¬ Â§Y[Root.china_send_relief.GetExpiryDate]Â§!;;x
china_forced_open_tt;Will NOT be able to change to the Isolationist Policy for Â§Y50Â§! years;;;;;;;;;;;ÃÃ®Ã«Ã¨Ã²Ã¨ÃªÃ  Â§YÃ¨Ã§Ã®Ã«Ã¿Ã¶Ã¨Ã¨Â§! Ã¡Ã³Ã¤Ã¥Ã² Ã¯Ã®Ã¤ Ã§Ã Ã¯Ã°Ã¥Ã²Ã®Ã¬ Ã¤Ã«Ã¿ [offmap_china.GetShortGenericNameGEN] Ã¢ Ã²Ã¥Ã·Ã¥Ã­Ã¨Ã¥ Â§Y50Â§! Ã«Ã¥Ã²;;x
china_gift_cd;Â§YRecently Sent GiftÂ§!;;;;;;;;;;;Â§YÃÃ¥Ã¤Ã Ã¢Ã­Ã¥Ã¥ Ã¯Ã®Ã¤Ã­Ã®Ã¸Ã¥Ã­Ã¨Ã¥Â§!;;x
china_gift_cd_desc;You have recently sent a Gift to China, you will be able to send another one on: Â§Y[Root.chinese_grace_send_gift_timer.GetExpiryDate]Â§!;;;;;;;;;;;Ã‚Ã» Ã­Ã¥Ã¤Ã Ã¢Ã­Ã® Ã®Ã²Ã¯Ã°Ã Ã¢Ã¨Ã«Ã¨ Ã¯Ã®Ã¤Ã Ã°Ã®Ãª Ã¢ ÃŠÃ¨Ã²Ã Ã© Ã¢ ÃªÃ Ã·Ã¥Ã±Ã²Ã¢Ã¥ Ã¯Ã®Ã¤Ã­Ã®Ã¸Ã¥Ã­Ã¨Ã¿. Ã‘Ã¤Ã¥Ã«Ã Ã²Ã¼ Ã½Ã²Ã® Ã±Ã­Ã®Ã¢Ã  Ã‚Ã» Ã±Ã¬Ã®Ã¦Ã¥Ã²Ã¥ Ã­Ã¥ Ã°Ã Ã­Ã¼Ã¸Ã¥ Ã·Ã¥Ã¬ Â§Y[Root.chinese_grace_send_gift_timer.GetExpiryDate]Â§!;;x
china_invade_dragon_throne_eastern_edge_tt;Borders the Eastern Edge of the map;;;;;;;;;;;Ã‘Ã®Ã±Ã¥Ã¤Ã±Ã²Ã¢Ã® Ã± Ã‚Ã®Ã±Ã²Ã®Ã·Ã­Ã®Ã© Ã£Ã°Ã Ã­Ã¨Ã¶Ã¥Ã© ÃªÃ Ã°Ã²Ã»;;x
china_invade_dragon_throne_failed_tt;Has NOT failed an invasion of China;;;;;;;;;;;ÃÃ… Ã¡Ã»Ã«Ã® Ã¯Ã°Ã®Ã¢Ã Ã«Ã¼Ã­Ã»Ãµ Ã¯Ã®Ã¯Ã»Ã²Ã®Ãª Ã¢Ã²Ã®Ã°Ã¦Ã¥Ã­Ã¨Ã¿ Ã¢ ÃŠÃ¨Ã²Ã Ã©;;x
china_invade_dragon_throne_levies_tt;Has NOT raised any vassal levies;;;;;;;;;;;Ã“Ã¡Ã¥Ã¤Ã¨Ã²Ã¥Ã±Ã¼, Ã·Ã²Ã® ÃÃ… Ã¯Ã®Ã¤Ã­Ã¿Ã«Ã¨ Ã®Ã¯Ã®Ã«Ã·Ã¥Ã­Ã¨Ã¥;;x
china_invade_dragon_throne_modifiers_tt;All of your current Â§Y[offmap_china.GetCurrency]Â§! and Â§YmodifiersÂ§! from Â§Y[offmap_china.GetShortName]Â§! will be Â§RremovedÂ§!.;;;;;;;;;;;Ã‚Ã» Ã¯Ã®Ã«Ã­Ã®Ã±Ã²Ã¼Ã¾ Ã«Ã¨Ã¸Ã¨Ã²Ã¥Ã±Ã¼ Â§Y[offmap_china.GetChinaCurrencyGEN]Â§! Ã¯Ã°Ã Ã¢Ã¿Ã¹Ã¥Ã© Ã¤Ã¨Ã­Ã Ã±Ã²Ã¨Ã¨, Ã  Â§YÃ¬Ã®Ã¤Ã¨Ã´Ã¨ÃªÃ Ã²Ã®Ã°Ã»Â§! Ã®Ã² Â§YÃ¨Ã¬Ã¯Ã¥Ã°Ã¨Ã¨ [offmap_china.GetShortName]Â§! Ã¡Ã³Ã¤Ã³Ã² Â§RÃ³Ã¤Ã Ã«Ã¥Ã­Ã»Â§!.;;x
china_invade_dragon_throne_war_tt;Is NOT currently being invaded;;;;;;;;;;;Ã“Ã¡Ã¥Ã¤Ã¨Ã²Ã¥Ã±Ã¼, Ã·Ã²Ã® ÃˆÃ¬Ã¯Ã¥Ã°Ã¨Ã¿ ÃÃ… Ã¯Ã¥Ã°Ã¥Ã¦Ã¨Ã¢Ã Ã¥Ã² Ã·Ã¼Â¸-Ã²Ã® Ã¢Ã²Ã®Ã°Ã¦Ã¥Ã­Ã¨Ã¥;;x
china_offmap_boon_decisions_enabled_trigger_cd_tt;Has NOT requested a boon from Â§Y[Root.Offmap.Ruler.GetShortChineseEmperorName]Â§! within the last year\n;;;;;;;;;;;Ã“Ã¡Ã¥Ã¤Ã¨Ã²Ã¥Ã±Ã¼, Ã·Ã²Ã® ÃÃ… Ã¯Ã°Ã®Ã±Ã¨Ã«Ã¨ Ã¤Ã Ã°Ã» Ã³ Â§Y[Root.Offmap.Ruler.GetShortChineseEmperorNameGEN]Â§! Ã¢ Ã¯Ã®Ã±Ã«Ã¥Ã¤Ã­Ã¨Ã© Ã£Ã®Ã¤\n;;x
china_offmap_boon_decisions_enabled_trigger_raiding_tt;Has NOT raided the Â§Y[Root.Offmap.GetFullName]Â§! in the last 5 years[From.GetRaidCD];;;;;;;;;;;Ã“Ã¡Ã¥Ã¤Ã¨Ã²Ã¥Ã±Ã¼, Ã·Ã²Ã® ÃÃ… Ã±Ã®Ã¢Ã¥Ã°Ã¸Ã Ã«Ã¨ Ã­Ã Ã¡Ã¥Ã£Ã¨ Ã­Ã  Â§YÃ¨Ã¬Ã¯Ã¥Ã°Ã¨Ã¾ [Root.Offmap.GetShortName]Â§! Ã¢ Ã¯Ã®Ã±Ã«Ã¥Ã¤Ã­Ã¨Ã¥ 5 Ã«Ã¥Ã²[From.GetRaidCD];;x
china_offmap_decisions_enabled_trigger_war_tt;Is at peace with Â§Y[From.GetTitledFirstName]Â§!;;;;;;;;;;;ÃÃ ÃµÃ®Ã¤Ã¨Ã²Ã±Ã¿ Ã¢ Ã¬Ã¨Ã°Ã¥ Ã± Ã¯Ã°Ã Ã¢Ã¨Ã²Ã¥Ã«Ã¥Ã¬, Ã¨Ã§Ã¢Ã¥Ã±Ã²Ã­Ã»Ã¬ ÃªÃ Ãª Â§Y[From.GetTitledFirstName]Â§!;;x
china_offmap_decisions_failed_invasion_tt;Has NOT failed an invasion of the Â§Y[offmap_china.GetFullName]Â§!;;;;;;;;;;;Ã“Ã¡Ã¥Ã¤Ã¨Ã²Ã¥Ã±Ã¼, Ã·Ã²Ã® ÃÃ… Ã¡Ã»Ã«Ã® Ã¯Ã°Ã®Ã¢Ã Ã«Ã¼Ã­Ã»Ãµ Ã¢Ã²Ã®Ã°Ã¦Ã¥Ã­Ã¨Ã© Ã¢ Â§YÃ¨Ã¬Ã¯Ã¥Ã°Ã¨Ã¾ [offmap_china.GetShortName]Â§!;;x
china_offmap_decisions_pretender_emperor_tt;Is Â§RNOTÂ§! the ruler of a pretender Chinese Empire;;;;;;;;;;;Â§RÃÃ¥Ã«Ã¼Ã§Ã¿Â§! Ã¡Ã»Ã²Ã¼ Ã¯Ã°Ã Ã¢Ã¨Ã²Ã¥Ã«Ã¥Ã¬ Ã±Ã Ã¬Ã®Ã§Ã¢Ã Ã­Ã­Ã®Ã© ÃŠÃ¨Ã²Ã Ã©Ã±ÃªÃ®Ã© Ã¨Ã¬Ã¯Ã¥Ã°Ã¨Ã¨;;x
china_offmap_tribute_decisions_enabled_trigger_cd_tt;Has NOT sent tribute to Â§Y[Root.Offmap.Ruler.GetShortChineseEmperorName]Â§! within the last year\n;;;;;;;;;;;Ã“Ã¡Ã¥Ã¤Ã¨Ã²Ã¥Ã±Ã¼, Ã·Ã²Ã® ÃÃ… Ã¯Ã«Ã Ã²Ã¨Ã«Ã¨ Ã¤Ã Ã­Ã¼ Â§Y[Root.Offmap.Ruler.GetShortChineseEmperorNameDAT]Â§! Ã¢ Ã¯Ã®Ã±Ã«Ã¥Ã¤Ã­Ã¨Ã© Ã£Ã®Ã¤\n;;x
china_raid_cd;Â§YRecently Raided China!Â§!;;;;;;;;;;;Â§YÃÃ¥Ã¤Ã Ã¢Ã­Ã¨Ã© Ã­Ã Ã¡Ã¥Ã£ Ã­Ã  ÃŠÃ¨Ã²Ã Ã©!Â§!;;x
china_raid_cd_desc;You have recently stopped Raiding China, you will be able to resume raiding on: Â§Y[Root.china_raid_grace_cd.GetExpiryDate]Â§!;;;;;;;;;;;Ã‚Ã» Ã­Ã¥Ã¤Ã Ã¢Ã­Ã® Ã¯Ã°Ã¥ÃªÃ°Ã Ã²Ã¨Ã«Ã¨ Ã­Ã Ã¡Ã¥Ã£Ã¨ Ã­Ã  ÃŠÃ¨Ã²Ã Ã©, Ã¨ Ã±Ã¬Ã®Ã¦Ã¥Ã²Ã¥ Ã¨Ãµ Ã¢Ã®Ã§Ã®Ã¡Ã­Ã®Ã¢Ã¨Ã²Ã¼ Ã­Ã¥ Ã°Ã Ã­Ã¼Ã¸Ã¥ Ã·Ã¥Ã¬ Â§Y[Root.china_raid_grace_cd.GetExpiryDate]Â§!;;x
china_tributary_cd;Â§YRecently Broke FreeÂ§!;;;;;;;;;;;Â§YÃÃ¥Ã¤Ã Ã¢Ã­Ã¥Ã¥ Ã®Ã±Ã¢Ã®Ã¡Ã®Ã¦Ã¤Ã¥Ã­Ã¨Ã¥ Ã®Ã² Ã¤Ã Ã­Ã¨Â§!;;x
china_tributary_cd_desc;You have recently broken free from being a Tributary of China. You will be able to ask to become one again on: Â§Y[Root.chinese_grace_tributary_timer.GetExpiryDate]Â§!;;;;;;;;;;;Ã‚Ã» Ã­Ã¥Ã¤Ã Ã¢Ã­Ã® Ã®Ã±Ã¢Ã®Ã¡Ã®Ã¤Ã¨Ã«Ã¨Ã±Ã¼ Ã¨Ã§ Ã±Ã²Ã Ã²Ã³Ã±Ã  Ã±Ã Ã²Ã¥Ã«Ã«Ã¨Ã²Ã  (Ã¤Ã Ã­Ã­Ã¨ÃªÃ ) ÃŠÃ¨Ã²Ã Ã¿. ÃÃ®Ã¯Ã°Ã®Ã±Ã¨Ã²Ã¼ Ã±Ã²Ã Ã²Ã¼ Ã¨Ã¬ Ã±Ã­Ã®Ã¢Ã  Ã‚Ã» Ã±Ã¬Ã®Ã¦Ã¥Ã²Ã¥ Ã­Ã¥ Ã°Ã Ã­Ã¼Ã¸Ã¥ Ã·Ã¥Ã¬ Â§Y[Root.chinese_grace_tributary_timer.GetExpiryDate]Â§!;;x
china_tribute_available_tt;Paying tribute to Â§Y[Root.Offmap.Ruler.GetMediumChineseEmperorName]Â§! is currently available.;;;;;;;;;;;Ã“Ã¡Ã¥Ã¤Ã¨Ã²Ã¥Ã±Ã¼, Ã·Ã²Ã® Ã¢Ã»Ã¯Ã«Ã Ã²Ã  Ã¤Ã Ã­Ã¨ Â§Y[Root.Offmap.Ruler.GetShortChineseEmperorNameDAT]Â§! Ã¢ Ã­Ã Ã±Ã²Ã®Ã¿Ã¹Ã¨Ã© Ã¬Ã®Ã¬Ã¥Ã­Ã² Ã¤Ã®Ã±Ã²Ã³Ã¯Ã­Ã .;;x
china_tribute_send_artifact_cooldown_tt;Has NOT sent an artifact in 10 years;;;;;;;;;;;Ã“Ã¡Ã¥Ã¤Ã¨Ã²Ã¥Ã±Ã¼, Ã·Ã²Ã® ÃÃ… Ã¤Ã¥Ã«Ã Ã«Ã¨ Ã¯Ã®Ã¤Ã­Ã®Ã¸Ã¥Ã­Ã¨Ã¥ Ã¢ Ã¢Ã¨Ã¤Ã¥ Ã Ã°Ã²Ã¥Ã´Ã ÃªÃ²Ã  Ã¢ Ã¯Ã®Ã±Ã«Ã¥Ã¤Ã­Ã¨Ã¥ 10 Ã«Ã¥Ã²;;x
china_tribute_send_commander_cooldown_tt;Has NOT sent a commander in 20 years;;;;;;;;;;;Ã“Ã¡Ã¥Ã¤Ã¨Ã²Ã¥Ã±Ã¼, Ã·Ã²Ã® ÃÃ… Ã®Ã²Ã¯Ã°Ã Ã¢Ã«Ã¿Ã«Ã¨ Ã¯Ã®Ã«ÃªÃ®Ã¢Ã®Ã¤Ã¶Ã  Ã¢ Ã¯Ã®Ã±Ã«Ã¥Ã¤Ã­Ã¨Ã¥ 20 Ã«Ã¥Ã²;;x
china_tribute_send_concubine_cooldown_tt;Has NOT sent a concubine in 20 years;;;;;;;;;;;Ã“Ã¡Ã¥Ã¤Ã¨Ã²Ã¥Ã±Ã¼. Ã·Ã²Ã® ÃÃ… Ã¯Ã®Ã±Ã»Ã«Ã Ã«Ã¨ Ã­Ã Ã«Ã®Ã¦Ã­Ã¨[offmap_china.Ruler.GetTsKovOpp] Ã¢ Ã¯Ã®Ã±Ã«Ã¥Ã¤Ã­Ã¨Ã¥ 20 Ã«Ã¥Ã²;;x
china_tribute_send_concubine_preference_tt;Is desired by the Â§Y[offmap_china.Ruler.GetEmperorEmpress]Â§!;;;;;;;;;;;ÃÃ°Ã Ã¢Ã¨Ã²Ã±Ã¿ Â§Y[offmap_china.Ruler.GetEmpressEmperorCapDAT]Â§!;;x
china_tribute_send_eunuch_congenital_tt;Has a Â§YpositiveÂ§! congenital trait;;;;;;;;;;;Ã„Ã®Ã«Ã¦Ã­Ã  Ã¨Ã¬Ã¥Ã²Ã¼Ã±Ã¿ ÃµÃ®Ã²Ã¼ Ã®Ã¤Ã­Ã  Â§YÃ¯Ã®Ã«Ã®Ã¦Ã¨Ã²Ã¥Ã«Ã¼Ã­Ã Ã¿Â§! Ã­Ã Ã±Ã«Ã¥Ã¤Ã±Ã²Ã¢Ã¥Ã­Ã­Ã Ã¿ Ã·Ã¥Ã°Ã²Ã ;;x
china_tribute_send_eunuch_cooldown_tt;Has NOT sent a eunuch in 20 years;;;;;;;;;;;Ã“Ã¡Ã¥Ã¤Ã¨Ã²Ã¥Ã±Ã¼, Ã·Ã²Ã® ÃÃ… Ã¯Ã®Ã±Ã»Ã«Ã Ã«Ã¨ Ã¥Ã¢Ã­Ã³ÃµÃ  Ã¢ Ã¯Ã®Ã±Ã«Ã¥Ã¤Ã­Ã¨Ã¥ 20 Ã«Ã¥Ã²;;x
china_tribute_send_eunuch_gift_tt;Is a eunuch that was gifted to you;;;;;;;;;;;ÃÃ²Ã® Ã¥Ã¢Ã­Ã³Ãµ, ÃªÃ®Ã²Ã®Ã°Ã®Ã£Ã® Ã‚Ã Ã¬ Ã¯Ã®Ã¤Ã Ã°Ã¨Ã«Ã¨;;x
china_tribute_send_eunuch_non_inherit_congenital_tt;Has a Â§YpositiveÂ§! non-inheritable congenital trait;;;;;;;;;;;Ã„Ã®Ã«Ã¦Ã­Ã  Ã¨Ã¬Ã¥Ã²Ã¼Ã±Ã¿ ÃµÃ®Ã²Ã¼ Ã®Ã¤Ã­Ã  Â§YÃ¯Ã®Ã«Ã®Ã¦Ã¨Ã²Ã¥Ã«Ã¼Ã­Ã Ã¿Â§! Ã­Ã¥Ã­Ã Ã±Ã«Ã¥Ã¤Ã³Ã¥Ã¬Ã Ã¿ Ã·Ã¥Ã°Ã²Ã ;;x
china_tribute_send_eunuch_stats_tt;Has an attribute greater than or equal to Â§Y20Â§!;;;;;;;;;;;Ã•Ã®Ã²Ã¿ Ã¡Ã» Ã®Ã¤Ã­Ã  Ã¨Ã§ Ã±Ã¯Ã®Ã±Ã®Ã¡Ã­Ã®Ã±Ã²Ã¥Ã© Ã¤Ã®Ã«Ã¦Ã­Ã  Ã¡Ã»Ã²Ã¼ Ã­Ã¥ Ã¬Ã¥Ã­Ã¼Ã¸Ã¥ Ã·Ã¥Ã¬ Â§Y20Â§!;;x
china_tribute_send_physician_tt;Has NOT sent a physician already;;;;;;;;;;;Ã“Ã¡Ã¥Ã¤Ã¨Ã²Ã¥Ã±Ã¼, Ã·Ã²Ã® ÃÃ… Ã®Ã²Ã¯Ã°Ã Ã¢Ã«Ã¿Ã«Ã¨ Ã«Ã¥ÃªÃ Ã°Ã¿;;x
chinese_administrator_allow_tt;Does NOT have a Scholar-Bureaucrat;;;;;;;;;;;Ã“Ã¡Ã¥Ã¤Ã¨Ã²Ã¥Ã±Ã¼, Ã·Ã²Ã® Ã³Ã¦Ã¥ ÃÃ… Ã­Ã Ã­Ã¿Ã«Ã¨ Ã³Ã·Â¸Ã­Ã®Ã£Ã®-Ã¡Ã¾Ã°Ã®ÃªÃ°Ã Ã²Ã ;;x
chinese_administrator_effect_tt;A scholar-bureaucrat will arrive at your court.\n;;;;;;;;;;;Ã“Ã·Â¸Ã­Ã»Ã©-Ã¡Ã¾Ã°Ã®ÃªÃ°Ã Ã² Ã¯Ã°Ã¨Ã¡Ã³Ã¤Ã¥Ã² Ãª Ã‚Ã Ã¸Ã¥Ã¬Ã³ Ã¤Ã¢Ã®Ã°Ã³.\n;;x
chinese_artifact_effect_tt;You will receive a Â§YChinese ArtifactÂ§!!;;;;;;;;;;;Ã‚Ã» Ã¯Ã®Ã«Ã³Ã·Ã¨Ã²Ã¥ Â§YÃªÃ¨Ã²Ã Ã©Ã±ÃªÃ¨Ã© Ã Ã°Ã²Ã¥Ã´Ã ÃªÃ²Â§!!;;x
chinese_artifact_has_all_tt;Does NOT already have all Chinese artifacts ranging from quality Â§Y1Â§! to Â§Y3Â§!;;;;;;;;;;;Ã“Ã¡Ã¥Ã¤Ã¨Ã²Ã¥Ã±Ã¼, Ã·Ã²Ã® Ã³ Ã‚Ã Ã± ÃÃ…Ã’ Ã¢Ã±Ã¥Ãµ ÃªÃ¨Ã²Ã Ã©Ã±ÃªÃ¨Ãµ Ã Ã°Ã²Ã¥Ã´Ã ÃªÃ²Ã®Ã¢ Ã± ÃªÃ Ã·Ã¥Ã±Ã²Ã¢Ã®Ã¬ Ã®Ã² Â§Y1Â§! Ã¤Ã® Â§Y3Â§!;;x
chinese_emperor_dislikes_THIS_tt;(The Emperor Â§RDislikes [offmap_china.GetDislike]Â§!);;;;;;;;;;;(ÃˆÃ¬Ã¯Ã¥Ã°Ã Ã²Ã®Ã° Â§RÃ­Ã¥ Ã¡Ã«Ã Ã£Ã®Ã¢Ã®Ã«Ã¨Ã² Ãª [offmap_china.GetDislike]Â§!);;x
chinese_emperor_has_ambiguous_feelings_of_THIS_tt;(The Emperor Â§GLikes [offmap_china.GetLike]Â§! but Â§RDislikes [offmap_china.GetDislike]Â§!);;;;;;;;;;;(ÃˆÃ¬Ã¯Ã¥Ã°Ã Ã²Ã®Ã° Â§GÃ¡Ã«Ã Ã£Ã®Ã¢Ã®Ã«Ã¨Ã² Ãª [offmap_china.GetLike]Â§! Ã­Ã® Â§RÃ­Ã¥ Ã¡Ã«Ã Ã£Ã®Ã¢Ã®Ã«Ã¨Ã² Ãª [offmap_china.GetDislike]Â§!);;x
chinese_emperor_likes_THIS_tt;(The Emperor Â§GLikes [offmap_china.GetLike]Â§!);;;;;;;;;;;(ÃˆÃ¬Ã¯Ã¥Ã°Ã Ã²Ã®Ã° Â§GÃ¡Ã«Ã Ã£Ã®Ã¢Ã®Ã«Ã¨Ã² Ãª [offmap_china.GetLike]Â§!);;x
chinese_grace_become_tributary_allow_chinese_influence_tt;Has a realm county in the Chinese Region of Influence\n;;;;;;;;;;;ÃÃ¥Ã®Ã¡ÃµÃ®Ã¤Ã¨Ã¬Ã® Ã¨Ã¬Ã¥Ã²Ã¼ Ã®ÃªÃ°Ã³Ã£ Ã¢ Ã§Ã®Ã­Ã¥ ÃªÃ¨Ã²Ã Ã©Ã±ÃªÃ®Ã£Ã® Ã¢Ã«Ã¨Ã¿Ã­Ã¨Ã¿\n;;x
chinese_grace_become_tributary_allow_eastern_border_tt;Has a realm county bordering the Eastern edge of the map\n;;;;;;;;;;;Ã‹Ã¾Ã¡Ã®Ã© Ã¨Ã§ Ã®ÃªÃ°Ã³Ã£Ã®Ã¢ Ã‚Ã Ã¸Ã¥Ã© Ã±Ã²Ã°Ã Ã­Ã» Ã±Ã®Ã±Ã¥Ã¤Ã±Ã²Ã¢Ã³Ã¥Ã² Ã± Ã‚Ã®Ã±Ã²Ã®Ã·Ã­Ã®Ã© Ã£Ã°Ã Ã­Ã¨Ã¶Ã¥Ã© ÃªÃ Ã°Ã²Ã»\n;;x
chinese_grace_become_tributary_allow_governor_neighbor_tt;Has a realm county bordering the [Root.PrimaryTitle.GetFullName]\n;;;;;;;;;;;[Root.PrimaryTitle.GetFullName] Ã£Ã°Ã Ã­Ã¨Ã·Ã¨Ã² Ã± Ã«Ã¾Ã¡Ã»Ã¬ Ã¨Ã§ Ã®ÃªÃ°Ã³Ã£Ã®Ã¢ Ã‚Ã Ã¸Ã¥Ã© Ã±Ã²Ã°Ã Ã­Ã»\n;;x
chinese_grace_become_tributary_allow_india_tt;Has a coastal realm county in India\n;;;;;;;;;;;Ã‹Ã¾Ã¡Ã®Ã© Ã¨Ã§ Ã®ÃªÃ°Ã³Ã£Ã®Ã¢ Ã­Ã ÃµÃ®Ã¤Ã¨Ã²Ã±Ã¿ Ã­Ã  Ã¡Ã¥Ã°Ã¥Ã£Ã³ ÃˆÃ­Ã¤Ã¨Ã¨\n;;x
chinese_grace_become_tributary_allow_suzerain_tt;Does NOT already have a suzerain\n;;;;;;;;;;;Ã“Ã¡Ã¥Ã¤Ã¨Ã²Ã¥Ã±Ã¼, Ã·Ã²Ã® Ã³Ã¦Ã¥ ÃÃ… Ã¿Ã¢Ã«Ã¿Ã¥Ã²Ã¥Ã±Ã¼ Ã¤Ã Ã­Ã­Ã¨ÃªÃ®Ã¬ ÃªÃ®Ã£Ã®-Ã²Ã® Ã¤Ã°Ã³Ã£Ã®Ã£Ã®\n;;x
chinese_grace_become_tributary_allow_tributary_neighbor_tt;Has a realm county bordering a nation which is a tributary of the [Root.Offmap.GetFullName]\n;;;;;;;;;;;Ã‹Ã¾Ã¡Ã®Ã© Ã¨Ã§ Ã®ÃªÃ°Ã³Ã£Ã®Ã¢ Ã‚Ã Ã¸Ã¥Ã© Ã±Ã²Ã°Ã Ã­Ã» Ã£Ã°Ã Ã­Ã¨Ã·Ã¨Ã² Ã± Ã£Ã®Ã±Ã³Ã¤Ã Ã°Ã±Ã²Ã¢Ã®Ã¬, Ã§Ã Ã¢Ã¨Ã±Ã¨Ã¬Ã»Ã¬ Ã®Ã² Ã¨Ã¬Ã¯Ã¥Ã°Ã¨Ã¨ [Root.Offmap.GetShortName]\n;;x
chinese_grace_doctor_allow_tt;Does NOT have a Court Physician;;;;;;;;;;;Ã“Ã¡Ã¥Ã¤Ã¨Ã²Ã¥Ã±Ã¼, Ã·Ã²Ã® Ã³Ã¦Ã¥ ÃÃ… Ã­Ã Ã­Ã¿Ã«Ã¨ Ã¯Ã°Ã¨Ã¤Ã¢Ã®Ã°Ã­Ã®Ã£Ã® Ã«Ã¥ÃªÃ Ã°Ã¿;;x
chinese_grace_peace_deal_allow_tt;Does NOT have a non-aggression pact or peace deal with the Â§Y[Root.Offmap.GetFullName]Â§! and its Â§Y[Root.Offmap.Governor.GetTitle]Â§!\n;;;;;;;;;;;Ã“Ã¡Ã¥Ã¤Ã¨Ã²Ã¥Ã±Ã¼, Ã·Ã²Ã® ÃÃ… Ã§Ã ÃªÃ«Ã¾Ã·Ã Ã«Ã¨ Ã¯Ã ÃªÃ² Ã® Ã­Ã¥Ã­Ã Ã¯Ã Ã¤Ã¥Ã­Ã¨Ã¨ Ã± Â§YÃ¨Ã¬Ã¯Ã¥Ã°Ã¨Ã¥Ã© [Root.Offmap.GetShortName]Â§! Ã¨ Ã¥Â¸ Â§YÃ­Ã Ã¬Ã¥Ã±Ã²Ã­Ã¨[Root.Offmap.Governor.GetTseyKom]Â§!\n;;x
chinese_grace_peace_deal_effect_tt;\nDuring the peace deal, the Â§Y[Root.Offmap.GetFullName]Â§! and its Â§Y[Root.Offmap.Governor.GetTitle]Â§! will not declare war on you. It will last for Â§Y50Â§! years or until the dynasty of the [Root.Offmap.Ruler.GetTitle], [Root.Offmap.Ruler.GetOnlyDynastyName], ends.;;;;;;;;;;;\nÃÃ®ÃªÃ  Ã¤Ã¥Ã©Ã±Ã²Ã¢Ã³Ã¥Ã² Ã¬Ã¨Ã°Ã­Ã®Ã¥ Ã±Ã®Ã£Ã«Ã Ã¸Ã¥Ã­Ã¨Ã¥, Â§Y[Root.Offmap.GetFullName]Â§! Ã¨ Â§Y[Root.Offmap.GovernorTitle.GetName]Â§! Ã­Ã¥ Ã¡Ã³Ã¤Ã³Ã² Ã®Ã¡ÃºÃ¿Ã¢Ã«Ã¿Ã²Ã¼ Ã‚Ã Ã¬ Ã¢Ã®Ã©Ã­Ã³. ÃÃ²Ã® Ã¯Ã°Ã®Ã¤Ã«Ã¨Ã²Ã±Ã¿ Â§Y50Â§! Ã«Ã¥Ã² Ã¨Ã«Ã¨ Ã¤Ã® Ã²Ã¥Ãµ Ã¯Ã®Ã°, Ã¯Ã®ÃªÃ  Ã¤Ã¨Ã­Ã Ã±Ã²Ã¨Ã¿ [Root.Offmap.Ruler.GetOnlyDynastyName] Ã­Ã¥ Ã¯Ã Ã¤Â¸Ã².;;x
chinese_grace_send_gift_allow_tt;Has NOT gifted money to the Â§Y[Root.Offmap.Ruler.GetShortChineseEmperorName]Â§! within the last 15 years;;;;;;;;;;;Ã“Ã¡Ã¥Ã¤Ã¨Ã²Ã¥Ã±Ã¼, Ã·Ã²Ã® ÃÃ… Ã¯Ã®Ã±Ã»Ã«Ã Ã«Ã¨ Ã¯Ã®Ã¤Ã Ã°Ã®Ãª Â§Y[Root.Offmap.Ruler.GetShortChineseEmperorNameDAT]Â§! Ã¢ Ã¯Ã®Ã±Ã«Ã¥Ã¤Ã­Ã¨Ã¥ 15 Ã«Ã¥Ã²;;x
chinese_grace_supply_horses_not_already_supplying_tt;Is NOT already supplying horses;;;;;;;;;;;Ã“Ã¡Ã¥Ã¤Ã¨Ã²Ã¥Ã±Ã¼, Ã·Ã²Ã® Ã³Ã¦Ã¥ ÃÃ… Ã¯Ã®Ã±Ã²Ã Ã¢Ã«Ã¿Ã¥Ã²Ã¥ Ã«Ã®Ã¸Ã Ã¤Ã¥Ã©;;x
chinese_grace_supply_horses_stopped_supplying_tt;Has NOT previously chosen to stop supplying horses;;;;;;;;;;;Ã“Ã¡Ã¥Ã¤Ã¨Ã²Ã¥Ã±Ã¼, Ã·Ã²Ã® ÃÃ… Ã¯Ã°Ã¥Ã°Ã»Ã¢Ã Ã«Ã¨ Ã¯Ã®Ã±Ã²Ã Ã¢ÃªÃ¨ Ã«Ã®Ã¸Ã Ã¤Ã¥Ã© Ã°Ã Ã­Ã¼Ã¸Ã¥;;x
chinese_imperial_marriage_peace_deal_effect_tt;This marriage will secure a peace deal during which the Â§Y[offmap_china.GetFullName]Â§! and its Â§Y[offmap_china.Governor.GetTitle]Â§! will not declare war on you. It will last for Â§Y50Â§! years or until the dynasty of the [offmap_china.Ruler.GetTitle], [offmap_china.Ruler.GetOnlyDynastyName], ends.;;;;;;;;;;;ÃÃ²Ã®Ã² Ã¡Ã°Ã Ãª Ã¯Ã®Ã¤Ã°Ã Ã§Ã³Ã¬Ã¥Ã¢Ã Ã¥Ã² Ã§Ã ÃªÃ«Ã¾Ã·Ã¥Ã­Ã¨Ã¥ Ã¬Ã¨Ã°Ã­Ã®Ã£Ã® Ã¤Ã®Ã£Ã®Ã¢Ã®Ã°Ã , Ã¯Ã°Ã¨ ÃªÃ®Ã²Ã®Ã°Ã®Ã¬ Â§Y[offmap_china.GetFullName]Â§! Ã¨ Â§Y[offmap_china.GovernorTitle.GetName]Â§! Ã­Ã¥ Ã±Ã¬Ã®Ã£Ã³Ã² Ã®Ã¡ÃºÃ¿Ã¢Ã«Ã¿Ã²Ã¼ Ã‚Ã Ã¬ Ã¢Ã®Ã©Ã­Ã³. ÃÃ²Ã® Ã¯Ã°Ã®Ã¤Ã«Ã¨Ã²Ã±Ã¿ Â§Y50Â§! Ã«Ã¥Ã² Ã¨Ã«Ã¨ Ã¯Ã®ÃªÃ  Ã­Ã¥ Ã¯Ã Ã¤Â¸Ã² Ã¤Ã¨Ã­Ã Ã±Ã²Ã¨Ã¿ [offmap_china.Ruler.GetOnlyDynastyName].;;x
chinese_imperial_marriage_peace_deal_tt;You will enter into a peace deal with the Â§Y[offmap_china.GetFullName]Â§!.;;;;;;;;;;;Â§Y[offmap_china.GetFullName]Â§!: Ã¬Ã¨Ã°Ã­Ã®Ã¥ Ã±Ã®Ã£Ã«Ã Ã¸Ã¥Ã­Ã¨Ã¥;;x
chinese_imperial_marriage_prince_effect_tt;An imperial prince of the Â§Y[Root.Offmap.GetFullName]Â§! arrives to marry Â§Y[FromFrom.GetTitledFirstName]Â§!.;;;;;;;;;;;Â§Y[FromFrom.GetTitledFirstName]Â§! Ã¢Ã»Ã©Ã¤Ã¥Ã² Ã§Ã Ã¬Ã³Ã¦ Ã§Ã  Ã¯Ã°Ã¨Ã­Ã¶Ã  Â§YÃ¨Ã¬Ã¯Ã¥Ã°Ã¨Ã¨ [Root.Offmap.GetShortName]Â§!;;x
chinese_imperial_marriage_princess_effect_tt;An imperial princess of the Â§Y[Root.Offmap.GetFullName]Â§! arrives to marry Â§Y[FromFrom.GetTitledFirstName]Â§!.;;;;;;;;;;;Â§Y[FromFrom.GetTitledFirstName]Â§! Ã¦Ã¥Ã­Ã¨Ã²Ã±Ã¿ Ã­Ã  Ã¯Ã°Ã¨Ã­Ã¶Ã¥Ã±Ã±Ã¥ Â§YÃ¨Ã¬Ã¯Ã¥Ã°Ã¨Ã¨ [Root.Offmap.GetShortName]Â§!;;x
chinese_master_engineer_allow_tt;Does NOT have a Master Engineer;;;;;;;;;;;Ã“Ã¡Ã¥Ã¤Ã¨Ã²Ã¥Ã±Ã¼, Ã·Ã²Ã® ÃÃ… Ã­Ã Ã­Ã¨Ã¬Ã Ã«Ã¨ Ã£Ã«Ã Ã¢Ã­Ã®Ã£Ã® Ã¨Ã­Ã¦Ã¥Ã­Ã¥Ã°Ã ;;x
chinese_master_engineer_effect_tt;A master engineer will join your court. While employed, they will build constructions and machines throughout your demesne, adding various bonuses to your economy, military, and technology.;;;;;;;;;;;ÃƒÃ«Ã Ã¢Ã­Ã»Ã© Ã¨Ã­Ã¦Ã¥Ã­Ã¥Ã° Ã¯Ã°Ã¨Ã¡Ã³Ã¤Ã¥Ã² Ãª Ã‚Ã Ã¸Ã¥Ã¬Ã³ Ã¤Ã¢Ã®Ã°Ã³. ÃŠÃ®Ã£Ã¤Ã  Ã®Ã­ Ã¯Ã°Ã¨Ã¡Ã³Ã¤Ã¥Ã², Ã­Ã Ã·Ã­Â¸Ã² Ã±Ã²Ã°Ã®Ã¨Ã²Ã¥Ã«Ã¼Ã±Ã²Ã¢Ã® Ã±Ã®Ã®Ã°Ã³Ã¦Ã¥Ã­Ã¨Ã© Ã¨ Ã¬Ã¥ÃµÃ Ã­Ã¨Ã§Ã¬Ã®Ã¢ Ã¢ Ã‚Ã Ã¸Ã¨Ãµ Ã«Ã¨Ã·Ã­Ã»Ãµ Ã§Ã¥Ã¬Ã«Ã¿Ãµ, ÃªÃ®Ã²Ã®Ã°Ã»Ã¥ Ã¤Ã Ã¾Ã² Ã¡Ã®Ã­Ã³Ã± Ãª Ã½ÃªÃ®Ã­Ã®Ã¬Ã¨ÃªÃ¥, Ã¢Ã®Ã¥Ã­Ã­Ã®Ã© Ã±Ã´Ã¥Ã°Ã¥ Ã¨ Ã²Ã¥ÃµÃ­Ã®Ã«Ã®Ã£Ã¨Ã¿Ã¬.;;x
chinese_request_invasion_defeated_china_tt;Has NOT defeated China in a war;;;;;;;;;;;Ã“Ã¡Ã¥Ã¤Ã¨Ã²Ã¥Ã±Ã¼, Ã·Ã²Ã® ÃÃ… Ã¯Ã®Ã¡Ã¥Ã¦Ã¤Ã Ã«Ã¨ ÃŠÃ¨Ã²Ã Ã© Ã¢ Ã¢Ã®Ã©Ã­Ã¥;;x
chinese_request_invasion_rel_head_tt;Does NOT hold a religious head title that is higher tier than Â§YDukeÂ§!;;;;;;;;;;;Ã“Ã¡Ã¥Ã¤Ã¨Ã²Ã¥Ã±Ã¼, Ã·Ã²Ã® ÃÃ… Ã¢Ã«Ã Ã¤Ã¥Ã¥Ã²Ã¥ Ã²Ã¨Ã²Ã³Ã«Ã®Ã¬ Ã°Ã¥Ã«Ã¨Ã£Ã¨Ã®Ã§Ã­Ã®Ã£Ã® Ã£Ã«Ã Ã¢Ã» Ã± Ã°Ã Ã­Ã£Ã®Ã¬ Ã¢Ã»Ã¸Ã¥ Â§YÃ£Ã¥Ã°Ã¶Ã®Ã£Ã±ÃªÃ®Ã£Ã®Â§!;;x
chinese_siege_engineers_effect_tt;Three Siege Engineers join your court. These characters are exceptional in the art of undermining fortifications using explosives and constructing siege towers to scale walls.\n;;;;;;;;;;;Ã’Ã°Ã¨ Ã®Ã±Ã Ã¤Ã­Ã»Ãµ Ã¨Ã­Ã¦Ã¥Ã­Ã¥Ã°Ã  Ã¯Ã°Ã¨Ã¡Ã³Ã¤Ã³Ã² Ãª Ã‚Ã Ã¸Ã¥Ã¬Ã³ Ã¤Ã¢Ã®Ã°Ã³. ÃÃ­Ã¨ - Ã¯Ã°Ã¥ÃªÃ°Ã Ã±Ã­Ã»Ã¥ Ã±Ã¯Ã¥Ã¶Ã¨Ã Ã«Ã¨Ã±Ã²Ã» Ã¢ Ã¯Ã®Ã¤Ã°Ã»Ã¢Ã¥ Ã¢Ã°Ã Ã¦Ã¥Ã±ÃªÃ¨Ãµ Ã³ÃªÃ°Ã¥Ã¯Ã«Ã¥Ã­Ã¨Ã© Ã¨ Ã±Ã²Ã°Ã®Ã¨Ã²Ã¥Ã«Ã¼Ã±Ã²Ã¢Ã¥ Ã±Ã®Ã®Ã°Ã³Ã¦Ã¥Ã­Ã¨Ã© Ã¤Ã«Ã¿ Ã®Ã±Ã Ã¤Ã» Ã¢Ã»Ã±Ã®ÃªÃ¨Ãµ Ã±Ã²Ã¥Ã­.\n;;x
chinese_silk_road_favored_status_modifier_tt;All trade post provinces in the realm of Â§Y[From.PrimaryTitle.GetName]Â§! gains Â§G100%Â§! increased trade income for 25 years.;;;;;;;;;;;Ã‚Ã±Ã¥ Â§Y[From.PrimaryTitle.GetAdjective]Ã±ÃªÃ¨Ã¥Â§! Ã®ÃªÃ°Ã³Ã£Ã  Ã± Ã²Ã®Ã°Ã£Ã®Ã¢Ã»Ã¬Ã¨ Ã¯Ã®Ã±Ã²Ã Ã¬Ã¨ Ã¯Ã®Ã¢Ã»Ã±Ã¿Ã² Ã±Ã¢Ã®Ã© Ã¤Ã®ÃµÃ®Ã¤ Ã­Ã  Â§G100%Â§! Ã­Ã  Ã±Ã«Ã¥Ã¤Ã³Ã¾Ã¹Ã¨Ã¥ 25 Ã«Ã¥Ã².;;x
chinese_strategist_effect_tt;A strategist joins your court. From time to time, they will attempt to teach other soldiers about Chinese strategies.\n;;;;;;;;;;;Ã‘Ã²Ã°Ã Ã²Ã¥Ã£ Ã¯Ã°Ã¨Ã¡Ã³Ã¤Ã¥Ã² Ãª Ã‚Ã Ã¸Ã¥Ã¬Ã³ Ã¤Ã¢Ã®Ã°Ã³. Ã‚Ã°Ã¥Ã¬Ã¿ Ã®Ã² Ã¢Ã°Ã¥Ã¬Ã¥Ã­Ã¨, Ã®Ã­ Ã¡Ã³Ã¤Ã¥Ã² Ã®Ã¡Ã³Ã·Ã Ã²Ã¼ Ã±Ã®Ã«Ã¤Ã Ã² ÃªÃ¨Ã²Ã Ã©Ã±ÃªÃ®Ã© Ã¢Ã®Ã¥Ã­Ã­Ã®Ã© Ã±Ã²Ã°Ã Ã²Ã¥Ã£Ã¨Ã¨.\n;;x
chinese_strategist_effect_2_tt;A strategist joins your court.;;;;;;;;;;;Ã‘Ã²Ã°Ã Ã²Ã¥Ã£ Ã¯Ã°Ã¨Ã¡Ã³Ã¤Ã¥Ã² Ãª Ã‚Ã Ã¸Ã¥Ã¬Ã³ Ã¤Ã¢Ã®Ã°Ã³.;;x
chinese_tribute_become_tributary_cooldown_tt;Has NOT broken free from being a tributary in 30 years;;;;;;;;;;;Ã“Ã¡Ã¥Ã¤Ã¨Ã²Ã¥Ã±Ã¼, Ã·Ã²Ã® ÃÃ… Ã¡Ã»Ã«Ã® Ã®Ã±Ã¢Ã®Ã¡Ã®Ã¦Ã¤Ã¥Ã­Ã¨Ã¿ Ã®Ã² Ã¤Ã Ã­Ã¨ Ã§Ã  Ã¯Ã®Ã±Ã«Ã¥Ã¤Ã­Ã¨Ã¥ 30 Ã«Ã¥Ã²;;x
choose_a_topic_tt;Choose a topic worthy of discussing.;;;;;;;;;;;Ã‚Ã»Ã¡Ã°Ã Ã²Ã¼ Ã²Ã¥Ã¬Ã³, Ã¤Ã®Ã±Ã²Ã®Ã©Ã­Ã³Ã¾ Ã°Ã Ã±Ã±Ã¬Ã®Ã²Ã°Ã¥Ã­Ã¨Ã¿.;;x
choose_school_taoist;Choose Taoist School;;;;;;;;;;;Ã‚Ã»Ã¡Ã°Ã Ã²Ã¼ Ã¤Ã Ã®Ã±Ã±ÃªÃ³Ã¾ Ã¸ÃªÃ®Ã«Ã³;;x
confess_faith_already_has_secret_rel_tt;[Root.GetTitledName] continues to secretly practice the [Root.SecretReligion.GetName] religion.;;;;;;;;;;;[Root.GetTitledFirstName] Ã¯Ã°Ã®Ã¤Ã®Ã«Ã¦Ã¨Ã² Ã²Ã Ã©Ã­Ã® Ã¨Ã±Ã¯Ã®Ã¢Ã¥Ã¤Ã®Ã¢Ã Ã²Ã¼ [Root.GetSecretReligionFullName].;;x
confess_faith_courtiers_decision_tooltip;Any non-zealous courtiers of your religion will have a chance of joining you in falsely confessing their faith.;;;;;;;;;;;ÃŠÃ Ã¦Ã¤Ã»Ã© Ã¯Ã°Ã¨Ã¤Ã¢Ã®Ã°Ã­Ã»Ã© Ã‚Ã Ã¸Ã¥Ã© Ã¢Ã¥Ã°Ã», Ã­Ã¥ Ã®Ã²Ã«Ã¨Ã·Ã Ã¾Ã¹Ã¨Ã©Ã±Ã¿ Ã­Ã Ã¡Ã®Ã¦Ã­Ã®Ã±Ã²Ã¼Ã¾, Ã¯Ã®Ã«Ã³Ã·Ã¨Ã² Ã¸Ã Ã­Ã± Ã±Ã®Ã¢Ã¥Ã°Ã¸Ã¨Ã²Ã¼ Ã¯Ã°Ã¨Ã²Ã¢Ã®Ã°Ã­Ã®Ã¥ Ã¯Ã°Ã¨Ã§Ã­Ã Ã­Ã¨Ã¥ Ã¢Ã¬Ã¥Ã±Ã²Ã¥ Ã± Ã‚Ã Ã¬Ã¨ Ã¢ Ã±Ã¢Ã®Â¸Ã¬ Ã­Ã¥Ã­Ã Ã±Ã²Ã®Ã¿Ã¹Ã¥Ã¬ Ã¢Ã¥Ã°Ã®Ã¨Ã±Ã¯Ã®Ã¢Ã¥Ã¤Ã Ã­Ã¨Ã¨.;;x
courtier_from_china_trigger_tt;Is a courtier from China;;;;;;;;;;;ÃÃ²Ã® Ã¯Ã°Ã¨Ã¤Ã¢Ã®Ã°Ã­Ã»Ã© Ã¨Ã§ ÃŠÃ¨Ã²Ã Ã¿;;x
create_ashokas_chosen_tooltip;The Holy Order Â§YChosen of AshokaÂ§! is established.;;;;;;;;;;;ÃÃ³Ã¤Ã¥Ã² Ã®Ã±Ã­Ã®Ã¢Ã Ã­ Ã¤Ã³ÃµÃ®Ã¢Ã­Ã»Ã© Ã®Ã°Ã¤Ã¥Ã­ Â§YÃˆÃ§Ã¡Ã°Ã Ã­Ã­Ã»Ã¥ Ã€Ã¸Ã®ÃªÃ®Ã©Â§!.;;x
create_bulls_rishabha_tooltip;The Holy Order Â§YBulls of RishabhaÂ§! is established.;;;;;;;;;;;ÃÃ³Ã¤Ã¥Ã² Ã®Ã±Ã­Ã®Ã¢Ã Ã­ Ã¤Ã³ÃµÃ®Ã¢Ã­Ã»Ã© Ã®Ã°Ã¤Ã¥Ã­ Â§YÃ‚Ã¥Ã°Ã­Ã»Ã¥ Ã¡Ã»ÃªÃ¨ ÃÃ¨Ã¸Ã Ã¡ÃµÃ¨Â§!.;;x
create_followers_arjuna_tooltip;The Holy Order Â§YFollowers of ArjunaÂ§! is established.;;;;;;;;;;;ÃÃ³Ã¤Ã¥Ã² Ã®Ã±Ã­Ã®Ã¢Ã Ã­ Ã¤Ã³ÃµÃ®Ã¢Ã­Ã»Ã© Ã®Ã°Ã¤Ã¥Ã­ Â§YÃÃ®Ã±Ã«Ã¥Ã¤Ã®Ã¢Ã Ã²Ã¥Ã«Ã¨ Ã€Ã°Ã¤Ã¦Ã³Ã­Ã»Â§!.;;x
custom_opinion_hit_tooltip;The opinion of all Â§YLanded CharactersÂ§! of your Â§YReligious GroupÂ§! in your Â§YRealmÂ§! and the realm of Â§Y[From.GetTitledFirstName]Â§! changes by Â§R-15Â§! for Â§Y10Â§! years. Â§Y(Declared Unjust War)Â§!;;;;;;;;;;;ÃŒÃ­Ã¥Ã­Ã¨Ã¥ Ã¢Ã±Ã¥Ãµ Â§YÃ®Ã¡Ã«Ã Ã¤Ã Ã¾Ã¹Ã¨Ãµ Ã§Ã¥Ã¬Ã«Ã¿Ã¬Ã¨Â§!, Ã¯Ã°Ã¨Ã­Ã Ã¤Ã«Ã¥Ã¦Ã Ã¹Ã¨Ãµ Ãª Ã‚Ã Ã¸Ã¥Ã© Â§YÃ°Ã¥Ã«Ã¨Ã£Ã¨Ã®Ã§Ã­Ã®Ã© Ã£Ã°Ã³Ã¯Ã¯Ã¥Â§! Ã¢ Ã¯Ã°Ã¥Ã¤Ã¥Ã«Ã Ãµ Ã‚Ã Ã¸Ã¥Ã© Â§YÃ±Ã²Ã°Ã Ã­Ã»Â§! Ã¨ Ã±Ã²Ã°Ã Ã­Ã», Ãª ÃªÃ®Ã²Ã®Ã°Ã®Ã© Ã¯Ã°Ã¨Ã­Ã Ã¤Ã«Ã¥Ã¦Ã¨Ã² Â§Y[From.GetTitledFirstName]Â§!, Ã® Ã‚Ã Ã± Ã³ÃµÃ³Ã¤Ã¸Ã¨Ã²Ã±Ã¿ Ã­Ã  Â§R-15Â§!, Ã½Ã´Ã´Ã¥ÃªÃ² Ã¯Ã°Ã®Ã¤Ã«Ã¨Ã²Ã±Ã¿ Â§Y10Â§! Ã«Ã¥Ã². Â§Y(ÃÃ¥Ã§Ã ÃªÃ®Ã­Ã­Ã Ã¿ Ã¢Ã®Ã©Ã­Ã )Â§!;;x
custom_opinion_hit_tooltip_enemy;The opinion of all Â§YLanded CharactersÂ§! of the Â§Y[From.Religion.GetName]Â§! religion in your Â§YRealmÂ§! and the realm of Â§Y[From.GetTitledFirstName]Â§! changes by Â§R-15Â§! for Â§Y10Â§! years. Â§Y(Declared Unjust War)Â§!;;;;;;;;;;;ÃŒÃ­Ã¥Ã­Ã¨Ã¥ Ã¢Ã±Ã¥Ãµ Â§YÃ®Ã¡Ã«Ã Ã¤Ã Ã¾Ã¹Ã¨Ãµ Ã§Ã¥Ã¬Ã«Ã¿Ã¬Ã¨Â§!, Ã¨Ã±Ã¯Ã®Ã¢Ã¥Ã¤Ã³Ã¾Ã¹Ã¨Ãµ Â§Y[From.GetReligionFullName]Â§! Ã¢ Ã¯Ã°Ã¥Ã¤Ã¥Ã«Ã Ãµ Ã‚Ã Ã¸Ã¥Ã© Â§YÃ±Ã²Ã°Ã Ã­Ã»Â§! Ã¨ Ã±Ã²Ã°Ã Ã­Ã», Ãª ÃªÃ®Ã²Ã®Ã°Ã®Ã© Ã¯Ã°Ã¨Ã­Ã Ã¤Ã«Ã¥Ã¦Ã¨Ã² Â§Y[From.GetTitledFirstName]Â§!, Ã® Ã‚Ã Ã± Ã³ÃµÃ³Ã¤Ã¸Ã¨Ã²Ã±Ã¿ Ã­Ã  Â§R-15Â§!, Ã½Ã´Ã´Ã¥ÃªÃ² Ã¯Ã°Ã®Ã¤Ã«Ã¨Ã²Ã±Ã¿ Â§Y10Â§! Ã«Ã¥Ã². Â§Y(ÃÃ¥Ã§Ã ÃªÃ®Ã­Ã­Ã Ã¿ Ã¢Ã®Ã©Ã­Ã )Â§!;;x
custom_tooltip_choose_patron_diety;Choose a Patron Diety;;;;;;;;;;;Ã‚Ã»Ã¡Ã°Ã Ã²Ã¼ Ã¡Ã®Ã¦Ã¥Ã±Ã²Ã¢Ã®-Ã¯Ã®ÃªÃ°Ã®Ã¢Ã¨Ã²Ã¥Ã«Ã¿;;x
dangerous_negotiations_tt;Â§Y[Root.GetFullName]Â§! will present an offer - if you choose to decline this offer there is nothing stopping [Root.GetHerHim] from continuing to raid your lands.;;;;;;;;;;;Â§Y[Root.GetFullName]Â§! Ã®Ã§Ã¢Ã³Ã·Ã¨Ã² Ã±Ã¢Ã®Â¸ Ã¯Ã°Ã¥Ã¤Ã«Ã®Ã¦Ã¥Ã­Ã¨Ã¥. Ã…Ã±Ã«Ã¨ Ã‚Ã» Ã®Ã²Ã¢Ã¥Ã°Ã£Ã­Ã¥Ã²Ã¥ Ã¥Ã£Ã®, Ã­Ã¨Ã·Ã²Ã® Ã­Ã¥ Ã¯Ã®Ã¬Ã¥Ã¸Ã Ã¥Ã² [Root.GetHerHim] Ã¯Ã°Ã®Ã¤Ã®Ã«Ã¦Ã¨Ã²Ã¼ Ã­Ã Ã¡Ã¥Ã£Ã¨ Ã­Ã  Ã‚Ã Ã¸Ã¨ Ã§Ã¥Ã¬Ã«Ã¨.;;x
defeated_decadence_revolt;Defeated Decadence Invasion;;;;;;;;;;;ÃÃ®Ã¡Ã¥Ã¤Ã  Ã­Ã Ã¤ Ã¢Ã²Ã®Ã°Ã¦Ã¥Ã­Ã¨Ã¥Ã¬ Ã¯Ã°Ã®Ã²Ã¨Ã¢ Ã³Ã¯Ã Ã¤ÃªÃ ;;x
defeated_decadence_revolt_desc;This character has defeated a decadence invasion - for as long as they rule the largest realm among all of their Dynasty, they will not be considered decadent.;;;;;;;;;;;ÃÃ²[GetEtaEtot] [GetAgedPerson] Ã³Ã±Ã¯Ã¥Ã¸Ã­Ã® Ã®Ã²Ã¡Ã¨Ã«[GetEndA] Ã¢Ã²Ã®Ã°Ã¦Ã¥Ã­Ã¨Ã¥ Ã¯Ã°Ã®Ã²Ã¨Ã¢ Ã³Ã¯Ã Ã¤ÃªÃ , ÃªÃ®Ã²Ã®Ã°Ã®Ã¥ Ã­Ã Ã·Ã Ã«Ã¨ [GetHersHis] Ã¢Ã°Ã Ã£Ã¨. Ã„Ã® Ã²Ã¥Ãµ Ã¯Ã®Ã°, Ã¯Ã®ÃªÃ  [GetSheHe] Ã¯Ã°Ã Ã¢Ã¨Ã² ÃªÃ°Ã³Ã¯Ã­Ã¥Ã©Ã¸Ã¨Ã¬ Ã£Ã®Ã±Ã³Ã¤Ã Ã°Ã±Ã²Ã¢Ã®Ã¬ Ã±Ã°Ã¥Ã¤Ã¨ Ã·Ã«Ã¥Ã­Ã®Ã¢ [GetHersHis] Ã¤Ã¨Ã­Ã Ã±Ã²Ã¨Ã¨, [GetHersHis] Ã­Ã¨ÃªÃ²Ã® Ã­Ã¥ Ã¯Ã®Ã±Ã¬Ã¥Ã¥Ã² Ã­Ã Ã§Ã¢Ã Ã²Ã¼ Ã¤Ã¥ÃªÃ Ã¤Ã¥Ã­Ã²[GetKoyOm].;;x
dislikes_tt;(Â§RDislikes [This.GetDislike]Â§!);;;;;;;;;;;(Â§RÃÃ°Ã¥Ã§Ã¨Ã°Ã Ã¥Ã² [This.GetDislikeACC]Â§!);;x
dismantle_pretender_china_success_tt;[This.GetTitledName] will have [This.GetHerHis] Empire dismantled by [offmap_china.Ruler.GetMediumChineseEmperorName], the true Son of Heaven.;;;;;;;;;;;[This.GetTitledName] Ã«Ã¨Ã¸Ã¨Ã²Ã±Ã¿ Ã±Ã¢Ã®Ã¥Ã© Ã¨Ã¬Ã¯Ã¥Ã°Ã¨Ã¨, Ã¯Ã®Ã²Ã®Ã¬Ã³ Ã·Ã²Ã® [offmap_china.Ruler.GetEmpressEmperorCap] [offmap_china.Ruler.GetFirstName], Ã¨Ã±Ã²Ã¨Ã­Ã­[offmap_china.Ruler.GetAyaYy] [offmap_china.Ruler.GetDaughterSonCap] ÃÃ¥Ã¡Ã¥Ã±, Ã±Ã®ÃªÃ°Ã³Ã¸Ã¨Ã² [This.GetHersHis].;;x
earmarked_regiments_tt;Has NOT already raised the Honor Guard;;;;;;;;;;;Ã“Ã¡Ã¥Ã¤Ã¨Ã²Ã¥Ã±Ã¼, Ã·Ã²Ã® Ã³Ã¦Ã¥ ÃÃ… Ã¯Ã°Ã¨Ã§Ã»Ã¢Ã Ã«Ã¨ Ã¨Ã¬Ã¯Ã¥Ã°Ã Ã²Ã®Ã°Ã±ÃªÃ³Ã¾ Ã£Ã¢Ã Ã°Ã¤Ã¨Ã¾;;x
emperor_dislikes_THIS_tt;(Â§RThe Emperor Dislikes [This.GetDislike]Â§!);;;;;;;;;;;(Â§R[offmap_china.Ruler.GetEmpressEmperorCap] Ã¯Ã°Ã¥Ã§Ã¨Ã°Ã Ã¥Ã² [This.GetDislikeACC]Â§!);;x
emperor_has_ambiguous_feelings_of_THIS_tt;(The Emperor Â§GLikes [This.GetLike]Â§! but Â§RDislikes [This.GetDislike]Â§!);;;;;;;;;;;(Â§G[offmap_china.Ruler.GetEmpressEmperorCap] Ã«Ã¾Ã¡Ã¨Ã² [This.GetLikeACC]Â§!, Ã­Ã® Â§RÃ¯Ã°Ã¥Ã§Ã¨Ã°Ã Ã¥Ã² [This.GetDislikeACC]Â§!);;x
emperor_likes_THIS_tt;(The Emperor Â§GLikes [This.GetLike]Â§!);;;;;;;;;;;(Â§G[offmap_china.Ruler.GetEmpressEmperorCap] Ã«Ã¾Ã¡Ã¨Ã² [This.GetLikeACC]Â§!);;x
employ_a_smith_armor_search_tt;You will send out word that you are in need of an Â§YarmorsmithÂ§!.;;;;;;;;;;;Ã‚Ã» Ã±Ã®Ã®Ã¡Ã¹Ã¨Ã²Ã¥, Ã·Ã²Ã® Ã¨Ã¹Ã¥Ã²Ã¥ Â§YÃ¬Ã Ã±Ã²Ã¥Ã°Ã -Ã¡Ã°Ã®Ã­Ã­Ã¨ÃªÃ Â§!.;;x
employ_a_smith_cooldown_tt;Has NOT attempted to employ a smith in the past 2 years[Root.GetSmithCD];;;;;;;;;;;Ã“Ã¡Ã¥Ã¤Ã¨Ã²Ã¥Ã±Ã¼, Ã·Ã²Ã® ÃÃ… Ã¡Ã»Ã«Ã® Ã¯Ã®Ã¯Ã»Ã²Ã®Ãª Ã­Ã Ã­Ã¿Ã²Ã¼ Ã°Ã¥Ã¬Ã¥Ã±Ã«Ã¥Ã­Ã­Ã¨ÃªÃ  Ã§Ã  Ã¯Ã®Ã±Ã«Ã¥Ã¤Ã­Ã¨Ã¥ 2 Ã£Ã®Ã¤Ã [Root.GetSmithCD];;x
employ_a_smith_gold_search_tt;You will send out word that you are in need of a Â§YgoldsmithÂ§!.;;;;;;;;;;;ÃÃ Ã§Ã®Ã±Ã«Ã Ã²Ã¼ Ã¢Ã¥Ã±Ã²Ã¨ Ã® Ã²Ã®Ã¬, Ã·Ã²Ã® Ã‚Ã» Ã¨Ã¹Ã¥Ã²Ã¥ Â§YÃ¬Ã Ã±Ã²Ã¥Ã°Ã -Ã¾Ã¢Ã¥Ã«Ã¨Ã°Ã Â§!.;;x
employ_a_smith_master_smith_tt;This option is available as [From.GetMasterMistressCap] [From.GetFirstName] is a smith of extremely high skill.;;;;;;;;;;;ÃÃ²Ã®Ã² Ã¢Ã Ã°Ã¨Ã Ã­Ã² Ã¤Ã®Ã±Ã²Ã³Ã¯Ã¥Ã­ Ã‚Ã Ã¬, Ã¯Ã®Ã²Ã®Ã¬Ã³ Ã·Ã²Ã® [From.GetSmithMalePrefix][From.GetFirstName][From.GetSmithFemalePostfix] Ã®Ã¡Ã«Ã Ã¤Ã Ã¥Ã² Ã­Ã¥Ã®Ã¡Ã»Ã·Ã Ã©Ã­Ã® Ã¢Ã»Ã±Ã®ÃªÃ¨Ã¬Ã¨ Ã­Ã Ã¢Ã»ÃªÃ Ã¬Ã¨.;;x
employ_a_smith_no_armor_tt;Does NOT own any armor forged by an armorsmith;;;;;;;;;;;Ã“Ã¡Ã¥Ã¤Ã¨Ã²Ã¥Ã±Ã¼, Ã·Ã²Ã® ÃÃ… Ã¢Ã«Ã Ã¤Ã¥Ã¥Ã² Ã¤Ã®Ã±Ã¯Ã¥ÃµÃ Ã¬Ã¨, Ã¨Ã§Ã£Ã®Ã²Ã®Ã¢Ã«Ã¥Ã­Ã­Ã»Ã¬Ã¨ Ã¡Ã°Ã®Ã­Ã­Ã¨ÃªÃ®Ã¬;;x
employ_a_smith_no_crowns_tt;Does NOT own any jewels forged by a goldsmith;;;;;;;;;;;Ã“Ã¡Ã¥Ã¤Ã¨Ã²Ã¥Ã±Ã¼, Ã·Ã²Ã® ÃÃ… Ã¢Ã«Ã Ã¤Ã¥Ã¥Ã²Ã¥ Ã¤Ã°Ã Ã£Ã®Ã¶Ã¥Ã­Ã­Ã®Ã±Ã²Ã¿Ã¬Ã¨, Ã¨Ã§Ã£Ã®Ã²Ã®Ã¢Ã«Ã¥Ã­Ã­Ã»Ã¬Ã¨ Ã¾Ã¢Ã¥Ã«Ã¨Ã°Ã®Ã¬;;x
employ_a_smith_no_weapons_tt;Does NOT own any weapons forged by a weaponsmith;;;;;;;;;;;Ã“Ã¡Ã¥Ã¤Ã¨Ã²Ã¥Ã±Ã¼, Ã·Ã²Ã® ÃÃ… Ã¢Ã«Ã Ã¤Ã¥Ã¥Ã²Ã¥ Ã®Ã°Ã³Ã¦Ã¨Ã¥Ã¬, Ã¨Ã§Ã£Ã®Ã²Ã®Ã¢Ã«Ã¥Ã­Ã­Ã»Ã¬ Ã®Ã°Ã³Ã¦Ã¥Ã©Ã­Ã¨ÃªÃ®Ã¬;;x
employ_a_smith_stewardship_tt;The Â§YtraitsÂ§! and Â§YstewardshipÂ§! of the smith will impact the outcome of your request. At extremely high levels they can be asked to forge you a true unique masterpiece.;;;;;;;;;;;Â§YÃ—Ã¥Ã°Ã²Ã» ÃµÃ Ã°Ã ÃªÃ²Ã¥Ã°Ã Â§! Ã¨ Ã­Ã Ã¢Ã»ÃªÃ¨ Â§YÃ³Ã¯Ã°Ã Ã¢Ã«Ã¥Ã­Ã¨Ã¿Â§! Ã¬Ã Ã±Ã²Ã¥Ã°Ã  Ã¡Ã³Ã¤Ã³Ã² Ã¢Ã«Ã¨Ã¿Ã²Ã¼ Ã­Ã  Ã°Ã¥Ã§Ã³Ã«Ã¼Ã²Ã Ã² Ã°Ã Ã¡Ã®Ã²Ã» Ã­Ã Ã¤ Ã‚Ã Ã¸Ã¨Ã¬ Ã§Ã ÃªÃ Ã§Ã®Ã¬. Ã…Ã±Ã«Ã¨ Ã®Ã­Ã¨ Ã¤Ã®Ã±Ã²Ã Ã²Ã®Ã·Ã­Ã® ÃµÃ®Ã°Ã®Ã¸Ã¨, Ã¬Ã®Ã¦Ã¥Ã² Ã¯Ã®Ã«Ã³Ã·Ã¨Ã²Ã±Ã¿ Ã­Ã Ã±Ã²Ã®Ã¿Ã¹Ã¨Ã© Ã¸Ã¥Ã¤Ã¥Ã¢Ã°.;;x
employ_a_smith_tt;Decide what type of smith you wish to employ.\nThe Â§Yfull costÂ§! of the item you commission will be dependent on its Â§YtypeÂ§! and Â§YtierÂ§!.;;;;;;;;;;;Ã‚Ã»Ã¡Ã¥Ã°Ã¨Ã²Ã¥ Ã¢Ã¨Ã¤ Ã¨Ã§Ã¤Ã¥Ã«Ã¨Ã¿, ÃªÃ®Ã²Ã®Ã°Ã®Ã¥ ÃµÃ®Ã²Ã¨Ã²Ã¥ Ã§Ã ÃªÃ Ã§Ã Ã²Ã¼ Ã¤Ã«Ã¿ Ã¨Ã§Ã£Ã®Ã²Ã®Ã¢Ã«Ã¥Ã­Ã¨Ã¿.\nÂ§YÃ¯Ã®Ã«Ã­Ã Ã¿ Ã±Ã²Ã®Ã¨Ã¬Ã®Ã±Ã²Ã¼Â§! Ã¯Ã°Ã¥Ã¤Ã¬Ã¥Ã²Ã  Ã¡Ã³Ã¤Ã¥Ã² Ã§Ã Ã¢Ã¨Ã±Ã¥Ã²Ã¼ Ã®Ã² Ã¥Ã£Ã® Â§YÃ²Ã¨Ã¯Ã Â§! Ã¨ Â§YÃ³Ã°Ã®Ã¢Ã­Ã¿Â§! ÃªÃ Ã·Ã¥Ã±Ã²Ã¢Ã .;;x
employ_a_smith_weapon_search_tt;You will send out word that you are in need of a Â§YweaponsmithÂ§!.;;;;;;;;;;;Ã‚Ã» Ã¡Ã³Ã¤Ã¥Ã²Ã¥ Ã¨Ã±ÃªÃ Ã²Ã¼ Â§YÃ¬Ã Ã±Ã²Ã¥Ã°Ã -Ã®Ã°Ã³Ã¦Ã¥Ã©Ã­Ã¨ÃªÃ Â§! Ã¨ Ã®Ã¡ÃºÃ¿Ã¢Ã¨Ã²Ã¥ Ã®Ã¡ Ã½Ã²Ã®Ã¬ Ã¢Ã±Ã¥Ã¬.;;x
employ_smith_cd_reset_tt;You will be able to employ a smith at another time of your choosing.;;;;;;;;;;;Ã‚Ã» Ã±Ã¬Ã®Ã¦Ã¥Ã²Ã¥ Ã­Ã Ã­Ã¿Ã²Ã¼ Ã°Ã¥Ã¬Ã¥Ã±Ã«Ã¥Ã­Ã­Ã¨ÃªÃ  Ã¢ Ã¤Ã°Ã³Ã£Ã®Ã¥ Ã¢Ã°Ã¥Ã¬Ã¿.;;x
fire_commander_tt;Fire an existing commander to make room for the Siege Engineer.;;;;;;;;;;;Ã“Ã¢Ã®Ã«Ã¨Ã²Ã¼ Ã¯Ã®Ã«ÃªÃ®Ã¢Ã®Ã¤Ã¶Ã , Ã·Ã²Ã®Ã¡Ã» Ã®Ã±Ã¢Ã®Ã¡Ã®Ã¤Ã¨Ã²Ã¼ Ã¬Ã¥Ã±Ã²Ã® Ã¤Ã«Ã¿ Ã®Ã±Ã Ã¤Ã­Ã®Ã£Ã® Ã¨Ã­Ã¦Ã¥Ã­Ã¥Ã°Ã .;;x
force_china_open_cb_outcome_tt;If you are victorious then the Â§Y[offmap_china.GetFullName]Â§! will Open its borders and you will be Â§Gfavored in trade along the Silk RoadÂ§!. However, if you are defeated it will cost you Â§Rmonthly prestige and graceÂ§!.;;;;;;;;;;;Ã…Ã±Ã«Ã¨ Ã‚Ã» Ã¯Ã®Ã¡Ã¥Ã¤Ã¨Ã²Ã¥, Â§Y[offmap_china.GetFullName]Â§! Ã®Ã²ÃªÃ°Ã®Ã¥Ã² Ã£Ã°Ã Ã­Ã¨Ã¶Ã» Ã¨ Ã‚Ã» Â§GÃ¯Ã®Ã«Ã³Ã·Ã¨Ã²Ã¥ Ã¯Ã°Ã¥Ã¨Ã¬Ã³Ã¹Ã¥Ã±Ã²Ã¢Ã® Ã¢ Ã²Ã®Ã°Ã£Ã®Ã¢Ã«Ã¥ Ã¯Ã® Ã˜Â¸Ã«ÃªÃ®Ã¢Ã®Ã¬Ã³ Ã¯Ã³Ã²Ã¨Â§!. Ã’Ã¥Ã¬ Ã­Ã¥ Ã¬Ã¥Ã­Ã¥Ã¥, Ã¥Ã±Ã«Ã¨ Ã‚Ã» Ã¯Ã®Ã²Ã¥Ã°Ã¯Ã¨Ã²Ã¥ Ã¯Ã®Ã°Ã Ã¦Ã¥Ã­Ã¨Ã¥, Ã½Ã²Ã® Ã®Ã²Ã°Ã Ã§Ã¨Ã²Ã¼Ã±Ã¿ Ã­Ã  Ã‚Ã Ã¸Ã¥Ã¬ Â§RÃ¬Ã¥Ã±Ã¿Ã·Ã­Ã®Ã¬ Ã¯Ã°Ã¨Ã°Ã®Ã±Ã²Ã¥ Ã¯Ã°Ã¥Ã±Ã²Ã¨Ã¦Ã  Ã¨ Ã¬Ã¨Ã«Ã®Ã±Ã²Ã¨Â§!.;;x
force_china_open_cooldown_tt;Has NOT attempted to force the Â§Y[offmap_china.GetFullName]Â§! open in the past Â§Y15Â§! years;;;;;;;;;;;Ã“Ã¡Ã¥Ã¤Ã¨Ã²Ã¥Ã±Ã¼, Ã·Ã²Ã® ÃÃ… Ã¡Ã»Ã«Ã® Ã¯Ã®Ã¯Ã»Ã²Ã®Ãª Ã§Ã Ã±Ã²Ã Ã¢Ã¨Ã²Ã¼ Â§YÃ¨Ã¬Ã¯Ã¥Ã°Ã¨Ã¾ [offmap_china.GetShortName]Â§! Ã±Ã­Ã¿Ã²Ã¼ Ã¡Ã«Ã®ÃªÃ Ã¤Ã³ Ã§Ã  Ã¯Ã®Ã±Ã«Ã¥Ã¤Ã­Ã¨Ã¥ Â§Y15Â§! Ã«Ã¥Ã²;;x
force_china_open_in_progress_tt;No other ruler is currently attempting to force Â§Y[offmap_china.GetShortName]Â§! open;;;;;;;;;;;Ã“Ã¡Ã¥Ã¤Ã¨Ã²Ã¥Ã±Ã¼, Ã·Ã²Ã® Ã­Ã¨ÃªÃ²Ã® Ã¨Ã§ Ã¤Ã°Ã³Ã£Ã¨Ãµ Ã¯Ã°Ã Ã¢Ã¨Ã²Ã¥Ã«Ã¥Ã© Ã¢ Ã­Ã Ã±Ã²Ã®Ã¿Ã¹Ã¨Ã© Ã¬Ã®Ã¬Ã¥Ã­Ã² Ã­Ã¥ Ã¯Ã»Ã²Ã Ã¥Ã²Ã±Ã¿ Ã§Ã Ã±Ã²Ã Ã¢Ã¨Ã²Ã¼ Â§YÃ¨Ã¬Ã¯Ã¥Ã°Ã¨Ã¾ [offmap_china.GetShortName]Â§! Ã±Ã­Ã¿Ã²Ã¼ Ã¡Ã«Ã®ÃªÃ Ã¤Ã³;;x
force_open_china_negotiate_tt;You will negotiate a deal with Â§Y[offmap_china.GetFullName]Â§! to open up trade along the Silk Road.;;;;;;;;;;;Ã‚Ã» Ã¯Ã®Ã¯Ã°Ã®Ã¡Ã³Ã¥Ã²Ã¥ Ã¤Ã®Ã£Ã®Ã¢Ã®Ã°Ã¨Ã²Ã¼Ã±Ã¿ Ã± [offmap_china.Ruler.GetEmpressEmperorCapINS], Ã·Ã²Ã®Ã¡Ã» [offmap_china.Ruler.GetSheHe] Ã®Ã²ÃªÃ°Ã»Ã«[offmap_china.Ruler.GetEndA] Ã˜Â¸Ã«ÃªÃ®Ã¢Ã»Ã© Ã¯Ã³Ã²Ã¼.;;x
force_open_china_silk_road_conditions_tt;This option is available as you control a Â§Ystarting pointÂ§! of the Silk Road and Â§Y25% of the wealthÂ§! along it.;;;;;;;;;;;ÃÃ²Ã®Ã² Ã¢Ã Ã°Ã¨Ã Ã­Ã² Ã¤Ã®Ã±Ã²Ã³Ã¯Ã¥Ã­ Ã‚Ã Ã¬ Ã¡Ã«Ã Ã£Ã®Ã¤Ã Ã°Ã¿ ÃªÃ®Ã­Ã²Ã°Ã®Ã«Ã¾ Ã­Ã Ã¤ Â§YÃ­Ã Ã·Ã Ã«Ã¼Ã­Ã®Ã© Ã²Ã®Ã·ÃªÃ®Ã©Â§! Ã˜Â¸Ã«ÃªÃ®Ã¢Ã®Ã£Ã® Ã¯Ã³Ã²Ã¨ Ã¨ Â§YÃ·Ã¥Ã²Ã¢Ã¥Ã°Ã²Ã¼Ã¾ Ã¥Ã£Ã® Ã¤Ã®ÃµÃ®Ã¤Ã®Ã¢Â§!.;;x
force_open_china_silk_road_tt;You will force open trade along the Silk Road much to the anger of Â§Y[offmap_china.GetFullName]Â§!.;;;;;;;;;;;Ã‚Ã» Ã®Ã²ÃªÃ°Ã®Ã¥Ã²Ã¥ Ã²Ã®Ã°Ã£Ã®Ã¢Ã«Ã¾ Ã¯Ã® Ã˜Â¸Ã«ÃªÃ®Ã¢Ã®Ã¬Ã³ Ã¯Ã³Ã²Ã¨ Ã±Ã Ã¬Ã®Ã±Ã²Ã®Ã¿Ã²Ã¥Ã«Ã¼Ã­Ã®, Ã·Ã²Ã® Ã±Ã¨Ã«Ã¼Ã­Ã® Ã¨Ã±Ã¯Ã®Ã°Ã²Ã¨Ã² Ã®Ã²Ã­Ã®Ã¸Ã¥Ã­Ã¨Ã¿ Ã± Â§YÃ¨Ã¬Ã¯Ã¥Ã°Ã¨Ã¥Ã© [offmap_china.GetShortName]Â§!.;;x
force_open_china_start_tt;You will choose a method to open the Â§Y[offmap_china.GetFullName]Â§!: Defeating them in Â§YwarÂ§!, controlling a Â§Ystarting pointÂ§! of the Silk Road and Â§Y25%Â§! of its wealth or by Â§YnegotiatingÂ§! a treaty.;;;;;;;;;;;Ã‚Ã Ã¬ Ã¯Ã°Ã¥Ã¤Ã±Ã²Ã®Ã¨Ã² Ã¢Ã»Ã¡Ã°Ã Ã²Ã¼ Ã±Ã¯Ã®Ã±Ã®Ã¡ Ã³Ã¡Ã¥Ã¤Ã¨Ã²Ã¼ Â§YÃ¨Ã¬Ã¯Ã¥Ã°Ã¨Ã¾ [offmap_china.GetShortName]Â§! Ã±Ã­Ã¿Ã²Ã¼ Ã¡Ã«Ã®ÃªÃ Ã¤Ã³: Ã¯Ã®Ã¡Ã¥Ã¤Ã¨Ã²Ã¼ Ã¥Â¸ Ã¢ Â§YÃ¢Ã®Ã©Ã­Ã¥Â§!, Ã§Ã ÃµÃ¢Ã Ã²Ã¨Ã²Ã¼ Â§YÃ­Ã Ã·Ã Ã«Ã¼Ã­Ã³Ã¾ Ã²Ã®Ã·ÃªÃ³Â§! Ã˜Â¸Ã«ÃªÃ®Ã¢Ã®Ã£Ã® Ã¯Ã³Ã²Ã¨ Ã¨ Â§YÃ·Ã¥Ã²Ã¢Ã¥Ã°Ã²Ã¼ Ã¥Ã£Ã® Ã¤Ã®ÃµÃ®Ã¤Ã®Ã¢Â§!, Ã¨Ã«Ã¨ Ã¯Ã°Ã®Ã¢Ã¥Ã±Ã²Ã¨ Ã³Ã±Ã¯Ã¥Ã¸Ã­Ã»Ã¥ Â§YÃ¯Ã¥Ã°Ã¥Ã£Ã®Ã¢Ã®Ã°Ã»Â§! Ã® Ã¬Ã¨Ã°Ã­Ã®Ã¬ Ã±Ã®Ã£Ã«Ã Ã¸Ã¥Ã­Ã¨Ã¨.;;x
forced_elective_tt;Is NOT forced by laws to have Elective Succession;;;;;;;;;;;Ã“Ã¡Ã¥Ã¤Ã¨Ã²Ã¥Ã±Ã¼, Ã·Ã²Ã® Ã§Ã ÃªÃ®Ã­Ã» ÃÃ… Ã¢Ã»Ã­Ã³Ã¦Ã¤Ã Ã¾Ã² Ã¨Ã¬Ã¥Ã²Ã¼ Ã¢Ã»Ã¡Ã®Ã°Ã­Ã®Ã¥ Ã­Ã Ã±Ã«Ã¥Ã¤Ã®Ã¢Ã Ã­Ã¨Ã¥;;x
has_an_education_or_related_attribute_above_ten_tt;Has an Education trait, OR a related attribute above Â§Y10Â§!;;;;;;;;;;;Ã“Ã¡Ã¥Ã¤Ã¨Ã²Ã¥Ã±Ã¼, Ã·Ã²Ã® Ã¨Ã¬Ã¥Ã¥Ã²Ã±Ã¿ Ã®Ã¡Ã°Ã Ã§Ã®Ã¢Ã Ã­Ã¨Ã¥ Ã¨Ã«Ã¨ Ã¯Ã®Ã¤ÃµÃ®Ã¤Ã¿Ã¹Ã¨Ã© Ã­Ã Ã¢Ã»Ãª Ã¢Ã»Ã¸Ã¥ Â§Y10Â§!;;x
has_courtier_eligible_for_marriage_tt;Has a relative eligible for marriage;;;;;;;;;;;Ã…Ã±Ã²Ã¼ Ã°Ã®Ã¤Ã±Ã²Ã¢Ã¥Ã­Ã­Ã¨Ãª, Ã¯Ã®Ã¤ÃµÃ®Ã¤Ã¿Ã¹Ã¨Ã© Ã¤Ã«Ã¿ Ã¡Ã°Ã ÃªÃ ;;x
has_diplomacy_education_tt;Has a Â§YDiplomacyÂ§! education;;;;;;;;;;;Ã…Ã±Ã²Ã¼ Â§YÃ¤Ã¨Ã¯Ã«Ã®Ã¬Ã Ã²Ã¨Ã·Ã¥Ã±ÃªÃ®Ã¥Â§! Ã®Ã¡Ã°Ã Ã§Ã®Ã¢Ã Ã­Ã¨Ã¥;;x
has_intrigue_education_tt;Has a Â§YIntrigueÂ§! education;;;;;;;;;;;Ã…Ã±Ã²Ã¼ Â§YÃ¸Ã¯Ã¨Ã®Ã­Ã±ÃªÃ®Ã¥Â§! Ã®Ã¡Ã°Ã Ã§Ã®Ã¢Ã Ã­Ã¨Ã¥;;x
has_learning_education_tt;Has a Â§YLearningÂ§! education;;;;;;;;;;;Ã…Ã±Ã²Ã¼ Â§YÃ¤Ã³ÃµÃ®Ã¢Ã­Ã®Ã¥Â§! Ã®Ã¡Ã°Ã Ã§Ã®Ã¢Ã Ã­Ã¨Ã¥;;x
has_marshal_tt;Has employed a Marshal;;;;;;;;;;;Ã“Ã¡Ã¥Ã¤Ã¨Ã²Ã¥Ã±Ã¼, Ã·Ã²Ã® Ã­Ã Ã­Ã¿Ã«Ã¨ Ã¬Ã Ã°Ã¸Ã Ã«Ã ;;x
has_martial_education_tt;Has a Â§YMartialÂ§! education;;;;;;;;;;;Ã…Ã±Ã²Ã¼ Â§YÃ¢Ã®Ã¥Ã­Ã­Ã®Ã¥Â§! Ã®Ã¡Ã°Ã Ã§Ã®Ã¢Ã Ã­Ã¨Ã¥;;x
has_not_explored_all_topics_tt;Has NOT explored all topics available to you;;;;;;;;;;;Ã“Ã¡Ã¥Ã¤Ã¨Ã²Ã¥Ã±Ã¼, Ã·Ã²Ã® Ã³Ã¦Ã¥ ÃÃ… Ã¨Ã§Ã³Ã·Ã¨Ã«Ã¨ Ã¢Ã±Ã¥ Ã¢Ã®Ã§Ã¬Ã®Ã¦Ã­Ã»Ã¥ Ã²Ã¥Ã¬Ã»;;x
has_silk_road_trade_post_demesne_tt;Has a Demesne County with a Â§YSilk Road Trade PostÂ§!;;;;;;;;;;;Ã‚Ã«Ã Ã¤Ã¥Ã­Ã¨Ã¥ Ã®ÃªÃ°Ã³Ã£Ã®Ã¬, Ã±Ã®Ã¤Ã¥Ã°Ã¦Ã Ã¹Ã¨Ã¬ Â§YÃ²Ã®Ã°Ã£Ã®Ã¢Ã»Ã© Ã¯Ã®Ã±Ã² Ã˜Â¸Ã«ÃªÃ®Ã¢Ã®Ã£Ã® Ã¯Ã³Ã²Ã¨Â§!;;x
has_stewardship_education_tt;Has a Â§YStewardshipÂ§! education;;;;;;;;;;;Ã…Ã±Ã²Ã¼ Â§YÃ½ÃªÃ®Ã­Ã®Ã¬Ã¨Ã·Ã¥Ã±ÃªÃ®Ã¥Â§! Ã®Ã¡Ã°Ã Ã§Ã®Ã¢Ã Ã­Ã¨Ã¥;;x
has_the_right_eunuch_traits_tt;Has one of these traits: Â§YArchitectÂ§!, Â§YAdministratorÂ§!, Â§YStrategistÂ§!, Â§YScholarÂ§!, or Â§YFaqihÂ§!;;;;;;;;;;;ÃÃ¡Ã«Ã Ã¤Ã Ã¥Ã² Ã®Ã¤Ã­Ã®Ã© Ã¨Ã§ Ã·Ã¥Ã°Ã²: Â§YÃ Ã°ÃµÃ¨Ã²Ã¥ÃªÃ²Ã®Ã°Â§!, Â§YÃ Ã¤Ã¬Ã¨Ã­Ã¨Ã±Ã²Ã°Ã Ã²Ã®Ã°Â§!, Â§YÃ±Ã²Ã°Ã Ã²Ã¥Ã£Â§!, Â§YÃ³Ã·Â¸Ã­Ã»Ã©Â§! Ã¨Ã«Ã¨ Â§YÃ´Ã ÃªÃ¨ÃµÂ§!;;x
has_valid_province_tt;Has a title Â§Y[Root.GetFullName]Â§! is interested in;;;;;;;;;;;Ã“Ã¡Ã¥Ã¤Ã¨Ã²Ã¥Ã±Ã¼, Ã·Ã²Ã® Ã¢Ã«Ã Ã¤Ã¥Ã¥Ã²Ã¥ Ã²Ã¨Ã²Ã³Ã«Ã®Ã¬, Ã¢ ÃªÃ®Ã²Ã®Ã°Ã®Ã¬ Â§Y[Root.GetFullName]Â§! Ã§Ã Ã¨Ã­Ã²Ã¥Ã°Ã¥Ã±Ã®Ã¢Ã Ã­[Root.GetEndA];;x
higher_quality_of_book_TT;This has a chance of Â§GraisingÂ§! the quality of your work.\n;;;;;;;;;;;ÃÃ²Ã® Ã¬Ã®Ã¦Ã¥Ã² Â§GÃ³Ã«Ã³Ã·Ã¸Ã¨Ã²Ã¼Â§! ÃªÃ Ã·Ã¥Ã±Ã²Ã¢Ã® Ã‚Ã Ã¸Ã¥Ã© ÃªÃ­Ã¨Ã£Ã¨.\n;;x
invasion_of_china_cb_fail_tt;You will NOT be able to interact with the Â§Y[offmap_china.GetFullName]Â§!;;;;;;;;;;;Ã‚Ã» Ã¡Ã®Ã«Ã¼Ã¸Ã¥ ÃÃ… Ã±Ã¬Ã®Ã¦Ã¥Ã²Ã¥ Ã¢Ã§Ã Ã¨Ã¬Ã®Ã¤Ã¥Ã©Ã±Ã²Ã¢Ã®Ã¢Ã Ã²Ã¼ Ã± Â§YÃ¨Ã¬Ã¯Ã¥Ã°Ã¨Ã¥Ã© [offmap_china.GetShortName]Â§!;;x
invasion_of_china_success_tt;Your [invasion_of_china_claimant.GetRootRelation], Â§Y[invasion_of_china_claimant.GetBestName]Â§!, will become the new Â§Y[invasion_of_china_claimant.GetEmperorEmpress] of ChinaÂ§!. Any of their immediate family, who are not landed or the primary heir to a title, will join them in the Middle Kingdom.\nAny land held by the Western Protectorate will be transfered to you.;;;;;;;;;;;Ã‚Ã Ã¸[invasion_of_china_claimant.GetEndA] [invasion_of_china_claimant.GetRootRelation] Â§Y[invasion_of_china_claimant.GetBestName]Â§! Ã±Ã²Ã Ã­Ã¥Ã² Ã­Ã®Ã¢[invasion_of_china_claimant.GetOyYm] Â§Y[invasion_of_china_claimant.GetEmpressEmperorCapINS] ÃŠÃ¨Ã²Ã Ã¿Â§!. Ã‚Ã±Ã¥ [invasion_of_china_claimant.GetHersHis] Ã¡Ã¥Ã§Ã§Ã¥Ã¬Ã¥Ã«Ã¼Ã­Ã»Ã¥ Ã°Ã®Ã¤Ã±Ã²Ã¢Ã¥Ã­Ã­Ã¨ÃªÃ¨, Ã­Ã¥ Ã¿Ã¢Ã«Ã¿Ã¾Ã¹Ã¨Ã¥Ã±Ã¿ Ã­Ã Ã±Ã«Ã¥Ã¤Ã­Ã¨ÃªÃ Ã¬Ã¨ Ã²Ã¨Ã²Ã³Ã«Ã®Ã¢, Ã¯Ã°Ã¨Ã±Ã®Ã¥Ã¤Ã¨Ã­Ã¿Ã²Ã±Ã¿ Ãª Ã­[invasion_of_china_claimant.GetHerHim] Ã¢ Ã‘Ã°Ã¥Ã¤Ã¨Ã­Ã­Ã®Ã¬ Ã–Ã Ã°Ã±Ã²Ã¢Ã¥.\nÃ‚Ã±Ã¥ Ã§Ã¥Ã¬Ã«Ã¨, Ã¯Ã°Ã¨Ã­Ã Ã¤Ã«Ã¥Ã¦Ã Ã¹Ã¨Ã¥ ÃÃ°Ã®Ã²Ã¥ÃªÃ²Ã®Ã°Ã Ã²Ã³ Ã‡Ã Ã¯Ã Ã¤Ã­Ã®Ã£Ã® ÃŠÃ°Ã Ã¿ (Ã‘Ã¨Ã¾Ã©), Ã¯Ã¥Ã°Ã¥Ã©Ã¤Ã³Ã² Ãª Ã‚Ã Ã¬.;;x
is_adult_under_45_tt;Is an adult under the age of Â§Y45Â§!;;;;;;;;;;;Ã‚Ã§Ã°Ã®Ã±Ã«[This.GetAyaYy], Ã¬Ã«Ã Ã¤Ã¸Ã¥ Â§Y45Â§! Ã«Ã¥Ã²;;x
is_ascetic_tooltip;Has an Â§YAsceticÂ§! trait;;;;;;;;;;;ÃÃ¡Ã«Ã Ã¤Ã Ã¥Ã² Â§YÃ Ã±ÃªÃ¥Ã²Ã¨Ã·Ã¥Ã±ÃªÃ®Ã©Â§! Ã·Ã¥Ã°Ã²Ã®Ã©;;x
is_close_relative_or_same_dynasty_tt;Is a close relative of yours, OR of your dynasty;;;;;;;;;;;ÃÃ«Ã¨Ã§Ãª[This.GetAyaIy] Ã°Ã®Ã¤Ã±Ã²Ã¢Ã¥Ã­Ã­Ã¨[This.GetTsaK] Ã¨Ã«Ã¨ Ã¯Ã°Ã¨Ã­Ã Ã¤Ã«Ã¥Ã¦Ã¨Ã² Ã‚Ã Ã¸Ã¥Ã© Ã¤Ã¨Ã­Ã Ã±Ã²Ã¨Ã¨;;x
is_close_relative_tt;Is a close relative of yours;;;;;;;;;;;ÃÃ«Ã¨Ã§Ãª[This.GetAyaIy] Ã°Ã®Ã¤Ã±Ã²Ã¢Ã¥Ã­Ã­Ã¨[This.GetTsaK];;x
is_landless_male_tt;Is a landless male;;;;;;;;;;;ÃÃ¥Ã§Ã§Ã¥Ã¬Ã¥Ã«Ã¼Ã­Ã»Ã© Ã¬Ã³Ã¦Ã·Ã¨Ã­Ã ;;x
is_not_ascetic_or_celibate_tt;Does NOT have an Â§YAsceticÂ§! or Â§YCelibateÂ§! trait;;;;;;;;;;;ÃÃ… Ã¯Ã°Ã¨Ã­Ã¿Ã«[This.GetEndA] Â§YÃ Ã±ÃªÃ¥Ã§Ã³Â§! Ã¨Ã«Ã¨ Â§YÃ¶Ã¥Ã«Ã¨Ã¡Ã Ã²Â§!;;x
is_not_from_china_tt;Is NOT from China;;;;;;;;;;;ÃÃ… Ã¨Ã§ ÃŠÃ¨Ã²Ã Ã¿;;x
is_not_incapable_inbred_or_imbecile_tt;Is NOT Â§YIncapableÂ§!, Â§YInbredÂ§!, or an Â§YImbecileÂ§!;;;;;;;;;;;ÃÃ…Ã’ Ã·Ã¥Ã°Ã² Â§YÃ­Ã¥Ã¤Ã¥Ã¥Ã±Ã¯Ã®Ã±Ã®Ã¡Ã­Ã»Ã©Â§!, Â§YÃ¢Ã»Ã°Ã®Ã¤Ã®ÃªÂ§! Ã¨ Â§YÃ±Ã«Ã Ã¡Ã®Ã³Ã¬Ã­Ã»Ã©Â§!;;x
JD_60002_concubine_tt;This option is available because you have a courtier to send as a Â§YconcubineÂ§!.;;;;;;;;;;;ÃÃ²Ã®Ã² Ã¢Ã Ã°Ã¨Ã Ã­Ã² Ã¤Ã®Ã±Ã²Ã³Ã¯Ã¥Ã­ Ã‚Ã Ã¬, Ã¯Ã®Ã²Ã®Ã¬Ã³ Ã·Ã²Ã® Ã³ Ã‚Ã Ã± Ã¥Ã±Ã²Ã¼ Ã¯Ã°Ã¨Ã¤Ã¢Ã®Ã°Ã­[chinese_envoy_concubine_target.GetAyaYy], ÃªÃ®Ã²Ã®Ã°[chinese_envoy_concubine_target.GetUyuOgo] Ã¬Ã®Ã¦Ã­Ã® Ã¯Ã®Ã±Ã«Ã Ã²Ã¼ ÃªÃ Ãª Â§YÃ­Ã Ã«Ã®Ã¦Ã­Ã¨[chinese_envoy_concubine_target.GetTsuKa]Â§!.;;x
JD_60002_dislikes_tt;This will Â§RdecreaseÂ§! the chance of receiving a better artifact from the envoy, as the [offmap_china.Ruler.GetTitle] Â§Rdislikes [offmap_china.GetDislike]Â§!;;;;;;;;;;;ÃÃ²Ã® Â§RÃ¯Ã®Ã­Ã¨Ã§Ã¨Ã²Â§! Ã¸Ã Ã­Ã± Ã¯Ã®Ã«Ã³Ã·Ã¨Ã²Ã¼ Ã«Ã³Ã·Ã¸Ã¨Ã© Ã Ã°Ã²Ã¥Ã´Ã ÃªÃ² Ã®Ã² Ã¯Ã®Ã±Ã«Ã , Ã¨Ã¡Ã® [offmap_china.Ruler.GetEmpressEmperorCap] Â§RÃ¯Ã°Ã¥Ã§Ã¨Ã°Ã Ã¥Ã² [This.GetDislikeACC]Â§!;;x
JD_60002_eunuch_tt;This option is available because you have a courtier to send as a Â§YeunuchÂ§!.;;;;;;;;;;;ÃÃ²Ã®Ã² Ã¢Ã Ã°Ã¨Ã Ã­Ã² Ã¤Ã®Ã±Ã²Ã³Ã¯Ã¥Ã­ Ã‚Ã Ã¬, Ã¯Ã®Ã²Ã®Ã¬Ã³ Ã·Ã²Ã® Ã³ Ã‚Ã Ã± Ã¥Ã±Ã²Ã¼ Ã¯Ã°Ã¨Ã¤Ã¢Ã®Ã°Ã­[chinese_envoy_eunuch_target.GetAyaYy], ÃªÃ®Ã²Ã®Ã°[chinese_envoy_eunuch_target.GetUyuOgo] Ã¬Ã®Ã¦Ã­Ã® Ã¯Ã®Ã±Ã«Ã Ã²Ã¼ ÃªÃ Ãª Â§YÃ¥Ã¢Ã­Ã³ÃµÃ Â§!.;;x
JD_60002_likes_but_dislikes_tt;This will not change the chance of receiving a better artifact as the [offmap_china.Ruler.GetTitle] Â§Glikes [offmap_china.GetLike]Â§! but Â§Rdislikes [offmap_china.GetDislike]Â§!;;;;;;;;;;;ÃÃ²Ã® Ã­Ã¨ÃªÃ Ãª Ã­Ã¥ Ã¯Ã®Ã¢Ã«Ã¨Ã¿Ã¥Ã² Ã­Ã  Ã¸Ã Ã­Ã±Ã» Ã¯Ã®Ã«Ã³Ã·Ã¨Ã²Ã¼ Ã«Ã³Ã·Ã¸Ã¨Ã© Ã Ã°Ã²Ã¥Ã´Ã ÃªÃ², Ã¨Ã¡Ã® [offmap_china.Ruler.GetEmpressEmperorCap] Â§GÃ«Ã¾Ã¡Ã¨Ã² [This.GetLikeACC]Â§!, Ã­Ã® Â§RÃ¯Ã°Ã¥Ã§Ã¨Ã°Ã Ã¥Ã² [This.GetDislikeACC]Â§!;;x
JD_60002_likes_tt;This will Â§GincreaseÂ§! the chance of receiving a better artifact from the envoy, as the [offmap_china.Ruler.GetTitle] Â§Glikes [offmap_china.GetLike]Â§!;;;;;;;;;;;ÃÃ²Ã® Â§GÃ¯Ã®Ã¢Ã»Ã±Ã¨Ã²Â§! Ã¸Ã Ã­Ã± Ã¯Ã®Ã«Ã³Ã·Ã¨Ã²Ã¼ Ã«Ã³Ã·Ã¸Ã¨Ã© Ã Ã°Ã²Ã¥Ã´Ã ÃªÃ² Ã®Ã² Ã¯Ã®Ã±Ã«Ã , Ã¨Ã¡Ã® [offmap_china.Ruler.GetEmpressEmperorCap] Â§GÃ«Ã¾Ã¡Ã¨Ã² [This.GetLikeACC]Â§!;;x
jd_china_tribute_cd_tt;Has NOT received a tribute from you in a year\n;;;;;;;;;;;Ã“Ã¡Ã¥Ã¤Ã¨Ã²Ã¥Ã±Ã¼, Ã·Ã²Ã® Ã‚Ã» Ã­Ã¨ Ã°Ã Ã§Ã³ ÃÃ… Ã¤Ã¥Ã«Ã Ã«Ã¨ Ã¯Ã®Ã¤Ã­Ã®Ã¸Ã¥Ã­Ã¨Ã¥ Ã§Ã  Ã¯Ã®Ã±Ã«Ã¥Ã¤Ã­Ã¨Ã© Ã£Ã®Ã¤\n;;x
kitten_spymaster;The kitten Â§YMittensÂ§! is now Spymaster;;;;;;;;;;;Â§Y[Root.GetPetCatName]Â§! Ã²Ã¥Ã¯Ã¥Ã°Ã¼ Ã¬Ã®Ã© Ã²Ã Ã©Ã­Ã»Ã© Ã±Ã®Ã¢Ã¥Ã²Ã­Ã¨Ãª;;x
kow_tow_tooltip_already_went;Has NOT already shown their subservience towards the [offmap_china.Ruler.GetEmperorEmpress];;;;;;;;;;;Ã“Ã¡Ã¥Ã¤Ã¨Ã²Ã¥Ã±Ã¼, Ã·Ã²Ã® Ã³Ã¦Ã¥ ÃÃ… Ã¯Ã®ÃªÃ Ã§Ã»Ã¢Ã Ã«Ã¨ Ã±Ã¢Ã®Ã¾ Ã¯Ã®ÃªÃ®Ã°Ã­Ã®Ã±Ã²Ã¼ [offmap_china.Ruler.GetEmpressEmperorCapDAT];;x
likes_africans;[GetChinaAfrican] Cultures;;;;;;;;;;;[This.GetHFChinaLikeAfricans];;x
likes_altaics;[altaic.GetGroupName] Cultures;;;;;;;;;;;[This.GetHFChinaLikeAltaics];;x
likes_arabs;[arabic.GetGroupName] Cultures;;;;;;;;;;;[This.GetHFChinaLikeArabs];;x
likes_balto_slavics;[GetChinaBaltoSlavic] Cultures;;;;;;;;;;;[This.GetHFChinaLikeBaltoSlavics];;x
likes_bon;[bon_pagan.GetName] Religion;;;;;;;;;;;[This.GetHFChinaLikeBon];;x
likes_buddhists;[buddhist.GetName]s;;;;;;;;;;;[This.GetHFChinaLikeBuddhists];;x
likes_byzantines;[byzantine.GetGroupName] Cultures;;;;;;;;;;;[This.GetHFChinaLikeByzantines];;x
likes_celts;[celtic.GetGroupName] Cultures;;;;;;;;;;;[This.GetHFChinaLikeCelts];;x
likes_christians;[christian.GetGroupName]s;;;;;;;;;;;[This.GetHFChinaLikeChristians];;x
likes_dravidians;[dravidian_group.GetGroupName] Cultures;;;;;;;;;;;[This.GetHFChinaLikeDravidians];;x
likes_finno_ugrics;[GetChinaFinnoMagyar] Cultures;;;;;;;;;;;[This.GetHFChinaLikeFinnoUgrics];;x
likes_germanics;[GetChinaGermanic] Cultures;;;;;;;;;;;[This.GetHFChinaLikeGermanics];;x
likes_hindus;[hindu.GetName]s;;;;;;;;;;;[This.GetHFChinaLikeHindus];;x
likes_indians;[indo_aryan_group.GetGroupName] Cultures;;;;;;;;;;;[This.GetHFChinaLikeIndians];;x
likes_iranians;[iranian.GetGroupName] Cultures;;;;;;;;;;;[This.GetHFChinaLikeIranians];;x
likes_jains;[jain.GetName]s;;;;;;;;;;;[This.GetHFChinaLikeJains];;x
likes_jews;[GetChinaJews]s;;;;;;;;;;;[This.GetHFChinaLikeJews];;x
likes_khurmaztans;[khurmazta.GetName]ns;;;;;;;;;;;[This.GetHFChinaLikeKhurmaztans];;x
likes_latino_iberians;[latin.GetGroupName]-[iberian.GetGroupName] Cultures;;;;;;;;;;;[This.GetHFChinaLikeLatinoIberians];;x
likes_manichaeans;[manichaean.GetName]s;;;;;;;;;;;[This.GetHFChinaLikeManichaeans];;x
likes_mazdakis;[mazdaki.GetName]s;;;;;;;;;;;[This.GetHFChinaLikeMazdakis];;x
likes_mazdans;[zoroastrian_group.GetGroupName] Religions;;;;;;;;;;;[This.GetHFChinaLikeMazdans];;x
likes_mesoamericans;[mesoamerican.GetGroupName] Cultures;;;;;;;;;;;[This.GetHFChinaLikeMesoamericans];;x
likes_muslims;[muslim.GetGroupName]s;;;;;;;;;;;[This.GetHFChinaLikeMuslims];;x
likes_tengris;[tengri_pagan_reformed.GetName]s;;;;;;;;;;;[This.GetHFChinaLikeTengris];;x
likes_tibetans;[tibetan_group.GetGroupName] Cultures;;;;;;;;;;;[This.GetHFChinaLikeTibetans];;x
likes_zoroastrians;[zoroastrian.GetName]s;;;;;;;;;;;[This.GetHFChinaLikeZoroastrians];;x
likes_zunists;[GetChinaZunist];;;;;;;;;;;[This.GetHFChinaLikeZunists];;x
likes_but_dislikes_tt;(Â§GLikes [This.GetLike]Â§! but Â§RDislikes [This.GetDislike]Â§!);;;;;;;;;;;(Â§GÃ‹Ã¾Ã¡Ã¨Ã² [This.GetLikeACC]Â§!, Ã­Ã® Â§RÃ¯Ã°Ã¥Ã§Ã¨Ã°Ã Ã¥Ã² [This.GetDislikeACC]Â§!);;x
likes_concubines;Concubines;;;;;;;;;;;Ã­Ã Ã«Ã®Ã¦Ã­Ã¨[This.Ruler.GetTsKovOpp];;x
likes_eunuchs;Eunuchs;;;;;;;;;;;Ã¥Ã¢Ã­Ã³ÃµÃ®Ã¢;;x
likes_tributaries;Tributaries;;;;;;;;;;;Ã±Ã Ã²Ã¥Ã«Ã«Ã¨Ã²Ã®Ã¢ ÃˆÃ¬Ã¯Ã¥Ã°Ã¨Ã¨;;x
likes_tt;(Â§GLikes [This.GetLike]Â§!);;;;;;;;;;;(Â§GÃ‹Ã¾Ã¡Ã¨Ã² [This.GetLikeACC]Â§!);;x
likes_wealth;Wealth;;;;;;;;;;;Ã¡Ã®Ã£Ã Ã²Ã±Ã²Ã¢Ã ;;x
lower_quality_of_book_TT;This has a risk of Â§RloweringÂ§! the quality of your work.\n;;;;;;;;;;;ÃÃ²Ã® Ã¬Ã®Ã¦Ã¥Ã² Â§RÃ³ÃµÃ³Ã¤Ã¸Ã¨Ã²Ã¼Â§! ÃªÃ Ã·Ã¥Ã±Ã²Ã¢Ã® Ã‚Ã Ã¸Ã¥Ã© ÃªÃ­Ã¨Ã£Ã¨.\n;;x
might_affect_mental_health_tt;This will likely affect their mental health...\n;;;;;;;;;;;ÃÃ²Ã® Ã±ÃªÃ®Ã°Ã¥Ã¥ Ã¢Ã±Ã¥Ã£Ã® Ã®Ã²Ã°Ã Ã§Ã¨Ã²Ã±Ã¿ Ã­Ã  Ã¯Ã±Ã¨ÃµÃ¨ÃªÃ¥...\n;;x
monastic_order_education_power_tt;Power: Â§YWisdom of [From.GetMOSaint]Â§!\nYour wards have a chance to gain increased attribute points during their education and upon reaching adulthood have a chance to lose wicked traits and gain pious ones.;;;;;;;;;;;Ã‘Ã¯Ã®Ã±Ã®Ã¡Ã­Ã®Ã±Ã²Ã¼: Â§YÃŒÃ³Ã¤Ã°Ã®Ã±Ã²Ã¼ [From.GetMOSaintGEN]Â§!\nÃ‚Ã Ã¸Ã¨ Ã¢Ã®Ã±Ã¯Ã¨Ã²Ã Ã­Ã­Ã¨ÃªÃ¨ Ã± Ã­Ã¥ÃªÃ®Ã²Ã®Ã°Ã»Ã¬ Ã¸Ã Ã­Ã±Ã®Ã¬ Ã¬Ã®Ã£Ã³Ã² Ã³Ã«Ã³Ã·Ã¸Ã¨Ã²Ã¼ Ã±Ã¢Ã®Ã¨ Ã­Ã Ã¢Ã»ÃªÃ¨ Ã¢Ã® Ã¢Ã°Ã¥Ã¬Ã¿ Ã®Ã¡Ã³Ã·Ã¥Ã­Ã¨Ã¿, Ã  Ãª Ã¬Ã®Ã¬Ã¥Ã­Ã²Ã³ Ã¢Ã§Ã°Ã®Ã±Ã«Ã¥Ã­Ã¨Ã¿ Ã¨Ã¬Ã¥Ã¾Ã² Ã¸Ã Ã­Ã± Ã¨Ã§Ã¡Ã Ã¢Ã¨Ã²Ã¼Ã±Ã¿ Ã®Ã² Ã¯Ã«Ã®ÃµÃ¨Ãµ Ã·Ã¥Ã°Ã² ÃµÃ Ã°Ã ÃªÃ²Ã¥Ã°Ã  Ã¨Ã«Ã¨ Ã¯Ã°Ã¨Ã®Ã¡Ã°Ã¥Ã±Ã²Ã¨ ÃµÃ®Ã°Ã®Ã¸Ã¨Ã¥.;;x
multilingual_option_available_tt;This option is available to you because you have the modifier Â§YMultilingualÂ§!.\n\n;;;;;;;;;;;ÃÃ²Ã®Ã² Ã¢Ã Ã°Ã¨Ã Ã­Ã² Ã®Ã²Ã¢Ã¥Ã²Ã  Ã¤Ã®Ã±Ã²Ã³Ã¯Ã¥Ã­ Ã¨Ã§-Ã§Ã  Ã¬Ã®Ã¤Ã¨Ã´Ã¨ÃªÃ Ã²Ã®Ã°Ã  Â§YÃÃ®Ã«Ã¨Ã£Ã«Ã®Ã²Â§!.\n\n;;x
multilingual_tt;Â§Y[Root.GetTitledFirstName]Â§! gets 'Â§YMultilingualÂ§!', giving Â§G+1Â§! Learning and Â§G+1Â§! Diplomacy.;;;;;;;;;;;Â§Y[Root.GetTitledFirstName]Â§! Ã¯Ã®Ã«Ã³Ã·Ã¨Ã² Ã¬Ã®Ã¤Ã¨Ã´Ã¨ÃªÃ Ã²Ã®Ã° Â§YÃÃ®Ã«Ã¨Ã£Ã«Ã®Ã²Â§!, ÃªÃ®Ã²Ã®Ã°Ã»Ã© Ã¤Ã Â¸Ã² Â§G+1Â§! Ãª Ã®Ã¡Ã°Ã Ã§Ã®Ã¢Ã Ã­Ã­Ã®Ã±Ã²Ã¨ Ã¨ Â§G+1Â§! Ãª Ã¤Ã¨Ã¯Ã«Ã®Ã¬Ã Ã²Ã¨Ã¨.;;x
new_book_added_tt;Â§Y[new_book.GetName]Â§! has been added to your Treasury.\n;;;;;;;;;;;Â§Y[new_book.GetName]Â§! Ã¤Ã®Ã¡Ã Ã¢Ã¨Ã²Ã±Ã¿ Ã¢ Ã‚Ã Ã¸Ã³ Ã‘Ã®ÃªÃ°Ã®Ã¢Ã¨Ã¹Ã­Ã¨Ã¶Ã³.\n;;x
not_awaiting_your_spouse_tt;Is NOT currently awaiting your spouse from the [offmap_china.GetFullName]\n;;;;;;;;;;;Ã“Ã¡Ã¥Ã¤Ã¨Ã²Ã¥Ã±Ã¼, Ã·Ã²Ã® ÃÃ… Ã¦Ã¤Â¸Ã²Ã¥ Ã¯Ã°Ã¨Ã¡Ã»Ã²Ã¨Ã¿ Ã­Ã¥Ã¢Ã¥Ã±Ã²Ã» Ã¨Ã«Ã¨ Ã¦Ã¥Ã­Ã¨ÃµÃ  Ã¨Ã§ Â§YÃ¨Ã¬Ã¯Ã¥Ã°Ã¨Ã¨ [offmap_china.GetShortName]Â§!\n;;x
not_currently_working_on_a_book_tt;Has NOT already put all available scribes to work;;;;;;;;;;;Ã“Ã¡Ã¥Ã¤Ã¨Ã²Ã¥Ã±Ã¼, Ã·Ã²Ã® Ã³Ã¦Ã¥ ÃÃ… Ã§Ã Ã¤Ã¥Ã©Ã±Ã²Ã¢Ã®Ã¢Ã Ã«Ã¨ Ã¢Ã±Ã¥Ãµ Ã¯Ã¨Ã±Ã¶Ã®Ã¢ Ã¤Ã«Ã¿ Ã°Ã Ã¡Ã®Ã²Ã»;;x
not_forced_tt;Has NOT been forced to change Succession Law by Liege;;;;;;;;;;;Ã“Ã¡Ã¥Ã¤Ã¨Ã²Ã¥Ã±Ã¼, Ã·Ã²Ã® Ã±Ã¾Ã§Ã¥Ã°Ã¥Ã­ ÃÃ… Ã¯Ã°Ã¨Ã­Ã³Ã¦Ã¤Ã Ã« Ã±Ã¬Ã¥Ã­Ã¨Ã²Ã¼ Ã§Ã ÃªÃ®Ã­ Ã® Ã­Ã Ã±Ã«Ã¥Ã¤Ã®Ã¢Ã Ã­Ã¨Ã¨;;x
not_married_or_getting_married_tt;Is NOT married or promised to be married;;;;;;;;;;;ÃÃ… Ã±Ã®Ã±Ã²Ã®Ã¨Ã² Ã¢ Ã¡Ã°Ã ÃªÃ¥ Ã¨Ã«Ã¨ Ã¯Ã®Ã¬Ã®Ã«Ã¢ÃªÃ¥;;x
not_negotiated_recently_tt;Has NOT negotiated with an Adventurer in the last year[From.GetNegotiateCD];;;;;;;;;;;Ã“Ã¡Ã¥Ã¤Ã¨Ã²Ã¥Ã±Ã¼, Ã·Ã²Ã® Ã­Ã¨ Ã°Ã Ã§Ã³ ÃÃ… Ã¢Ã¥Ã«Ã¨ Ã¯Ã¥Ã°Ã¥Ã£Ã®Ã¢Ã®Ã°Ã» Ã± Ã Ã¢Ã Ã­Ã²Ã¾Ã°Ã¨Ã±Ã²Ã®Ã¬ Ã§Ã  Ã¯Ã®Ã±Ã«Ã¥Ã¤Ã­Ã¨Ã© Ã£Ã®Ã¤[From.GetNegotiateCD];;x
not_swapping_tt;Is NOT swapping Councillors;;;;;;;;;;;Ã“Ã¡Ã¥Ã¤Ã¨Ã²Ã¥Ã±Ã¼, Ã·Ã²Ã® ÃÃ… Ã¨Ã¤Â¸Ã² Ã±Ã¬Ã¥Ã­Ã  Ã±Ã®Ã¢Ã¥Ã²Ã­Ã¨ÃªÃ®Ã¢;;x
outcome_will_depend_on_froms_skill_tt;The outcome of the search will depend on the Â§YSkillsÂ§! and Â§YTraitsÂ§! of your Â§Y[From.GetJobTitle] [From.GetFirstName]Â§!.\n;;;;;;;;;;;ÃÃ¥Ã§Ã³Ã«Ã¼Ã²Ã Ã²Ã» Ã¯Ã®Ã¨Ã±ÃªÃ®Ã¢ Ã¡Ã³Ã¤Ã³Ã² Ã§Ã Ã¢Ã¨Ã±Ã¥Ã²Ã¼ Ã®Ã² Â§YÃ­Ã Ã¢Ã»ÃªÃ®Ã¢Â§! Ã¨ Â§YÃ·Ã¥Ã°Ã²Â§! ÃµÃ Ã°Ã ÃªÃ²Ã¥Ã°Ã , ÃªÃ®Ã²Ã®Ã°Ã»Ã¬Ã¨ Ã®Ã¡Ã«Ã Ã¤Ã Ã¥Ã² Â§Y[From.GetJobTitle] [From.GetFirstName]Â§!.\n;;x
outcome_will_depend_on_roots_skill_tt;The outcome of the search will depend on the Â§YSkillsÂ§! and Â§YTraitsÂ§! of your Â§Y[Root.GetJobTitle] [Root.GetTitledFirstName]Â§!.\n;;;;;;;;;;;ÃÃ¥Ã§Ã³Ã«Ã¼Ã²Ã Ã²Ã» Ã¯Ã®Ã¨Ã±ÃªÃ®Ã¢ Ã¡Ã³Ã¤Ã³Ã² Ã§Ã Ã¢Ã¨Ã±Ã¥Ã²Ã¼ Ã®Ã² Â§YÃ­Ã Ã¢Ã»ÃªÃ®Ã¢Â§! Ã¨ Â§YÃ·Ã¥Ã°Ã²Â§! ÃµÃ Ã°Ã ÃªÃ²Ã¥Ã°Ã , ÃªÃ®Ã²Ã®Ã°Ã»Ã¬Ã¨ Ã®Ã¡Ã«Ã Ã¤Ã Ã¥Ã² Â§Y[Root.GetJobTitle] [Root.GetFirstName]Â§!.\n;;x
prepare_sadah_feast;Preparations get under way...;;;;;;;;;;;ÃÃ°Ã¨Ã£Ã®Ã²Ã®Ã¢Ã«Ã¥Ã­Ã¨Ã¿ Ã­Ã Ã·Ã¨Ã­Ã Ã¾Ã²Ã±Ã¿...;;x
primary_defender_or_attacker_tt;Must be the Â§YPrimary AttackerÂ§! or Â§YPrimary DefenderÂ§! in a war;;;;;;;;;;;ÃÃ³Ã¦Ã­Ã® Ã¡Ã»Ã²Ã¼ Ã¯Ã¥Ã°Ã¢Ã¨Ã·Ã­Ã»Ã¬ Â§YÃ Ã£Ã°Ã¥Ã±Ã±Ã®Ã°Ã®Ã¬Â§! Ã¨Ã«Ã¨ Â§YÃ§Ã Ã¹Ã¨Ã¹Ã Ã¾Ã¹Ã¥Ã©Ã±Ã¿ Ã±Ã²Ã®Ã°Ã®Ã­Ã®Ã©Â§! Ã¢ Ã¢Ã®Ã©Ã­Ã¥;;x
primary_defender_TT;Must be the Primary Defender in a war;;;;;;;;;;;Ã“Ã¡Ã¥Ã¤Ã¨Ã²Ã¥Ã±Ã¼, Ã·Ã²Ã® Ã‚Ã» - Ã£Ã«Ã Ã¢Ã­Ã»Ã© Ã³Ã·Ã Ã±Ã²Ã­Ã¨Ãª Ã¢Ã®Ã©Ã­Ã» Ã­Ã  Ã±Ã²Ã®Ã°Ã®Ã­Ã» Ã®Ã¡Ã®Ã°Ã®Ã­Ã»;;x
raiding_adventurer_war_declaration_tooltip;Â§Y[From.GetTitledFirstName]Â§! declares [From.GetHerHis] intentions of trying to seize land from your realm by force with [From.GetHerHis] band of thieves and robbers.;;;;;;;;;;;Â§Y[From.GetTitledFirstName]Â§! Ã§Ã Ã¿Ã¢Ã¨Ã² Ã® Ã±Ã¢Ã®Ã¨Ãµ Ã­Ã Ã¬Ã¥Ã°Ã¥Ã­Ã¨Ã¿Ãµ Ã®Ã±Ã Ã¤Ã¨Ã²Ã¼ Ã§Ã¥Ã¬Ã«Ã¨ Ã‚Ã Ã¸Ã¥Ã© Ã±Ã²Ã°Ã Ã­Ã» Ã±Ã® Ã±Ã¢Ã®Ã¥Ã© Ã¡Ã Ã­Ã¤Ã®Ã© Ã¢Ã®Ã°Ã®Ã¢ Ã¨ Ã°Ã Ã§Ã¡Ã®Ã©Ã­Ã¨ÃªÃ®Ã¢.;;x
raise_chinese_honor_guard_TT;Has NOT raised the Honor Guard in the past year;;;;;;;;;;;Ã“Ã¡Ã¥Ã¤Ã¨Ã²Ã¥Ã±Ã¼, Ã·Ã²Ã® Ã­Ã¨ Ã°Ã Ã§Ã³ ÃÃ… Ã¯Ã°Ã¨Ã§Ã»Ã¢Ã Ã«Ã¨ Ã¨Ã¬Ã¯Ã¥Ã°Ã Ã²Ã®Ã°Ã±ÃªÃ³Ã¾ Ã£Ã¢Ã Ã°Ã¤Ã¨Ã¾ Ã§Ã  Ã¯Ã®Ã±Ã«Ã¥Ã¤Ã­Ã¨Ã© Ã£Ã®Ã¤;;x
raise_chinese_regiment_TT;Must NOT have raised a Chinese Regiment in the last year;;;;;;;;;;;Ã“Ã¡Ã¥Ã¤Ã¨Ã²Ã¥Ã±Ã¼, Ã·Ã²Ã® Ã­Ã¨ Ã°Ã Ã§Ã³ ÃÃ… Ã¯Ã°Ã¨Ã§Ã»Ã¢Ã Ã«Ã¨ ÃªÃ¨Ã²Ã Ã©Ã±ÃªÃ³Ã¾ Ã Ã°Ã¬Ã¨Ã¾ Ã§Ã  Ã¯Ã®Ã±Ã«Ã¥Ã¤Ã­Ã¨Ã© Ã£Ã®Ã¤;;x
rebel_general_will_invade_tt;[From.GetTitledName] will invade in the coming days.;;;;;;;;;;;[rebel_general.GetTitledName] Ã¢Ã²Ã®Ã°Ã£Ã­Ã¥Ã²Ã±Ã¿ Ã¢ Ã¡Ã«Ã¨Ã¦Ã Ã©Ã¸Ã¨Ã¥ Ã¤Ã­Ã¨.;;x
recently_made_tributary_tt;Was NOT made a Tributary State within the last Â§Y15 yearsÂ§!, or original Suzerain has died;;;;;;;;;;;ÃÃ… Ã³Ã±Ã²Ã Ã­Ã Ã¢Ã«Ã¨Ã¢Ã Ã« Ã£Ã¥Ã£Ã¥Ã¬Ã®Ã­Ã¨Ã¾ Ã¢ Ã¯Ã®Ã±Ã«Ã¥Ã¤Ã­Ã¨Ã¥ Â§Y15 Ã«Ã¥Ã²Â§!, Ã¥Ã±Ã«Ã¨ Ã²Ã®Ã«Ã¼ÃªÃ® Ã¯Ã°Ã¥Ã¤Ã»Ã¤Ã³Ã¹Ã¨Ã© Ã£Ã¥Ã£Ã¥Ã¬Ã®Ã­ Ã­Ã¥ Ã³Ã¬Ã¥Ã°;;x
religious_cb_succ_muslim_tip;Â§Y[Root.GetTitledFirstName]Â§! vassalizes lords in the Â§Y[Prev.GetFullBaseName]Â§!.\n;;;;;;;;;;;Â§Y[Root.GetTitledFirstName]Â§! Ã¢Ã Ã±Ã±Ã Ã«Ã¨Ã§Ã¨Ã°Ã³Ã¥Ã² Ã¢Ã±Ã¥Ãµ Ã«Ã®Ã°Ã¤Ã®Ã¢ Ã¢ Ã¯Ã°Ã¥Ã¤Ã¥Ã«Ã Ãµ Ã®Ã¡Ã«Ã Ã±Ã²Ã¨ Â§Y[This.GetFullBaseName]Â§!.\n;;x
revoke_court_physician_being_treated_tt;[Root.GetTitledFirstName] is not currently treating you;;;;;;;;;;;Ã“Ã¡Ã¥Ã¤Ã¨Ã²Ã¥Ã±Ã¼, Ã·Ã²Ã® [Root.GetTitledFirstName] ÃÃ… Ã«Ã¥Ã·Ã¨Ã² Ã‚Ã Ã± Ã®Ã² ÃªÃ ÃªÃ®Ã£Ã®-Ã²Ã® Ã­Ã¥Ã¤Ã³Ã£Ã  Ã¢ Ã­Ã Ã±Ã²Ã®Ã¿Ã¹Ã¨Ã© Ã¬Ã®Ã¬Ã¥Ã­Ã²;;x
school_tao_1_a;Zhengyi, to strengthen myself with spells and magic!;;;;;;;;;;;Ã—Ã¦Ã½Ã­ÃºÃ¨ Ã¤Ã Ã±Ã² Ã¬Ã­Ã¥ Ã±Ã¨Ã«Ã³ Ã¬Ã Ã£Ã¨Ã¨!;;x
school_tao_1_b;Quanzhen, to pursue perfection through discipline!;;;;;;;;;;;Ã–Ã¾Ã Ã­Ã¼Ã·Ã¦Ã½Ã­Ã¼, Ã·Ã²Ã®Ã¡Ã» Ã±Ã²Ã Ã²Ã¼ Ã±Ã®Ã¢Ã¥Ã°Ã¸Ã¥Ã­Ã­[Root.GetOyYm]!;;x
school_tao_1_c;Shangqing, to infuse my spirit with wisdom!;;;;;;;;;;;Ã˜Ã Ã­Ã¶Ã¨Ã­ Ã­Ã Ã¤Ã¥Ã«Ã¨Ã² Ã¬Ã®Ã© Ã¤Ã³Ãµ Ã¬Ã³Ã¤Ã°Ã®Ã±Ã²Ã¼Ã¾!;;x
school_tao_1_desc;The Shangqing School of Supreme Clarity, the Quanzhen School of Complete Perfection and Zhengyi Dao the Way of Orthodox Unity are all very prominent schools, which should I follow to become a better [Root.GetManWoman]?;;;;;;;;;;;Ã˜Ã Ã­Ã¶Ã¨Ã­ - Ã˜ÃªÃ®Ã«Ã  Ã‚Ã»Ã±Ã¸Ã¥Ã© Ã—Ã¨Ã±Ã²Ã®Ã²Ã», Ã–Ã¾Ã Ã­Ã¼Ã·Ã¦Ã½Ã­Ã¼ - Ã˜ÃªÃ®Ã«Ã  Ã‘Ã®Ã¢Ã¥Ã°Ã¸Ã¥Ã­Ã­Ã®Ã© ÃˆÃ±Ã²Ã¨Ã­Ã», Ã—Ã¦Ã½Ã­ÃºÃ¨ Ã„Ã Ã® - Ã˜ÃªÃ®Ã«Ã  ÃˆÃ±Ã²Ã¨Ã­Ã­Ã®Ã£Ã® Ã…Ã¤Ã¨Ã­Ã±Ã²Ã¢Ã . Ã‚Ã±Ã¥ Ã®Ã­Ã¨ Ã¢Ã¥Ã±Ã¼Ã¬Ã  Ã¨Ã§Ã¢Ã¥Ã±Ã²Ã­Ã», Ã­Ã® ÃªÃ ÃªÃ®Ã© Ã¬Ã­Ã¥ Ã«Ã³Ã·Ã¸Ã¥ Ã±Ã«Ã¥Ã¤Ã®Ã¢Ã Ã²Ã¼, Ã·Ã²Ã®Ã¡Ã» Ã±Ã²Ã Ã²Ã¼ Ã«Ã³Ã·Ã¸Ã¥?;;x
send_artifact_potential_tt;Is a high quality artifact (that is NOT cursed or from China);;;;;;;;;;;Ã€Ã°Ã²Ã¥Ã´Ã ÃªÃ² Ã¤Ã®Ã«Ã¦Ã¥Ã­ Ã¡Ã»Ã²Ã¼ Ã¶Ã¥Ã­Ã­Ã»Ã¬ (ÃÃ… Ã¯Ã°Ã®ÃªÃ«Ã¿Ã²Ã»Ã¬ Ã¨ ÃÃ… ÃªÃ¨Ã²Ã Ã©Ã±ÃªÃ¨Ã¬);;x
send_commander_potential_tt;Â§YCommander RequirementsÂ§!:\nMust be a valid Commander with at least 12 martial\nMust not hold any land\nMust NOT be betrothed or married\nMust NOT stand to inherit any titles\nMust NOT have any of the traits: Â§YIncapableÂ§!, Â§YInbredÂ§!, or Â§YImbecileÂ§!;;;;;;;;;;;Â§YÃ’Ã°Ã¥Ã¡Ã®Ã¢Ã Ã­Ã¨Ã¿ Ãª Ã¯Ã®Ã«ÃªÃ®Ã¢Ã®Ã¤Ã¶Ã³Â§!:\nÃˆÃ¬Ã¥Ã¥Ã² Ã¯Ã°Ã Ã¢Ã® ÃªÃ®Ã¬Ã Ã­Ã¤Ã®Ã¢Ã Ã²Ã¼ Ã¢Ã®Ã©Ã±ÃªÃ Ã¬Ã¨ Ã¨ Ã¢Ã®Ã¥Ã­Ã­Ã»Ã© Ã­Ã Ã¢Ã»Ãª Ã³Ã°Ã®Ã¢Ã­Ã¿ Ã­Ã¥ Ã­Ã¨Ã¦Ã¥ 12\nÃÃ… Ã¢Ã«Ã Ã¤Ã¥Ã¥Ã² Ã§Ã¥Ã¬Ã«Ã¿Ã¬Ã¨\nÃÃ… Ã±Ã®Ã±Ã²Ã®Ã¨Ã² Ã¢ Ã¡Ã°Ã ÃªÃ¥ Ã¨Ã«Ã¨ Ã¯Ã®Ã¬Ã®Ã«Ã¢ÃªÃ¥\nÃÃ… Ã¿Ã¢Ã«Ã¿Ã¥Ã²Ã±Ã¿ Ã­Ã Ã±Ã«Ã¥Ã¤Ã­Ã¨ÃªÃ®Ã¬ ÃªÃ ÃªÃ¨Ãµ-Ã«Ã¨Ã¡Ã® Ã²Ã¨Ã²Ã³Ã«Ã®Ã¢\nÃÃ… Ã®Ã¡Ã«Ã Ã¤Ã Ã¥Ã² Ã·Ã¥Ã°Ã²Ã®Ã© Â§YÃ­Ã¥Ã¤Ã¥Ã¥Ã±Ã¯Ã®Ã±Ã®Ã¡Ã­Ã»Ã©Â§!, Â§YÃ¢Ã»Ã°Ã®Ã¤Ã®ÃªÂ§! Ã¨Ã«Ã¨ Â§YÃ±Ã«Ã Ã¡Ã®Ã³Ã¬Ã­Ã»Ã©Â§!;;x
send_concubine_potential_tt;Â§YConcubine RequirementsÂ§!:\nMust be a close relative of yours\nMust be adult\nMust be younger than 45 year old\nMust NOT be married or betrothed\nMust NOT have any of the traits: Â§YIncapableÂ§!, Â§YInbredÂ§!, Â§YImbecileÂ§!;;;;;;;;;;;Â§YÃ’Ã°Ã¥Ã¡Ã®Ã¢Ã Ã­Ã¨Ã¿ Ãª Ã­Ã Ã«Ã®Ã¦Ã­Ã¨[offmap_china.Ruler.GetTseKuOpp]Â§!:\nÃ„Ã®Ã«Ã¦[offmap_china.Ruler.GetNaEnOpp] Ã¡Ã»Ã²Ã¼ Ã‚Ã Ã¸[offmap_china.Ruler.GetEyImOpp] Ã¡Ã«Ã¨Ã§Ãª[offmap_china.Ruler.GetOyImOpp] Ã°Ã®Ã¤Ã±Ã²Ã¢Ã¥Ã­Ã­Ã¨[offmap_china.Ruler.GetTseyKomOpp]\nÃ„Ã®Ã«Ã¦[offmap_china.Ruler.GetNaEnOpp] Ã¡Ã»Ã²Ã¼ Ã¢Ã§Ã°Ã®Ã±Ã«[offmap_china.Ruler.GetOyYmOpp]\nÃ„Ã®Ã«Ã¦[offmap_china.Ruler.GetNaEnOpp] Ã¡Ã»Ã²Ã¼ Ã¬Ã®Ã«Ã®Ã¦Ã¥ 45 Ã«Ã¥Ã²\nÃÃ… [offmap_china.Ruler.GetMarriedOpp] Ã¨ ÃÃ… Ã¯Ã®Ã¬Ã®Ã«Ã¢Ã«Ã¥Ã­[offmap_china.Ruler.GetEndNaOpp]\nÃÃ… Ã®Ã¡Ã«Ã Ã¤Ã Ã¥Ã² Ã·Ã¥Ã°Ã²Ã®Ã© Â§YÃ­Ã¥Ã¤Ã¥Ã¥Ã±Ã¯Ã®Ã±Ã®Ã¡Ã­[offmap_china.Ruler.GetAyaYyOpp]Â§!, Â§YÃ¢Ã»Ã°Ã®Ã¤Ã®ÃªÂ§! Ã¨Ã«Ã¨ Â§YÃ±Ã«Ã Ã¡Ã®Ã³Ã¬Ã­[offmap_china.Ruler.GetAyaYyOpp]Â§!;;x
send_eunuch_potential_tt;Â§YEunuch RequirementsÂ§!:\nMust be an adult male of great skill, OR a close relative of yours at least 12 years old\nMust not hold any land\nMust NOT have any of the traits: Â§YIncapableÂ§!, Â§YInbredÂ§!, or Â§YImbecileÂ§!;;;;;;;;;;;Â§YÃ’Ã°Ã¥Ã¡Ã®Ã¢Ã Ã­Ã¨Ã¿ Ãª Ã¥Ã¢Ã­Ã³ÃµÃ³Â§!:\nÃ‚Ã§Ã°Ã®Ã±Ã«Ã»Ã© Ã¬Ã³Ã¦Ã·Ã¨Ã­Ã  Ã± ÃµÃ®Ã°Ã®Ã¸Ã¨Ã¬Ã¨ Ã­Ã Ã¢Ã»ÃªÃ Ã¬Ã¨ Ã¨Ã«Ã¨ Ã‚Ã Ã¸ Ã¡Ã«Ã¨Ã§ÃªÃ¨Ã© Ã°Ã®Ã¤Ã±Ã²Ã¢Ã¥Ã­Ã­Ã¨Ãª Ã­Ã¥ Ã¬Ã®Ã«Ã®Ã¦Ã¥ 12 Ã«Ã¥Ã²\nÃÃ¥ Ã¢Ã«Ã Ã¤Ã¥Ã¥Ã² Ã§Ã¥Ã¬Ã«Ã¿Ã¬Ã¨\nÃÃ… Ã®Ã¡Ã«Ã Ã¤Ã Ã¥Ã² Ã·Ã¥Ã°Ã²Ã®Ã© Â§YÃ­Ã¥Ã¤Ã¥Ã¥Ã±Ã¯Ã®Ã±Ã®Ã¡Ã­Ã»Ã©Â§!, Â§YÃ¢Ã»Ã°Ã®Ã¤Ã®ÃªÂ§! Ã¨Ã«Ã¨ Â§YÃ±Ã«Ã Ã¡Ã®Ã³Ã¬Ã­Ã»Ã©Â§!;;x
send_physician_potential_tt;Â§YPhysician RequirementsÂ§!:\nMust be your currently assigned Court Physician or a character with either the Renowned Physician, Scholar or Mystic traits\nMust not hold any land\nMust NOT be betrothed or married\nMust NOT stand to inherit any titles\nMust NOT have any of the traits: Â§YIncapableÂ§!, Â§YInbredÂ§!, or Â§YImbecileÂ§!;;;;;;;;;;;Â§YÃ’Ã°Ã¥Ã¡Ã®Ã¢Ã Ã­Ã¨Ã¿ Ãª Ã«Ã¥ÃªÃ Ã°Ã¾Â§!:\nÃ‘Ã«Ã³Ã¦Ã¨Ã² Ã‚Ã Ã¸Ã¨Ã¬ ÃÃ°Ã¨Ã¤Ã¢Ã®Ã°Ã­Ã»Ã¬ Ã«Ã¥ÃªÃ Ã°Ã¥Ã¬ Ã«Ã¨Ã¡Ã® Ã¿Ã¢Ã«Ã¿Ã¥Ã²Ã±Ã¿ Ã§Ã­Ã Ã¬Ã¥Ã­Ã¨Ã²Ã»Ã¬ Ã«Ã¥ÃªÃ Ã°Ã¥Ã¬, Ã³Ã·Â¸Ã­Ã»Ã¬ Ã¨Ã«Ã¨ Ã¬Ã¨Ã±Ã²Ã¨ÃªÃ®Ã¬\nÃÃ… Ã¢Ã«Ã Ã¤Ã¥Ã¥Ã² Ã§Ã¥Ã¬Ã«Ã¿Ã¬Ã¨\nÃÃ… Ã±Ã®Ã±Ã²Ã®Ã¨Ã² Ã¢ Ã¡Ã°Ã ÃªÃ¥ Ã¨Ã«Ã¨ Ã¯Ã®Ã¬Ã®Ã«Ã¢ÃªÃ¥\nÃÃ… Ã¿Ã¢Ã«Ã¿Ã¥Ã²Ã±Ã¿ Ã­Ã Ã±Ã«Ã¥Ã¤Ã­Ã¨ÃªÃ®Ã¬ ÃªÃ ÃªÃ¨Ãµ-Ã«Ã¨Ã¡Ã® Ã²Ã¨Ã²Ã³Ã«Ã®Ã¢\nÃÃ… Ã®Ã¡Ã«Ã Ã¤Ã Ã¥Ã² Ã·Ã¥Ã°Ã²Ã®Ã© Â§YÃ­Ã¥Ã¤Ã¥Ã¥Ã±Ã¯Ã®Ã±Ã®Ã¡Ã­Ã»Ã©Â§!, Â§YÃ¢Ã»Ã°Ã®Ã¤Ã®ÃªÂ§! Ã¨Ã«Ã¨ Â§YÃ±Ã«Ã Ã¡Ã®Ã³Ã¬Ã­Ã»Ã©Â§!;;x
silk_road_province_desc;Can only build Â§YSilk Road Trade PostsÂ§! in certain Counties along the Â§YSilk RoadÂ§!\n   Open the Â§YTrade Zones MapmodeÂ§! to see valid Counties;;;;;;;;;;;Ã’Ã®Ã°Ã£Ã®Ã¢Ã»Ã¥ Ã¯Ã®Ã±Ã²Ã» Â§YÃ‚Ã¥Ã«Ã¨ÃªÃ®Ã£Ã® Ã¸Â¸Ã«ÃªÃ®Ã¢Ã®Ã£Ã® Ã¯Ã³Ã²Ã¨Â§! Ã¬Ã®Ã¦Ã­Ã® Ã±Ã²Ã°Ã®Ã¨Ã²Ã¼ Ã²Ã®Ã«Ã¼ÃªÃ® Ã¢ Ã­Ã¥ÃªÃ®Ã²Ã®Ã°Ã»Ãµ Ã®ÃªÃ°Ã³Ã£Ã Ãµ\n   Ã—Ã²Ã®Ã¡Ã» Ã³Ã¢Ã¨Ã¤Ã¥Ã²Ã¼, Ã¢ ÃªÃ ÃªÃ¨Ãµ Ã¬Ã®Ã¦Ã­Ã®, Ã®Ã²ÃªÃ°Ã®Ã©Ã²Ã¥ Ã°Ã¥Ã¦Ã¨Ã¬ ÃªÃ Ã°Ã²Ã» Â§YÃ’Ã®Ã°Ã£Ã®Ã¢Ã»Ã¥ Ã§Ã®Ã­Ã»Â§!;;x
smith_improves_quality_tt;Â§Y[smith.GetMasterMistressCap] [smith.GetFirstName]Â§! focuses on [smith.GetHerHis] task and produces a superior piece of work.;;;;;;;;;;;Ã’Ã¥Ã¯Ã¥Ã°Ã¼ [From.GetSmithMalePrefix][From.GetFirstName][From.GetSmithFemalePostfix] Ã±Ã®Ã±Ã°Ã¥Ã¤Ã®Ã²Ã®Ã·Ã¨Ã²Ã±Ã¿ Ã­Ã  Ã±Ã¢Ã®Ã¥Ã© Ã§Ã Ã¤Ã Ã·Ã¥, Ã·Ã²Ã®Ã¡Ã» Ã±Ã¤Ã¥Ã«Ã Ã²Ã¼ Ã°Ã Ã¡Ã®Ã²Ã³ Ã­Ã Ã¨Ã«Ã³Ã·Ã¸Ã¨Ã¬ Ã®Ã¡Ã°Ã Ã§Ã®Ã¬.;;x
smith_lover_elopes_tt;Â§Y[smith_event_target.GetTitledFirstName]Â§! elopes with Â§Y[smith.GetMasterMistressCap] [smith.GetFirstName]Â§!.;;;;;;;;;;;[smith_event_target.GetTitledFirstName] Ã±Ã¡Ã¥Ã¦Ã¨Ã² Ã¢Ã¬Ã¥Ã±Ã²Ã¥ Ã± Ã­[From.GetEyIm].;;x
student_of_language_tt;Â§Y[Root.GetTitledFirstName]Â§! gets 'Â§YStudent of LanguageÂ§!', giving Â§G+1Â§! Learning.;;;;;;;;;;;Â§Y[Root.GetTitledFirstName]Â§! Ã¯Ã®Ã«Ã³Ã·Ã¨Ã² Ã¬Ã®Ã¤Ã¨Ã´Ã¨ÃªÃ Ã²Ã®Ã° Â§YÃˆÃ§Ã³Ã·Ã Ã¥Ã² Ã¿Ã§Ã»ÃªÂ§!, ÃªÃ®Ã²Ã®Ã°Ã»Ã© Ã¤Ã Â¸Ã² Â§G+1Â§! Ãª Ã®Ã¡Ã°Ã Ã§Ã®Ã¢Ã¢Ã Ã­Ã­Ã®Ã±Ã²Ã¨.;;x
surrender_tributary_event_tt;Send a letter offering a peaceful resolution to this conflict by agreeing to become the tributary of Â§Y[tribute_war_suzerain.GetTitledName]Â§!.;;;;;;;;;;;ÃÃ²Ã¯Ã°Ã Ã¢Ã¨Ã²Ã¼ Ã¯Ã¨Ã±Ã¼Ã¬Ã® Ã± Ã¯Ã°Ã¥Ã¤Ã«Ã®Ã¦Ã¥Ã­Ã¨Ã¥Ã¬ Ã¬Ã¨Ã°Ã­Ã®Ã£Ã® Ã°Ã Ã§Ã°Ã¥Ã¸Ã¥Ã­Ã¨Ã¿ ÃªÃ®Ã­Ã´Ã«Ã¨ÃªÃ²Ã , Ã±Ã®Ã£Ã«Ã Ã±Ã¨Ã¢Ã¸Ã¨Ã±Ã¼ Ã±Ã²Ã Ã²Ã¼ Ã¤Ã Ã­Ã­Ã¨ÃªÃ®Ã¬ (Ã±Ã Ã²Ã¥Ã«Ã«Ã¨Ã²Ã®Ã¬) Ã£Ã®Ã±Ã³Ã¤Ã Ã°Ã±Ã²Ã¢Ã , ÃªÃ®Ã²Ã®Ã°Ã»Ã¬ Ã¯Ã°Ã Ã¢Ã¨Ã² Â§Y[tribute_war_suzerain.GetTitledFirstName]Â§!.;;x
surrender_tributary_tt;Â§Y[This.GetTitledFirstName]Â§! will have the opportunity offer a peaceful resolution by agreeing to become the tributary of Â§Y[Root.GetTitledName]Â§!.;;;;;;;;;;;Â§Y[This.GetTitledFirstName]Â§! Ã¯Ã°Ã¨ Ã¦Ã¥Ã«Ã Ã­Ã¨Ã¨ Ã±Ã¬Ã®Ã¦Ã¥Ã² Ã¯Ã°Ã¥Ã¤Ã«Ã®Ã¦Ã¨Ã²Ã¼ Ã¬Ã¨Ã°Ã­Ã®Ã¥ Ã°Ã Ã§Ã°Ã¥Ã¸Ã¥Ã­Ã¨Ã¥ ÃªÃ®Ã­Ã´Ã«Ã¨ÃªÃ²Ã , Ã±Ã®Ã£Ã«Ã Ã±Ã¨Ã¢Ã¸Ã¨Ã±Ã¼ Ã±Ã²Ã Ã²Ã¼ Ã¤Ã Ã­Ã­Ã¨ÃªÃ®Ã¬ (Ã±Ã Ã²Ã¥Ã«Ã«Ã¨Ã²Ã®Ã¬) Ã£Ã®Ã±Ã³Ã¤Ã Ã°Ã±Ã²Ã¢Ã , ÃªÃ®Ã²Ã®Ã°Ã»Ã¬ Ã¯Ã°Ã Ã¢Ã¨Ã² Â§Y[Root.GetTitledFirstName]Â§!.;;x
this_may_take_some_time_tt;This will take time...\n;;;;;;;;;;;ÃÃ²Ã® Ã§Ã Ã©Ã¬Â¸Ã² Ã­Ã¥ÃªÃ®Ã²Ã®Ã°Ã®Ã¥ Ã¢Ã°Ã¥Ã¬Ã¿...\n;;x
title_administrator_modifier_tt;Has earned an academic degree by passing the imperial examinations in China;;;;;;;;;;;Ã„Ã®Ã«Ã¦Ã¥Ã­ Ã¡Ã»Ã²Ã¼ Ã¯Ã°Ã®Ã©Ã¤Ã¥Ã² Ã¨Ã¬Ã¯Ã¥Ã°Ã Ã²Ã®Ã°Ã±ÃªÃ¨Ã© Ã½ÃªÃ§Ã Ã¬Ã¥Ã­ Ã¢ ÃŠÃ¨Ã²Ã Ã¥ Ã­Ã  Ã¯Ã®Ã«Ã³Ã·Ã¥Ã­Ã¨Ã¥ Ã ÃªÃ Ã¤Ã¥Ã¬Ã¨Ã·Ã¥Ã±ÃªÃ®Ã© Ã±Ã²Ã¥Ã¯Ã¥Ã­Ã¨;;x
title_master_engineer_modifier_tt;Is a Chinese master engineer;;;;;;;;;;;ÃÃ³Ã¦Ã­Ã® Ã¡Ã»Ã²Ã¼ ÃªÃ¨Ã²Ã Ã©Ã±ÃªÃ¨Ã¬ Ã£Ã«Ã Ã¢Ã­Ã»Ã¬ Ã¨Ã­Ã¦Ã¥Ã­Ã¥Ã°Ã®Ã¬;;x
title_strategist_modifier_tt;Has a thorough education in Chinese strategy of war;;;;;;;;;;;ÃÃ¡Ã«Ã Ã¤Ã Ã¥Ã² Ã£Ã«Ã³Ã¡Ã®ÃªÃ¨Ã¬Ã¨ Ã§Ã­Ã Ã­Ã¨Ã¿Ã¬Ã¨ Ã¢ Ã®Ã¡Ã«Ã Ã±Ã²Ã¨ ÃªÃ¨Ã²Ã Ã©Ã±ÃªÃ®Ã© Ã¢Ã®Ã¥Ã­Ã­Ã®Ã© Ã±Ã²Ã°Ã Ã²Ã¥Ã£Ã¨Ã¨;;x
tooltip_obj_strengthen_religion;To complete the ambition you need to perform Â§Y3Â§! of the following tasks:\n Â§Y*Â§! Win a Holy War\n Â§Y*Â§! Successfully defend against a Holy War\n Â§Y*Â§! Construct a Temple\n Â§Y*Â§! Convert a Province to [This.Religion.GetName]\n Â§Y*Â§! Complete a Special Opportunity\nNote that you can complete the same task multiple times.\n\nTasks currently completed: Â§G[This.strengthen_religion.GetValue]Â§!;;;;;;;;;;;Ã—Ã²Ã®Ã¡Ã» Ã³Ã¤Ã®Ã¢Ã«Ã¥Ã²Ã¢Ã®Ã°Ã¨Ã²Ã¼ Ã Ã¬Ã¡Ã¨Ã¶Ã¨Ã¾, Ã‚Ã Ã¬ Ã­Ã³Ã¦Ã­Ã® Ã¢Ã»Ã¯Ã®Ã«Ã­Ã¨Ã²Ã¼ Ã«Ã¾Ã¡Ã»Ã¥ Â§Y3Â§! Ã¨Ã§ Ã±Ã«Ã¥Ã¤Ã³Ã¾Ã¹Ã¨Ãµ Ã§Ã Ã¤Ã Ã·:\n Â§Y*Â§! ÃÃ®Ã¡Ã¥Ã¤Ã¨Ã²Ã¼ Ã¢ Ã±Ã¢Ã¿Ã¹Ã¥Ã­Ã­Ã®Ã© Ã¢Ã®Ã©Ã­Ã¥\n Â§Y*Â§! Ã“Ã±Ã¯Ã¥Ã¸Ã­Ã® Ã§Ã Ã¹Ã¨Ã²Ã¨Ã²Ã¼Ã±Ã¿ Ã¢ Ã±Ã¢Ã¿Ã¹Ã¥Ã­Ã­Ã®Ã© Ã¢Ã®Ã©Ã­Ã¥\n Â§Y*Â§! ÃÃ®Ã±Ã²Ã°Ã®Ã¨Ã²Ã¼ Ã•Ã°Ã Ã¬\n Â§Y*Â§! ÃÃ¡Ã°Ã Ã²Ã¨Ã²Ã¼ Ã®ÃªÃ°Ã³Ã£ Ã¢ [This.GetReligionFullName]\n Â§Y*Â§! Ã‚Ã®Ã±Ã¯Ã®Ã«Ã¼Ã§Ã®Ã¢Ã Ã²Ã¼Ã±Ã¿ Ã®Ã±Ã®Ã¡Ã®Ã© Ã¢Ã®Ã§Ã¬Ã®Ã¦Ã­Ã®Ã±Ã²Ã¼Ã¾\nÃ‚Ã» Ã¬Ã®Ã¦Ã¥Ã²Ã¥ Ã¢Ã»Ã¯Ã®Ã«Ã­Ã¨Ã²Ã¼ Ã®Ã¤Ã­Ã® Ã¨ Ã²Ã® Ã¦Ã¥ Ã§Ã Ã¤Ã Ã­Ã¨Ã¥ Ã­Ã¥Ã±ÃªÃ®Ã«Ã¼ÃªÃ® Ã°Ã Ã§.\nÃ‚ Ã­Ã Ã±Ã²Ã®Ã¿Ã¹Ã¨Ã© Ã¬Ã®Ã¬Ã¥Ã­Ã² Ã¢Ã»Ã¯Ã®Ã«Ã­Ã¥Ã­Ã®: Â§G[This.strengthen_religion.GetValue]Â§!;;x
tooltip_silk_road_required;Must have a realm province located on the Silk Road;;;;;;;;;;;ÃÃ³Ã¦Ã­Ã®, Ã·Ã²Ã®Ã¡Ã» ÃµÃ®Ã²Ã¿ Ã¡Ã» Ã®Ã¤Ã¨Ã­ Ã®ÃªÃ°Ã³Ã£ Ã±Ã²Ã°Ã Ã­Ã» Ã¡Ã»Ã« Ã°Ã Ã±Ã¯Ã®Ã«Ã®Ã¦Ã¥Ã­ Ã­Ã  Ã˜Â¸Ã«ÃªÃ®Ã¢Ã®Ã¬ Ã¯Ã³Ã²Ã¨;;x
trade_competition_build_city_TT;To win the competition you must be the first to construct a new city holding in a Silk Road province before five years have passed.;;;;;;;;;;;Ã—Ã²Ã®Ã¡Ã» Ã¢Ã»Ã¨Ã£Ã°Ã Ã²Ã¼ Ã±Ã®Ã±Ã²Ã¿Ã§Ã Ã­Ã¨Ã¥, Ã‚Ã Ã¬ Ã­Ã³Ã¦Ã­Ã® Ã¯Ã®Ã±Ã²Ã°Ã®Ã¨Ã²Ã¼ Ã­Ã®Ã¢Ã» Ã£Ã®Ã°Ã®Ã¤ Ã¢ Ã®Ã¤Ã­Ã®Ã¬ Ã¨Ã§ Ã®ÃªÃ°Ã³Ã£Ã®Ã¢ Ã˜Â¸Ã«ÃªÃ®Ã¢Ã®Ã£Ã® Ã¯Ã³Ã²Ã¨ Ã°Ã Ã­Ã¼Ã¸Ã¥ Ã¤Ã°Ã³Ã£Ã¨Ãµ Ã¤Ã® Ã¨Ã±Ã²Ã¥Ã·Ã¥Ã­Ã¨Ã¿ Ã¯Ã¿Ã²Ã¨Ã«Ã¥Ã²Ã­Ã¥Ã£Ã® Ã±Ã°Ã®ÃªÃ .;;x
trade_competition_prestige_halftime_loser_TT;Obtain a higher prestige than the other contestants to win the competition.;;;;;;;;;;;Ã…Ã¹Â¸ Ã­Ã¥ Ã¯Ã®Ã§Ã¤Ã­Ã® Ã³Ã«Ã³Ã·Ã¸Ã¨Ã²Ã¼ Ã±Ã¢Ã®Ã© Ã¯Ã®ÃªÃ Ã§Ã Ã²Ã¥Ã«Ã¼ Ã¯Ã°Ã¥Ã±Ã²Ã¨Ã¦Ã . ÃÃ¡Ã®Ã©Ã¤Ã¨Ã²Ã¥ Ã¤Ã°Ã³Ã£Ã¨Ãµ Ã³Ã·Ã Ã±Ã²Ã­Ã¨ÃªÃ®Ã¢ Ã±Ã®Ã±Ã²Ã®Ã¿Ã§Ã Ã­Ã¨Ã¿, Ã·Ã²Ã®Ã¡Ã» Ã¯Ã®Ã¡Ã¥Ã¤Ã¨Ã²Ã¼.;;x
trade_competition_prestige_halftime_winner_TT;Continue having the highest prestige of all contestants to win the competition.;;;;;;;;;;;Ã‚Ã Ã¸ Ã¯Ã®ÃªÃ Ã§Ã Ã²Ã¥Ã«Ã¼ Ã¯Ã°Ã¥Ã±Ã²Ã¨Ã¦Ã  Ã¢Ã»Ã¸Ã¥ Ã·Ã¥Ã¬ Ã³ Ã¤Ã°Ã³Ã£Ã¨Ãµ Ã³Ã·Ã Ã±Ã²Ã­Ã¨ÃªÃ®Ã¢ Ã±Ã®Ã±Ã²Ã¿Ã§Ã Ã­Ã¨Ã¿. ÃÃ°Ã®Ã¤Ã®Ã«Ã¦Ã Ã©Ã²Ã¥ Ã¢ Ã²Ã®Ã¬ Ã¦Ã¥ Ã¤Ã³ÃµÃ¥ Ã¨ Ã¯Ã®Ã¡Ã¥Ã¤Ã¨Ã²Ã¥.;;x
trade_competition_prestige_TT;To win the competition you must have the highest Â§YPrestigeÂ§! among all competitors after five years have passed.;;;;;;;;;;;Ã—Ã²Ã®Ã¡Ã» Ã¢Ã»Ã¨Ã£Ã°Ã Ã²Ã¼ Ã±Ã®Ã±Ã²Ã¿Ã§Ã Ã­Ã¨Ã¥, Ã‚Ã» Ã¤Ã®Ã«Ã¦Ã­Ã» Ã¨Ã¬Ã¥Ã²Ã¼ Ã±Ã Ã¬Ã»Ã© Ã¢Ã»Ã±Ã®ÃªÃ¨Ã© Ã¯Ã®ÃªÃ Ã§Ã Ã²Ã¥Ã«Ã¼ Â§YÃ¯Ã°Ã¥Ã±Ã²Ã¨Ã¦Ã Â§! Ã±Ã°Ã¥Ã¤Ã¨ Ã¥Ã£Ã® Ã³Ã·Ã Ã±Ã²Ã­Ã¨ÃªÃ®Ã¢ Ãª Ã¬Ã®Ã¬Ã¥Ã­Ã²Ã³ Ã®ÃªÃ®Ã­Ã·Ã Ã­Ã¨Ã¿ Ã¯Ã¿Ã²Ã¨Ã«Ã¥Ã²Ã­Ã¥Ã£Ã® Ã±Ã°Ã®ÃªÃ .;;x
tributary_independence_china_tt;You will NOT be able to become a tributary of China for the next 30 years or until the ruling dynasty of China has changed.;;;;;;;;;;;Ã‚Ã» ÃÃ… Ã±Ã¬Ã®Ã¦Ã¥Ã²Ã¥ Ã±Ã²Ã Ã²Ã¼ Ã¤Ã Ã­Ã­Ã¨ÃªÃ®Ã¬ (Ã±Ã Ã²Ã¥Ã«Ã«Ã¨Ã²Ã®Ã¬) ÃŠÃ¨Ã²Ã Ã¿ Ã¢ Ã±Ã«Ã¥Ã¤Ã³Ã¾Ã¹Ã¨Ã¥ 30 Ã«Ã¥Ã², Ã«Ã¨Ã¡Ã® Ã¤Ã® Ã²Ã¥Ãµ Ã¯Ã®Ã°, Ã¯Ã®ÃªÃ  Ã­Ã¥ Ã±Ã¬Ã¥Ã­Ã¨Ã²Ã±Ã¿ Ã¥Ã£Ã® Ã¯Ã°Ã Ã¢Ã¿Ã¹Ã Ã¿ Ã¤Ã¨Ã­Ã Ã±Ã²Ã¨Ã¿.;;x
tribute_interaction_level3_education_tt;Has a good education;;;;;;;;;;;Ã•Ã®Ã°Ã®Ã¸Ã¥Ã¥ Ã®Ã¡Ã°Ã Ã§Ã®Ã¢Ã Ã­Ã¨Ã¥;;x
tribute_interaction_level4_education_tt;Has an excellent education;;;;;;;;;;;ÃÃ°Ã¥Ã¢Ã®Ã±ÃµÃ®Ã¤Ã­Ã®Ã¥ Ã®Ã¡Ã°Ã Ã§Ã®Ã¢Ã Ã­Ã¨Ã¥;;x
war_with_other_tributary_tt;You are NOT defending against another tributary of [offmap_china.GetShortName];;;;;;;;;;;Ã“Ã¡Ã¥Ã¤Ã¨Ã²Ã¥Ã±Ã¼, Ã·Ã²Ã® ÃÃ… Ã¢Ã¥Ã¤Â¸Ã²Ã¥ Ã®Ã¡Ã®Ã°Ã®Ã­Ã¨Ã²Ã¥Ã«Ã¼Ã­Ã³Ã¾ Ã¢Ã®Ã©Ã­Ã³ Ã¯Ã°Ã®Ã²Ã¨Ã¢ Ã¤Ã°Ã³Ã£Ã®Ã£Ã® Ã±Ã Ã²Ã²Ã¥Ã«Ã¨Ã²Ã  (Ã¤Ã Ã­Ã­Ã¨ÃªÃ ) ÃˆÃ¬Ã¯Ã¥Ã°Ã¨Ã¨ [offmap_china.GetShortName];;x
will_leave_for_china_tt;Â§Y[This.GetTitledName]Â§! will leave [This.GetHerHis] current life behind and make a new one for [This.GetHerselfHimself] in the distant East.\n;;;;;;;;;;;Â§Y[This.GetTitledName]Â§! Ã®Ã±Ã²Ã Ã¢Ã¨Ã² Ã±Ã¢Ã®Ã¾ Ã­Ã»Ã­Ã¥Ã¸Ã­Ã¾Ã¾ Ã¦Ã¨Ã§Ã­Ã¼ Ã¯Ã®Ã§Ã Ã¤Ã¨, Ã·Ã²Ã®Ã¡Ã» Ã­Ã Ã·Ã Ã²Ã¼ Ã­Ã®Ã¢Ã³Ã¾ Ã­Ã  Ã¤Ã Ã«Â¸ÃªÃ®Ã¬ Ã‚Ã®Ã±Ã²Ã®ÃªÃ¥.\n;;x
will_receive_a_letter;You make a stop for the evening. Your [person_missed.GetRootRelation] will receive a letter with your thoughts and well-wishes.\n;;;;;;;;;;;Ã‘Ã¤Ã¥Ã«Ã Ã²Ã¼ Ã®Ã±Ã²Ã Ã­Ã®Ã¢ÃªÃ³, Ã·Ã²Ã®Ã¡Ã» Ã­Ã Ã¯Ã¨Ã±Ã Ã²Ã¼ Ã¯Ã¨Ã±Ã¼Ã¬Ã® Ã±Ã¢Ã®[person_missed.GetHerHim] [person_missed.GetRootRelationDAT].\n;;x
will_return_to_china_tt;Â§Y[This.GetTitledName]Â§! will leave [This.GetHerHis] life at court and return home to the distant [offmap_china.GetFullName].;;;;;;;;;;;Â§Y[This.GetTitledName]Â§! Ã®Ã±Ã²Ã Ã¢Ã¨Ã² Ã±Ã¢Ã®Ã¾ Ã¯Ã°Ã¨Ã¢Ã»Ã·Ã­Ã³Ã¾ Ã¦Ã¨Ã§Ã­Ã¼ Ã¯Ã°Ã¨ Ã¤Ã¢Ã®Ã°Ã¥ Ã¨ Ã¢Ã¥Ã°Ã­Â¸Ã²Ã±Ã¿ Ã¤Ã®Ã¬Ã®Ã© Ã¢ Â§YÃ¨Ã¬Ã¯Ã¥Ã°Ã¨Ã¾ [offmap_china.GetShortName]Â§!.;;x
you_dont_get_away_tt;you getting away, but becoming injured!\n;;;;;;;;;;;Ã‚Ã» Ã±Ã¡Ã¥Ã¦Ã¨Ã²Ã¥, Ã­Ã® Ã¡Ã³Ã¤Ã¥Ã²Ã¥ Ã°Ã Ã­Ã¥Ã­Ã»!\n;;x
you_get_a_cold_of_some_sort_tt;You develop a cold of some sort, from being out in the cold all night.\n;;;;;;;;;;;Ã‚Ã» Ã¯Ã°Ã®Ã±Ã²Ã³Ã¤Ã¨Ã²Ã¥Ã±Ã¼ Ã¨Ã§-Ã§Ã  Ã²Ã®Ã£Ã®, Ã·Ã²Ã® Ã¢Ã±Ã¾ Ã­Ã®Ã·Ã¼ Ã¯Ã°Ã®Ã¢Ã¥Ã«Ã¨ Ã­Ã  ÃµÃ®Ã«Ã®Ã¤Ã¥.\n;;x
you_get_away_tt;you making it out alive and carry on with your journey.\n;;;;;;;;;;;Ã‚Ã» Ã®Ã±Ã²Ã Ã­Ã¥Ã²Ã¥Ã±Ã¼ Ã¦Ã¨Ã¢Ã» Ã¨ Ã¯Ã°Ã®Ã¤Ã®Ã«Ã¦Ã¨Ã²Ã¥ Ã±Ã¢Ã®Â¸ Ã¯Ã³Ã²Ã¥Ã¸Ã¥Ã±Ã²Ã¢Ã¨Ã¥.\n;;x
you_will_be_killed_in_a_duel_tt;being slain in personal combat with Â§Y[From.GetTitledFirstName]Â§!!\n;;;;;;;;;;;Â§Y[From.GetTitledFirstName]Â§! Ã³Ã¡Ã¼Â¸Ã² Ã‚Ã Ã± Ã¢ Ã¯Ã®Ã¥Ã¤Ã¨Ã­ÃªÃ¥!\n;;x
